 Sneaky undead fowl;Stiekeme ondode kip
'Beedy-eye' Jones;'Beedy-eye' Jones
'Beefy' Burns;'Vlezige' brandwonden
'Betty' B.Boppin;'Betty' B.Boppin
'Bird's-Eye' Jack;'Vogeloog' Jack
'Birds-Eye' Jack;'Vogeloog' Jack
'Black-eye';'Zwart oog'
'Currency' The Alchemist;'Valuta' De Alchemist
'Eagle-eye' Shultz;'Adelaarsoog' Shultz
'Gummy';'Kleverig'
'Lecherous' Lee;'Wolstige' Lee
'No fingers';'Geen vingers'
'Picarron' Pete;'Picarron' Piet
'Sticky' Sanders;'Kleverige' Sanders
'The Guns';'De geweren'
'Transmute' The Alchemist;'Transmuteer' de alchemist
1337sp34kr;1337sp34kr 
50% Luke;50% Lucas
? ? ? ?;? ? ? ?
A Doubt;Een twijfel
A pile of broken glass;Een stapel gebroken glas
A'abla;A'abla
Abbot Langley;Abt Langley
Aberab;Aberab
Aberrant spectre;Afwijkend spook
Abhorrent spectre;Afschuwelijk spook
Abidor Crank;Abidor-crank
Abigaila;Abigaïla
Abigale;Abigale
Abomination;Gruwel
Abyssal Sire;Abyssale vader
Abyssal demon;Abyssale demon
Abyssal guardian;Abyssale bewaker
Abyssal leech;Abyssale bloedzuiger
Abyssal orphan;Afgrond wees
Abyssal walker;Abyssale wandelaar
Account Guide;Accountgids
Account security tutor;Docent accountbeveiliging
Achietties;Prestaties
Acidic Bloodveld;Zuur Bloedveld
Acorn;Eikel
Adamant dragon;Adamante draak
Adamantite ore;Adamantitisch erts
Adventurer;Avonturier
Adventurer (easy);Avonturier (makkelijk)
Adventurer Jon;Avonturier Jon
Advisor Ghrim;Adviseur Ghrim
Aemad;Aemad
Aeonisig Raispher;Aeonisig Raispher
Afflicted;Getroffen
Afflicted(Razmire);Getroffen (Razmire)
Afflicted(Ulsquire);Getroffen (Ulsquire)
Afrah;Afrah
Aga;Nogmaals
Aggie;Aggie
Agility Boss;Behendigheid baas
Agility Instructor;Agility-instructeur
Agility Trainer;Behendigheidstrainer
Agmundi;Agmundi
Agnar;Agnar
Agrith Naar;Agrith Naar
Agrith Naar (hard);Agrith Naar (hard)
Agrith-Na-Na;Agrith-Na-Na
Agrith-Na-Na (hard);Agrith-Na-Na (hard)
Ahab;Achab
Ahrim the Blighted;Ahrim de Verwoeste
Air elemental;Lucht elementair
Air wizard;Lucht tovenaar
Aisles;Gangpaden
Aivas;Aiva's
Ajjat;Ajjat
Ak-Haranu;Ak-Haranu
Akthanakos;Akthanakos
Al Shabim;Al Shabim
Al the Camel;Al de Kameel
Al-Kharid warrior;Al-Kharid-krijger
Alain;Alain
Alan;Alan
Albino bat;Albino vleermuis
Alchemical Hydra;Alchemistische Hydra
Alchemy Guardian;Alchemie Bewaker
Alec Kincade;Alec Kincade
Aleck;Aleck
Alek Constantine;Alek Constantijn
Alexander;Alexander
Alexandra;Alexandra
Alexis;Alexis
Alfonse the waiter;Alfonse de ober
Ali Morrisane;Ali Morrisane
Ali The barman;Ali De barman
Ali the Camel;Ali de Kameel
Ali the Camel Man;Ali de Kameelman
Ali the Carter;Ali de Carter
Ali the Farmer;Ali de boer
Ali the Guard;Ali de Garde
Ali the Hag;Ali de Hag
Ali the Kebab seller;Ali de Kebab-verkoper
Ali the Leaflet Dropper;Ali de Leaflet-druppelaar
Ali the Mayor;Ali de burgemeester
Ali the Operator;Ali de exploitant
Ali the Smith;Ali de Smid
Ali the Snake Charmer;Ali de slangenbezweerder
Ali the Tailor;Ali de kleermaker
Ali the dyer;Ali de verver
Alice;Alice
Alice the Camel;Alice de Kameel
Alice's husband;Alice's echtgenoot
Allanna;Allanna
Almera;Almera
Alomone;Alleen
Alrena;Alrena
Alrik;Alrik
Alry the Angler;Alry de visser
Altar;Altaar
Altarkiz;Altarkis
Aluft Gianne snr.;Aluft Gianne snr.
Alviss;Alvis
Alwyn;Alwyn
Alyssa;Alyssa
Ambassador Alvijar;Ambassadeur Alvijar
Ambassador Ferrnook;Ambassadeur Ferrnook
Ambassador Gimblewap;Ambassadeur Gimblewap
Ambassador Spanfipple;Ambassadeur Spanfipple
Amelia;Amelia
Ammonite Crab;Ammoniet Krab
Amrod;Amrod
Amy;Amy
An old Dwarf;Een oude dwerg
Ana;Ana
Anaire;Anaire
Ancient Fungi;Oude schimmels
Ancient Ghost;Oude geest
Ancient Guardian;Oude bewaker
Ancient Wizard;Oude tovenaar
Ancient Wyvern;Oude Wyvern
Ancient Zygomite;Oude Zygomiet
Ancient monkey;Oude aap
Andiess Juip;Andies Juip
Andras;Andras
Andrea;Andrea
Andros Mai;Andros Mai
Aneirin;Aneirin
Angel;Engel
Angelo;Angelo
Angry barbarian spirit;Boze barbaarse geest
Angry bear;Boze beer
Angry giant rat;Boze gigantische rat
Angry goblin;Boze kobold
Angry unicorn;Boze eenhoorn
Animated Adamant Armour;Geanimeerd Adamant pantser
Animated Black Armour;Geanimeerd zwart pantser
Animated Bronze Armour;Geanimeerd bronzen pantser
Animated Iron Armour;Geanimeerd ijzeren harnas
Animated Mithril Armour;Geanimeerd Mithril-pantser
Animated Rune Armour;Geanimeerd runenpantser
Animated Steel Armour;Geanimeerd stalen pantser
Animated spade;Geanimeerde schop
Animated steel armour;Geanimeerd stalen pantser
Anita;Anita
Anja;Anja
Ankou;Ankou
Anleif;Anleif
Anna;Anna
Anna Jones;Anna Jones
Anne Isaakson;Anne Isaakson
Annette;Annet
Annoyed guardian mummy;Geërgerde voogd mama
Anton;Anton
Anwen;Anwen
Apmeken;Apmeken
Apothecary;Apotheker
Apprentice;Leerling
Apprentice (medium);Leerling (middel)
Apprentice workman;Leerling werkman
Aranwe;Aranwe
Archaeological expert;Archeologisch deskundige
Archaeologist;Archeoloog
Archeio;Archeio
Archer;Boogschutter
Archpriest of the Unicorn;Aartspriester van de Eenhoorn
Arcis;Arcis
Aredhel;Aredhel
Aretha;Aretha
Arhein;Arhein
Arianwyn;Arianwyn
Arianwyn (hard);Arianwyn (hard)
Aristarchus;Aristarchus
Armadylean guard;Armadylaanse bewaker
Armod;Armod
Armour salesman;Wapenverkoper
Armoured Foe;Gepantserde vijand
Armourer (tier 1);Wapenmeester (niveau 1)
Armourer (tier 2);Wapenmeester (niveau 2)
Armourer (tier 3);Wapenmeester (niveau 3)
Armourer (tier 4);Wapenmeester (niveau 4)
Armourer (tier 5);Wapenmeester (niveau 5)
Army Commander;Legercommandant
Arno;Arno
Arnold Lydspor;Arnold Lydspor
Arnor;Arnor
Arrg;Arg
Arrg (hard);Arg (moeilijk)
Arsen the Thief;Arsen de dief
Art;Kunst
Art Critic Jacques;Kunstcriticus Jacques
Arthur;Arthur
Arthur the Clue Hunter;Arthur de aanwijzingenjager
Artimeus;Artimeus
Artur Hosidius;Arthur Hosidius
Arvel;Arvel
Arzinian Avatar of Magic;Arziniaanse Avatar van Magie
Arzinian Avatar of Ranging;Arziniaanse avatar van Ranging
Arzinian Avatar of Strength;Arziniaanse avatar van kracht
Arzinian Being of Bordanzan;Arziniaans wezen van Bordanzan
Ash;As
Ashild;Ashild
Askeladden;Askeladden
Assassin;Moordenaar
Assistant;Assistent
Assistant Brock;Assistent Brock
Assistant Le Smith;Assistent Le Smith
Assistant Lori;Assistent Lori
Assistant Marrow;Assistent Merg
Assistant Serf;Assistent Serf
Assistant Stan;Assistent Stan
Asteros Arceuus;Asteros Arceus
Asyff;Asyff
Asyn Shade;Asyn schaduw
Asyn Shadow;Asyn-schaduw
Asyn shadow;Asyn-schaduw
Atlas;Atlas
Aubury;Aubury
Auctioneer;Veilingmeester
Audmann;Audmann
Auguste;Augustus
Aurel;Aurel
Austri;Oostenrijks
Autumn Elemental;Elementair herfst
Ava;Ava
Avan;Avan
Avatar of Creation;Avatar van de schepping
Avatar of Destruction;Avatar van vernietiging
Aviansie;Vogels
Awakened Altar;Ontwaakt altaar
Awowogei;Awowogei
Awusah the Mayor;Awusah de burgemeester
Ayesha;Ayesha
Azzanadra;Azzanadra
Baba Yaga;Baba Yaga
Baby Chinchompa;Baby Chinchompa
Baby Mole;Baby Mol
Baby Mole-rat;Baby Molrat
Baby Roc;Baby Roc
Baby black dragon;Baby zwarte draak
Baby blue dragon;Babyblauwe draak
Baby green dragon;Baby groene draak
Baby impling;Baby impliceren
Baby red dragon;Kleine rode draak
Baby tanglefoot;Baby-wirwarvoet
Badger;Das
Bailey;Bailey
Baker;Bakker
Bakuna;Bakuna
Bald Headed Eagle;Kale Hoofdadelaar
Balfrug Kreeyath;Balfrug Kreeyath
Balloon Animal;Ballondier
Balloon Toad;Ballonpad
Bandit;Bandiet
Bandit Leader;Bandietenleider
Bandit champion;Bandieten kampioen
Bandit shopkeeper;Bandietenwinkelier
Bandosian guard;Bandosiaanse bewaker
Banisoch;Banisoch
Bank guard;Bankwachter
Banker;Bankier
Banker tutor;Bankier docent
Banknote Exchange Merchant;Bankbiljettenwisselaar
Banshee;Banshee
Baraek;Barak
Barb-tailed kebbit;Kebbit met weerhaakstaart
Barbara;Barbara
Barbarian;Barbaar
Barbarian Warlord;Barbaarse krijgsheer
Barbarian guard;Barbaarse garde
Bardur;Bardur
Barfy Bill;Barfy Bill
Barge foreman;Voorman van de binnenvaart
Barge guard;Bewaker van de binnenvaart
Barge workman;Binnenschip werkman
Bark Blamish Snail;Schors Blamish Slak
Barker;Barker
Barlak;Barlak
Barmaid;Barmeisje
Barman;Barman
Barnabus Hurma;Barnabus Hurma
Barrelchest;Vatkist
Barrelchest (hard);Loopkist (hard)
Barricade;Barricade
Bartak;Bartak
Bartender;Barman
Basilisk;Basilisk
Basilisk Knight;Basilisk Ridder
Basilisk Sentinel;Basilisk Sentinel
Basilisk Youngling;Basilisk Youngling
Bast;Bast
Bat;Knuppel
Batt Mellamy;Bat Mellamy
Battle mage;Vecht tegen magiër
Battle tortoise display;Weergave van gevechtsschildpadden
Baxtorian;Baxtoriaans
Bear Cub;Berenwelp
Bearded gorilla;Baardgorilla
Beaver;Bever
Bed;Bed
Bedabin Nomad;Bedabin Nomade
Bedabin Nomad Fighter;Bedabin Nomadenvechter
Bedabin Nomad Guard;Bedabin Nomadenwacht
Bedread the bold;Lees het vetgedrukte
Bee keeper;Bijenhouder
Bees!;Bijen!
Beggar;Bedelaar
Beigarth;Beigarth
Beite;Beite
Bellemorde;Bellemorde
Belona;Belona
Bench;Bank
Benjamin;Benjamin
Benny;Bennie
Bentamir;Bentamir
Bernald;Bernald
Berry;Bes
Berserk barbarian spirit;Een waanzinnige barbaarse geest
Bert;Bert
Betty;Betty
Biblia;Biblia
Big Dave;Grote Dave
Big Snake;Grote slang
Big Wolf;Grote Wolf
Big frog;Grote kikker
BigRedJapan;BigRedJapan
Bill Teach;Bill Leer
Billy;Billy
Billy Goat;Billy Geit
Billy Rehnison;Billy Rehnison
Billy, a guard of Falador;Billy, een bewaker van Falador
Bird;Vogel
Bjorn;Bjorn
Black Cat;Zwarte Kat
Black Guard;Zwarte Garde
Black Guard Berserker;Zwarte Garde Berserker
Black Heather;Zwarte heide
Black Knight;Zwarte Ridder
Black Knight Captain;Kapitein van de Zwarte Ridder
Black Knight Titan;Zwarte Ridder Titaan
Black Knight Titan (hard);Black Knight Titan (hard)
Black bear;Zwarte beer
Black chinchompa;Zwarte chinchompa
Black demon;Zwarte demon
Black demon (hard);Zwarte demon (hard)
Black dragon;Zwarte draak
Black golem;Zwarte golem
Black knight;Zwarte ridder
Black salamander;Zwarte salamander
Black swan;Zwarte zwaan
Black unicorn;Zwarte eenhoorn
Black unicorn Foal;Zwart eenhoorn veulen
Black warlock;Zwarte heksenmeester
Blackjack seller;Blackjack-verkoper
Blaec;Blaec
Blair;Blair
Blandebir;Blandebir
Blanin;Blanin
Blasidar the sculptor;Blasidar de beeldhouwer
Blast Furnace Foreman;Voorman hoogoven
Blessed giant rat;Gezegende gigantische rat
Blessed spider;Gezegende spin
Bloated Toad;Opgeblazen pad
Blood Blamish Snail;Bloedblamish Slak
Blood spawn;Bloed spawnt
Bloodhound;Bloedhond
Bloodveld;Bloedveld
Bloodworm;Bloedworm
Blue Monkey;Blauwe Aap
Blue Opal Director;Blue Opal-regisseur
Blue Opal Secretary;Blauwe Opaal secretaris
Blue Sheep;Blauwe schapen
Blue dragon;Blauwe draak
Blurberry;Wazig
Boar;Zwijn
Boat;Boot
Bob;Bob
Bob Barter (herbs);Bob Barter (kruiden)
Bob, another guard of Falador;Bob, een andere bewaker van Falador
Bobawu;Bobawu
Bobbing fossil;Dobberend fossiel
Body Golem;Lichaam Golem
Bolkoy;Bolkoy
Bologa;Bologna
Bolongo;Bolongo
Bonafido;Bonafido
Boneguard;Botbeschermer
Bones;Botten
Bonzara;Bonzara
Bonzo;Bonzo
Boot;Laars
Border Guard;Grenswacht
Boris;Boris
Bork Sigmundson;Bork Sigmundson
Borrokar;Borrokar
Boulder;Kei
Bouncer;Uitsmijter
Bouncer (hard);Uitsmijter (hard)
Bouquet Mac Hyacinth;Boeket Mac Hyacint
Bow and Arrow salesman;Boog en Pijl verkoper
Boy;Jongen
Brambickle;Brambikkel
Brana;Brana
Branwen;Branwen
Brassican Mage;Brassicaanse Magiër
Bravek;Bravek
Brawler;vechter
Bree;Bree
Breive;Breive
Brendt;Brendt
Breoca;Breoca
Brewer;Brouwer
Brian;Brian
Brian O'Richard;Brian O'Richard
Briget;Briget
Brimstail;Brimstaart
Brine rat;Pekel rat
Broddi;Broddi
Broken Handz;Gebroken Handz
Broken clay golem;Gebroken kleigolem
Bronze dragon;Bronzen draak
Broodoo victim;Broodoo-slachtoffer
Brother Aimeri;Broeder Aimeri
Brother Althric;Broeder Althric
Brother Brace;Broeder Brace
Brother Cedric;Broeder Carlo
Brother Jered;Broeder Jered
Brother Kojo;Broeder Kojo
Brother Maledict;Broeder Maledict
Brother Omad;Broeder Omad
Brother Tranquility;Broeder Rust
Brown Engine Director;Brown Engine-directeur
Brown Engine Secretary;Brown Engine-secretaris
Brugsen Bursen;Brugsen Bursen
Bruise Blamish Snail;Kneuzing Blamish Slak
Brundt the Chieftain;Brundt de hoofdman
Brutal black dragon;Brutale zwarte draak
Brutal blue dragon;Brutale blauwe draak
Brutal green dragon;Brutale groene draak
Brutal red dragon;Brutale rode draak
Bryn;Bryn
Bryophyta;Bryophyta
Bugs;Insecten
Builder;Bouwer
Buinn;Buinn
Bullrush;Bullrush
Bunkdo;Bunkdo
Bunkwicket;Stapelbed
Bunny;Konijntje
Burkor;Burkor
Burntmeat;Verbrand vlees
Burntof;Burntof
Bush snake;Bush-slang
Butler;Butler
Butler Jarvis;Butler Jarvis
Butler Jones;Butler Jones
Butterfly;Vlinder
Cabin Boy Colin;Cabinejongen Colin
Cabin Boy Herbert;Cabinejongen Herbert
Cabin boy;Scheepsjongen
Cabin boy Jenkins;Cabinejongen Jenkins
Caden Azro;Caden Azro
Caerwyn;Caerwyn
Cage;Kooi
Caleb;Kaleb
Calin;Kalijn
Callisto;Callisto
Callisto cub;Callisto-welp
Cam the Camel;Cam de Kameel
Camarst;Camarst
Camel;Kameel
Camel display;Kameel weergave
Camorra;Camorra
Camp dweller;Kampbewoner
Candle maker;Kaarsenmaker
Candle seller;Kaarsenverkoper
Caninelle Draynar;Hond Draynar
Cannoneer;Kanonnier
Cap'n Hand;Kapitein Hand
Cap'n Izzy No-Beard;Kapitein Izzy zonder baard
Capt' Arnav;Kapitein Arnav
Captain;Kapitein
Captain Barnaby;Kapitein Barnaby
Captain Bentley;Kapitein Bentley
Captain Bleemadge;Kapitein Bleemadge
Captain Braindeath;Kapitein Braindeath
Captain Bruce;Kapitein Bruce
Captain Cain;Kapitein Kaïn
Captain Cleive;Kapitein Cleive
Captain Daerkin;Kapitein Daerkin
Captain Dalbur;Kapitein Dalbur
Captain Donnie;Kapitein Donnie
Captain Dudi;Kapitein Dudi
Captain Errdo;Kapitein Errdo
Captain Ginea;Kapitein Ginea
Captain Janaway;Kapitein Janaway
Captain Kalt;Kapitein Kalt
Captain Khaled;Kapitein Khaled
Captain Klemfoodle;Kapitein Klemfoodle
Captain Lamdoo;Kapitein Lamdoo
Captain Lawgof;Kapitein Lawgof
Captain Magoro;Kapitein Magoro
Captain Ned;Kapitein Ned
Captain Ninto;Kapitein Ninto
Captain Pudi;Kapitein Pudi
Captain Rachelle;Kapitein Rachelle
Captain Rimor;Kapitein Rimor
Captain Rovin;Kapitein Rovin
Captain Sdiar;Kapitein Sdiar
Captain Shanks;Kapitein Shanks
Captain Shoracks;Kapitein Shoracks
Captain Siad;Kapitein Siad
Captain Tobias;Kapitein Tobias
Captain Tock;Kapitein Tok
Captain Tom;Kapitein Tom
Carado;Carado
Caranthir;Caranthir
Carl;Karel
Carla;Carla
Carnivorous chinchompa;Vleesetende chinchompa
Carnivus Belamorta;Carnivus Belamorta
Carol;Carol
Caroline;Carolien
Carpenter;Timmerman
Carpenter Kjallak;Timmerman Kjallak
Cart Camel;Kar Kameel
Cart conductor;Kargeleider
Cassie;Cassie
Cat;Kat
Catablepon;Catablepon
Catalina;Catalina
Cave Scenery;Grotlandschap
Cave abomination;Grot gruwel
Cave bug;Grot bug
Cave bug larva;Larve van de grotwants
Cave crawler;Grotkruiper
Cave goblin;Grot-kobold
Cave goblin child;Grotgoblin-kind
Cave goblin guard;Grotgoblin-bewaker
Cave goblin miner;Grotgoblin-mijnwerker
Cave horror;Grot-horror
Cave kraken;Grot kraken
Cave lizard;Grot hagedis
Cave monk;Grot monnik
Cave slime;Grot slijm
Cave snake;Grot slang
Cavemouth;Grotmond
Cavey Davey;Cavey Davey
Cecilia;Cecilia
Celebrian;Celebrisch
Celegorm;Celegorm
Celyn;Celyn
Centaur;Centaur
Ceolburg;Ceolburg
Cerberus;Cerberus
Ceril Carnillean;Ceril Carnillean
Cerulean twitch;Ceruleaanse zenuwtrekking
Ceto;Ceto
Chadwell;Chadwel
Chaeldar;Chaeldar
Chamber guardian;Kamerbewaker
Chancy;Kans
Chaos Elemental;Elementaire chaos
Chaos Elemental Jr.;Chaos Elemental Jr.
Chaos Fanatic;Chaosfanaat
Chaos Golem;Chaos Golem
Chaos druid;Chaos druïde
Chaos druid warrior;Chaos druïde krijger
Chaos dwarf;Chaos dwerg
Chaotic death spawn;Chaotische doodspawn
Charles;Karel
Charles Charlington;Charles Charlington
Charley;Charley
Charlie;Charlie
Charlie Brown;Charlie Bruin
Charlie the Tramp;Charlie de Vagebond
Charlie the cook;Charlie de kok
Charmed Warrior;Gecharmeerde krijger
Chasm Crawler;Chasm-crawler
Checkal;Controle
Cheerleader;Cheerleader
Chef Olivia;Chef-kok Olivia
Chemist;Chemicus
Cheryl;Cheryl
Chicken;Kip
Chief Farmer;Hoofdboer
Chief Tess;Chef Tess
Chief servant;Hoofdbediende
Child;Kind
Chinchompa;Chinchompa
Choke devil;Stik duivel
Chompy bird;Chompige vogel
Chompy chick;Chompige meid
Chronozon;Chronozon
Chronozon (hard);Chronozon (moeilijk)
Chuck;Chuck
Cirdan;Cirdan
City guard;Stadswacht
Civilian;Civiel
Clan Guard;Clanwacht
Claude;Claude
Claus the chef;Claus de chef-kok
Clay golem;Klei golem
Cleaner;Schoner
Cleddyf;Cleddyf
Clerk;Klerk
Clerris;Cleris
Clivet;Clivet
Clockwork cat;Uurwerk kat
Clothears;Kleding
Co-ordinator;Coördinator
Coal;Kolen
Cob;Maïskolf
Cockathrice;Cockathrice
Cockatrice;Basilisk
Coenus;Coenus
Col. O'Niall;Kolonel O'Niall
Colonel Grimsson;Kolonel Grimsson
Colonel Radick;Kolonel Radick
Colossal Hydra;Kolossale Hydra
Combat Instructor;Gevechtsinstructeur
Combat Test;Gevechtsproef
Combat Test (maxhit);Gevechtstest (maxhit)
Combat stone;Gevechtssteen
Commander Connad;Commandant Connad
Commander Fullore;Commandant Fullore
Commander Montai;Commandant Montai
Commander Veldaban;Commandant Veldaban
Commander Zilyana;Commandant Zilyana
Commissioner Anwar;Commissaris Anwar
Competition Judge;Competitie rechter
Confused barbarian;Verwarde barbaar
Confusion beast;Verwarring beest
Conrad King;Conrad Koning
Conwenna;Conwenna
Cook;Kok
Cooking tutor;Kookleraar
Cool Mom227;Coole moeder227
Copper longtail;Koperen lange staart
Copper ore;Kopererts
Corkat quo Sihar;Corkat quo Sihar
Cormorant;Aalscholver
Cornelius;Cornelis
Corporeal Beast;Lichamelijk beest
Corporeal Critter;Lichamelijk beestje
Corpse;Lijk
Corrupt Lizardman;Corrupte Lizardman
Corrupt Lizardman (hard);Corrupte Lizardman (hard)
Corrupted Bat;Beschadigde vleermuis
Corrupted Bear;Corrupte beer
Corrupted Dark Beast;Beschadigd donker beest
Corrupted Dragon;Beschadigde Draak
Corrupted Hunllef;Corrupte Hunllef
Corrupted Rat;Beschadigde rat
Corrupted Scorpion;Beschadigde Schorpioen
Corrupted Spider;Beschadigde spin
Corrupted Unicorn;Corrupte Eenhoorn
Corrupted Wolf;Corrupte Wolf
Corrupted Youngllef;Corrupte Youngllef
Corrupted scavenger;Beschadigde aaseter
Corsair Traitor;Corsair-verrader
Corsair Traitor (hard);Corsair Verrader (hard)
Cosmic Being;Kosmisch Zijn
Council workman;Raadswerkman
Councillor Andrews;Wethouder Andries
Councillor Halgrive;Wethouder Halgrive
Councillor Orson;Wethouder Orson
Councillor Unkar;Wethouder Onkar
Count Check;Telcontrole
Count Draynor;Graaf Draynor
Count Draynor (hard);Graaf Draynor (hard)
Court judge;Rechter van het hof
Cow;Koe
Cow (hard);Koe (hard)
Cow calf;Koe kalf
Cow31337Killer;Koe31337 Moordenaar
Cowardly Bandit;Laffe bandiet
Crab;Krab
Crafting tutor;Docent handwerk
Crate;Krat
Crate goblin;Krat kobold
Crawling Hand;Kruipende hand
Crawling hand;Kruipende hand
Crazy archaeologist;Gekke archeoloog
Creakyknees;Krakende knieën
Crefydd;Crefydd
Crimson swift;Karmozijnrood snel
Crimsonette van Marr;Crimsonnette van Marr
Crocodile;Krokodil
Crondis;Crondis
Crone;Oud wijf
Crow;Kraai
Crunchy;Knapperig
Crusher;Breker
Crushing hand;Verpletterende hand
Crust of ice;Korst van ijs
Crypt rat;Crypte rat
Crypt spider;Crypte spin
Crystal impling;Kristal impliciet
Crystalline Bat;Kristallijne vleermuis
Crystalline Bear;Kristallijne beer
Crystalline Dark Beast;Kristallijn donker beest
Crystalline Dragon;Kristallijne draak
Crystalline Hunllef;Kristallijne Hunllef
Crystalline Rat;Kristallijne rat
Crystalline Scorpion;Kristallijne Schorpioen
Crystalline Spider;Kristallijne spin
Crystalline Unicorn;Kristallijne Eenhoorn
Crystalline Wolf;Kristallijne Wolf
Cuffs;Manchetten
Culinaromancer;Culinaromancer
Culinaromancer (hard);Culinaromancer (hard)
Curator Haig Halen;Conservator Haig Halen
Curly;Krullend
Curpile Fyod;Curpile Fjod
Curufin;Curufin
Customer;Klant
Customs officer;Douanebeambte
Cute creature;Leuk wezen
Cyclops;Cyclopen
Cyreg Paddlehorn;Cyreg Paddlehorn
Cyrisus;Cyrisus
Da Vinci;Da Vinci
Dad;Pa
Dad (hard);Papa (moeilijk)
Daer Krand;Daer Krand
Daero;Daëro
Daga;Daga
Dagannoth;Dagannoth
Dagannoth Prime;Dagannoth Prime
Dagannoth Prime Jr.;Dagannoth Prime Jr.
Dagannoth Rex;Dagannoth Rex
Dagannoth Rex Jr.;Dagannoth Rex Jr.
Dagannoth Supreme;Dagannoth oppermachtig
Dagannoth Supreme Jr.;Dagannoth Supreme jr.
Dagannoth fledgeling;Dagannoth jongeling
Dagannoth mother;Dagannoth moeder
Dagannoth mother (hard);Dagannoth moeder (hard)
Dagannoth spawn;Dagannoth-spawn
Dakh'thoulan Aegis;Dakh'thoulan Aegis
Dalal;Dalal
Dalcian Fang (easy);Dalcian Fang (makkelijk)
Dalila;Dalila
Dallas Jones;Dallas Jones
Dalldav;Dalldav
Damaged clay golem;Beschadigde kleigolem
Damien Leucurte;Damien Leucurte
Damis;Damis
Damis (hard);Damis (hard)
Dampe;Dempen
Damwin;Damwin
Dantaera;Dantaera
Darcor quo Narga;Darcor quo Narga
Dark Ankou;Donker Ankou
Dark Core;Donkere kern
Dark Mage;Donkere Magiër
Dark Squirrel;Donkere eekhoorn
Dark beast;Donker beest
Dark core;Donkere kern
Dark energy core;Kern van donkere energie
Dark kebbit;Donkere kebab
Dark mage;Donkere magiër
Dark warrior;Donkere krijger
Dark wizard;Donkere tovenaar
Darkmeyer Slave;Darkmeyer-slaaf
Darren;Darren
Dartog;Dartog
Darve;Darve
Daryl;Daryl
Dashing kebbit;onstuimige kebbit
Dave;Daaf
Davey;Davey
David;David
David Andrews;David Andries
Davon;Davon
Dawn;Ochtendgloren
Dead Monk;Dode monnik
Dead swamp snake;Dode moerasslang
Deadly red spider;Dodelijke rode spin
Death;Dood
Death spawn;De dood spawnt
Death wing;Dood vleugel
Deathly mage;Dodelijke magiër
Deathly ranger;Dodelijke boswachter
Debra;Debra
Defiler;Bezoedelaar
Del-Monty;Del-Monty
Delrith;Delrith
Demon;Demon
Demon butler;Demonische butler
Demonic gorilla;Demonische gorilla
Denadu;Denadu
Denath;Denath
Denulth;Denulth
Deranged archaeologist;Gestoorde archeoloog
Derni;Derni
Dernu;Dernu
Derrik;Derik
Derse Venator;Derse Venator
Derwen;Derwen
Desert Lizard;Woestijnhagedis
Desert Phoenix;Woestijn Phoenix
Desert Spirit;Woestijn geest
Desert Wolf;Woestijnwolf
Desert eagle;Woestijn adelaar
Desert snake;Woestijn slang
Desmodus Lasiurus;Desmodus Lasiurus
Despoina Callidra;Despoina Callidra
Dessourt;Dessert
Dessourt (hard);Dessert (hard)
Dessous;Dessous
Dessous (hard);Dessous (hard)
Devan Rutter;Devan Rutter
Deviant spectre;Afwijkend spook
Devin Mendelberg;Devin Mendelberg
Dharok the Wretched;Dharok de Ellendige
Diana;Diana
Diango;Diango
Dig Site workman;Graafplaats werkman
Digsite workman;Digisite werkman
Dimintheis;Dimintheis
Diol;Diol
Diphylla Bechstein;Diphylla Bechstein
Dire Wolf;Vreselijke Wolf
Disciple of Iban;Discipel van Iban
Disciple of Yama;Discipel van Yama
Dobwinkle;Dobwinkle
Dock worker;Dokwerker
Dockmaster;Dokmeester
Doctor Orbon;Dokter Orbon
Dodgy Squire;Onbetrouwbare schildknaap
Dog;Hond
Doll;POP
Dominic Onion;Dominicus Ui
Dommik;Dommik
Don;Maffiabaas
Don't Know What;Weet niet wat
Donal;Donal
Dondakan the Dwarf;Dondakan de dwerg
Donie;Donie
Donny the lad;Donny de jongen
Donovan the Family Handyman;Donovan de klusjesman van de familie
Doomion;Noodlot
Doomsayer;Doemzegger
Door;Deur
Door man;Deur man
Door-support;Deursteun
Doric;Dorisch
Doris;Doris
Double agent;Dubbelagent
Doug Deeping;Doug Deeping
Doyen;Doyen
Dr Fenkenstrain;Dr. Fenkenstrain
Dr Ford;Dr. Ford
Dr Harlow;Dr Harlow
Dr Jekyll;Dr. Jekyll
Draconis Sanguine;Draconis Sanguinisch
Dragon display;Draken weergave
Dragon impling;Draak impliciet
Dragonkin;Drakenkin
Drain pipe;Afvoerpijp
Drake;Mannetjeseend
Drasdan Ranor;Drasdan Ranor
Draul Leptoc;Draul Leptoc
Dreven;Dreven
Drew;Drew
Drezel;Drezel
Driftwood;Drijfhout
Drill Sergeant;Boor sergeant
Droalak;Droalak
Drogo dwarf;Drogo-dwerg
Dromund;Dromund
Dromund's cat;Dromunds kat
Dron;Dron
Druid;Druïde
Drunken Ali;Dronken Ali
Drunken Dwarf;Dronken dwerg
Drunken Dwarf's Leg;Het been van een dronken dwerg
Drunken man;Dronken man
Drunken soldier;Dronken soldaat
Dryad;Dryade
Duck;Eend
Duckling;Eendje
Ducklings;Eendjes
Dugopul;Dugopul
Duke;Hertog
Duke Horacio;Hertog Horacio
Dummy;Dummie
Dumpy;Dumpig
Dunce;Dom
Dung;Mest
Dungeon rat;Kerker rat
Dunstan;Dunstan
Duradel;Duradel
Durgok;Durgok
Dusk;Schemering
Dust devil;Stof duivel
Dusty Aliv;Stoffige Aliv
Dusuri;Dusuri
Dwarf;Dwerg
Dwarf gang member;Lid van de dwergbende
Dwarven Boatman;Dwerg Bootsman
Dwarven Engineer;Dwergen Ingenieur
Dwarven Ferryman;Dwerg Veerman
Dwarven Miner;Dwerg Mijnwerker
Eadburg;Eadburg
Eadgar;Eadgar
Eagle;Adelaar
Earth Warrior Champion;Kampioen van de Aardekrijger
Earth elemental;Aarde elementair
Earth impling;Aarde impliciet
Earth warrior;Aarde krijger
Earth wizard;Aarde tovenaar
Earwen;Oorwen
Eblis;Eblis
Echned Zekin;Echned Zekin
Eclectic impling;Eclectische implementatie
Ed;Ed
Ed Wood;Ed Hout
Edmond;Edmond
Edrahil;Edrahil
Eduard;Eduard
Edward;Eduard
Eebel;Eebel
Eek;Eek
Efa;Efa
Effigy;Beeltenis
Egg;Ei
Egg launcher;Eierwerper
Einar;Einar
Eira;Eira
Ek'ans Chan;Ek'ans Chan
Ektheme;Ekthema
Eldalote;Eldalote
Elder Chaos druid;Oudere Chaos-druïde
Elder Gnome child;Ouderling Kabouterkind
Elder Guard;Oudere Garde
Elderly Elf;Oudere elf
Eldgrim;Eldgrim
Elemental balance;Elementaire balans
Elemental rock;Elementaire rots
Elena;Elena
Elena Hosidius;Elena Hosidius
Elenwe;Elenwe
Elf Archer;Elf Boogschutter
Elf Hermit;Elf kluizenaar
Elf Tracker;Elf-tracker
Elf Warrior;Elfenkrijger
Elfinlocks;Elfenlokjes
Elgan;Elgan
Elijah;Elia
Elisabeta;Elisabeth
Elise;Elise
Elissa;Elissa
Elite Void Knight;Elite Void-ridder
Elizabeth;Elisabeth
Elkoy;Elkoy
Elladan;Elladan
Ellen;Ellen
Ellena;Ellena
Ellie;Ellie
Ellis;Ellis
Elly the Camel;Elly de Kameel
Elnock Inquisitor;Elnock-inquisiteur
Elsie;Elsie
Elstan;Elstan
Eluned;geëlueerd
Elvarg;Elvarg
Elvarg (hard);Elvarg (moeilijk)
Elven Scout;Elfenverkenner
Embalmer;Balsemer
Emblem Trader;Emblem-handelaar
Emerald Benedict;Smaragdgroene Benedictus
Emilia;Emilia
Emily;Emily
Enakhra;Enakhra
Enchanted Broom;Betoverde bezem
Enchanted Bucket;Betoverde emmer
Enchantment Guardian;Betoverde bewaker
Enclave guard;Enclave-bewaker
Enel;Enel
Enelye;Enelye
Enerdhil;Enerdhil
Energy focus (blue);Energiefocus (blauw)
Energy focus (green);Energiefocus (groen)
Energy focus (red);Energiefocus (rood)
Energy focus (white);Energiefocus (wit)
Energy sprite;Energiegeest
Engineer;Ingenieur
Engineering assistant;Technische assistent
Enilly;Enilly
Eniola;Eniola
Enoch;Enoch
Enormous Tentacle;Enorme tentakel
Enraged Tektiny;Woedende Tektiny
Enraged barbarian spirit;Woedende barbaarse geest
Ent;Ent
Entomologist;Entomoloog
Entrana firebird;Entrana vuurvogel
Entrance Guardian;Ingangsbewaker
Eodan;Eodan
Eohric;Eohrisch
Eoin;Eoïne
Episcula Helsing;Episcula Helsing
Erdan;Erdan
Erestor;Erestor
Eric;Erik
Ermin;Ermin
Ernest;Ernst
Erodoeht;Erodoeht
Escaping slave;Ontsnappende slaaf
Essence impling;Essentie impliceert
Essyllt;Essyllt
Essyllt (hard);Essylt (hard)
Estate agent;Makelaar
Esther;Ester
Ethereal Expert;Etherische deskundige
Ethereal Fluke;Etherische Fluke
Ethereal Guide;Etherische gids
Ethereal Lady;Etherische dame
Ethereal Man;Etherische mens
Ethereal Mimic;Etherische nabootsing
Ethereal Numerator;Etherische teller
Ethereal Perceptive;Etherisch opmerkzaam
Eudav;Eudav
Eve;Vooravond
Evil Bob;Slechte bob
Evil Chicken;Boze kip
Evil Chicken (hard);Kwade Kip (hard)
Evil Dave;Slechte Dave
Evil creature;Kwaadaardig wezen
Evil spirit;Boze geest
Ewesey;Ewesey
Examiner;Examinator
Executioner;Beul
Experiment;Experiment
Experiment No.2;Experiment nr.2
Ezekial Lovecraft;Ezechiële Lovecraft
Factory Manager;Fabrieksmanager
Factory Worker;Fabrieksarbeider
Fadli;Fadli
Fairy;Fee
Fairy Aeryka;Fee Aeryka
Fairy Fixit;Fee Fixit
Fairy Godfather;Fee peetvader
Fairy Nuff;Fee Nuff
Fairy Queen;Fee Koningin
Fairy Very Wise;Fee heel wijs
Fairy chef;Fee chef-kok
Fairy shop assistant;Fee winkelbediende
Fairy shop keeper;Winkelier van sprookjes
Fake Man;Valse mens
Fallen Man;Gevallen mens
Falo the Bard;Falo de Bard
Fancy Dan;Fancy Daan
Fanellaman;Fanellaman
Fareed;Fareed
Fareed (hard);Tarief (moeilijk)
Farid Morrisane (ores and bars);Farid Morrisane (ertsen en repen)
Farmer;Boer
Farmer Brumty;Boer Brumty
Farmer Fromund;Boer Fromund
Farmer Gricoller;Boer Gricoller
Farmer Hayfield;Boer Hayfield
Farmer's wife;Boerin
Farolt;Farolt
Fat Rocco;Dikke Rocco
Fat Tony;Dikke Ton
Father Aereck;Pater Aereck
Father Badden;Pater Badden
Father Eysseric;Pater Eysserik
Father Jean;Pater Jean
Father Lawrence;Pater Laurens
Father Reen;Vader Reen
Father Urhney;Pater Urney
Fayeth;Fayeth
Feanor;Feanor
Fear reaper;Angst reaper
Felfiz Yaryus;Felfiz Yaryus
Felkrash;Felkrash
Female slave;Slavin
Femi;Femi
Fenkenstrain's Monster;Het monster van Fenkenstrain
Feral Vampyre;Wilde vampier
Ferd;Ferd
Fernahei;Fernahei
Ferocious barbarian spirit;Woeste barbaarse geest
Ferox;Ferox
Ferret;Fret
Ferryman Nathwood;Veerman Nathwood
Ferryman Sathwood;Veerman Sathwood
Fever spider;Koorts spin
Ffoni;Ffoni
Fidelio;Fidelio
Fightslave;Vechtslaaf
Filamina;Filamina
Filliman Tarlock;Filliman Tarlock
Financial Seer;Financiële ziener
Financial Wizard;Financiële tovenaar
Finarfin;Finarfin
Findis;Vindis
Finduilas;Vinduilas
Fingolfin;Fingolfin
Fingon;Fingon
Finn;Finn
Fionella;Fionella
Fior;Fior
Fire Warrior of Lesarkus;Vuurkrijger van Lesarkus
Fire elemental;Elementair vuur
Fire giant;Vuur reus
Fire wizard;Vuur tovenaar
First Mate Deri;Eerste stuurman Deri
First Mate Peri;Eerste stuurman Peri
First mate 'Davey-boy';Eerste stuurman 'Davey-boy'
Fish;Vis
Fish monger;Visboer
Fish shoal;Visschool
Fishbowl;Vissenkom
Fisherman;Visser
Fisherman Frodi;Visser Frodi
Fishing spot;Visplek
Fishing tutor;Docent vissen
Fishmonger;Visboer
Fiyr Shade;Fiyr schaduw
Fiyr Shadow;Fiyr-schaduw
Flambeed;Geflambeerd
Flambeed (hard);Geflambeerd (hard)
Flaming pyrelord;Vlammende pyrelord
Flawed Golem;Gebrekkige Golem
Flax keeper;Vlasbewaarder
Flaygian Screwte;Flaygische Screwte
Flesh Crawler;Vleeskruiper
Flies;Vliegen
Flight Kilisa;Vlucht Kilisa
Flippa;Flippa
Flockleader Geerin;Vlekleider Geerin
Floki;Floki
Florin;Florin
Flosi Dalksson;Flosi Dalksson
Flower;Bloem
Flower Girl;Bloemenmeisje
Fly trap;Vliegenval
Flying Book;Vliegend boek
Flying Vespina;Vliegende Vespina
Flying female vampire;Vliegende vrouwelijke vampier
Flynn;Vliegen
Foreman;Voorman
Forester;Boswachter
Forester (hard);Boswachter (hard)
Forgotten Soul;Vergeten ziel
Former Vampyre;Voormalig vampier
Fornek quo Maten;Fornek quo Maten
Fortress Guard;Vestingwacht
Fortunato;Gelukkig
Fossegrimen;Fossegrimen
Fossil Collector;Fossielenverzamelaar
Fossil Rock;Fossiele rots
Fox;Vos
Fragment of Seren;Fragment van Seren
Francis;Franciscus
Francois;François
Frank;Frank
Frankie;Frankie
Franklin Caranos;Franklin Caranos
Freaky Forester;Vreemde boswachter
Freald;Freald
Fred the Farmer;Fred de Boer
Freidir;Freidir
Freja;Freja
Fremennik Warrior;Fremennik-krijger
Frenita;Frenita
Freygerd;Freygerd
Fridgeir;Koelkastir
Fridleif Shieldson;Fridleif Shieldson
Frincos;Frinco's
Fritz the Glassblower;Fritz de Glasblazer
Frizzy Skernip;Frizzy Skernip
Frog;Kikker
Frog prince;Kikker prins
Frog princess;Kikker prinses
Frogeel;Kikkereel
Froono;Froono
Fuggy;Fuggy
Fullangr;Fullangr
Fungi;Schimmels
Fur trader;Bonthandelaar
Furnace grate;Ovenrooster
Fycie;Fycie
Fyiona Fray (easy);Fyiona Fray (makkelijk)
G.L.O. Caranock;G.L.O. Caranock
GPDT employee;GPDT-medewerker
Gabooty;Gabooty
Gabriela;Gabriëla
Gadderanks;Gadderanks
Gadrin;Gadrin
Gaius;Gaius
Galahad;Galahad
Galana;Galana
Galathil;Galathil
Galina;Galina
Gallow;Galg
Galvek;Galvek
Gamer;Gamer
Gamfred;Gamfred
Gang boss;Bende baas
Gangster;Gangster
Garai;Garai
Garbek quo Maten;Garbek quo Maten
Garden supplier;Tuin leverancier
Gardener;Tuinman
Gardener Ghost;Tuinman geest
Gardener Gunnhild;Tuinman Gunnhild
Gardener Jay Jr.;Tuinman Jay jr.
Gargh;Garg
Gargoyle;Waterspuwer
Garkor;Garkor
Garl;Garl
Garth;Garth
Garv;Garv
Gate of War;Poort van oorlog
Gatekeeper;Poortwachter
Gauss;Gauss
Gee;Goh
Gelatinnoth Mother;Gelatinnoth Moeder
Gelatinnoth Mother (hard);Gelatinnoth Moeder (hard)
Gelin;Gelijn
Gelmir;Gelmir
Gem;Gem
Gem merchant;Edelsteenhandelaar
Gem trader;Edelstenenhandelaar
Gene;Gen
General Babacus;Generaal Babacus
General Bentnoze;Generaal Bentnoze
General Graardor;Generaal Graardor
General Graardor Jr.;Generaal Graardor jr.
General Hining;Generaal Hining
General Khazard;Generaal Khazard
General Kilian;Generaal Kilian
General Salara;Generaal Salara
General Vir;Generaal Vir
General Wartface;Algemeen Wartface
Generic Diplomat;Generieke diplomaat
Genie;Geest
George Laxmeister;George Laxmeister
Georgy;Georgie
Gerald;Gerald
Gerrant;Gerrant
Gertrude;Gertrude
Gertrude's cat;De kat van Gertrude
Gethin;Gethin
Ghaslor the Elder;Ghaslor de Oudere
Ghast;Afschuw
Ghommal;Ghommal
Ghost;Spook
Ghost (?);Spook (?)
Ghost banker;Spookbankier
Ghost captain;Spook kapitein
Ghost disciple;Geest discipel
Ghost farmer;Spookboer
Ghost guard;Spookbewaker
Ghost innkeeper;Spookherbergier
Ghost sailor;Spook matroos
Ghost shopkeeper;Spookwinkelier
Ghost villager;Spookdorpeling
Ghoul;Ghoul
Ghoul Champion;Ghoul-kampioen
Gianne jnr.;Gianne jr.
Giant;Reus
Giant Champion;Gigantische kampioen
Giant Lobster;Reuze Kreeft
Giant Mole;Gigantische mol
Giant Roc;Gigantische Roc
Giant Roc (hard);Giant Roc (hard)
Giant Rock Crab;Reuze rotskrab
Giant Sea Snake;Gigantische zeeslang
Giant Squirrel;Reuze Eekhoorn
Giant bat;Gigantische vleermuis
Giant crypt rat;Reuze crypte rat
Giant crypt spider;Gigantische crypte-spin
Giant frog;Gigantische kikker
Giant lobster;Gigantische kreeft
Giant mosquito;Gigantische mug
Giant rat;Reuze rat
Giant rockslug;Gigantische rotsslak
Giant scarab;Reuze scarabee
Giant scarab (hard);Reuzescarabee (hard)
Giant skeleton;Gigantisch skelet
Giant snail;Reuze slak
Giant spider;Gigantische spin
Gielinor Guide;Gielinor-gids
Giles;Giles
Gileth;Gileth
Gillie Groats;Gillie Groats
Giral bat;Girale vleermuis
Gita Prymes;Gita Prymes
Gladiator;Gladiator
Glenda;Glenda
Glod;Glorie
Glod (hard);Glorie (hard)
Glorfindel;Glorfindel
Glough;Gloed
Glouphrie the Untrusted;Glouphrie de onbetrouwbare
Gnocci the Cook;Gnocci de kok
Gnome;Kabouter
Gnome Archer;Kabouter Boogschutter
Gnome Coach;Kabouter Coach
Gnome Driver;Gnome-stuurprogramma
Gnome Mage;Kabouter Magiër
Gnome ball referee;Kabouterbal scheidsrechter
Gnome baller;Kabouterballer
Gnome banker;Gnoom bankier
Gnome child;Kabouter kind
Gnome companion;Gnoom metgezel
Gnome emissary;Afgezant van de kabouter
Gnome guard;Gnoom bewaker
Gnome shop keeper;Kabouterwinkelier
Gnome soldier;Kabouter soldaat
Gnome trainer;Gnome-trainer
Gnome traveller;Kabouter reiziger
Gnome troop;Kaboutertroep
Gnome winger;Gnoom vleugelspeler
Gnome woman;Kabouter vrouw
Gnormadium Avlafrim;Gnormadium Avlafrim
Gnosi;Gnosi
Goat;Geit
Goat Poo;Geitenpoep
Goblin;Goblin
Goblin Champion;Goblin-kampioen
Goblin Cook;Goblin Kok
Goblin fish;Kobold vis
Goblin guard;Goblin-bewaker
Goblin scribe;Goblin-schrijver
Godric;Godric
Gold ore;Goud erts
Golden sheep;Gouden schapen
Golden warbler;Gouden grasmus
Golem;Golem
Golova;Golova
Golrie;Golrie
Gorad;Gorad
Gorak;Gorak
Gordon;Gordon
Goreu;Goreu
Gorhak quo Narga;Gorhak quo Narga
Gorilla;Gorilla
Gossip;Geroddel
Gourmet;Gastronomisch
Gourmet impling;Gastronomische impling
Grace;Elegantie
Grail Maiden;Graal Maagd
Grand Exchange Clerk;Grote Beursbediende
Grandpa Jack;Opa Jac
Grave;Graf
Grave digger;Grafdelver
Grave scorpion;Ernstige schorpioen
Graveyard Guardian;Bewaker van het kerkhof
Gravingas;Gravingas
Greasycheeks;Vette wangen
Great Olm;Grote Olm
Great Olm (Left claw);Grote Olm (linkerklauw)
Great Olm (Right claw);Grote Olm (rechterklauw)
Great blue heron;Grote blauwe reiger
Greater Nechryael;Grote Nechryaël
Greater Skeleton Hellhound;Grotere skelethellehond
Greater abyssal demon;Grotere afgronddemon
Greater demon;Grotere demon
Greater ghostly thrall;Grotere spookachtige slavernij
Greater skeletal thrall;Grotere skeletachtige slavernij
Greater zombified thrall;Grotere zombified slaaf
Green Gemstone Director;Directeur Groene Edelsteen
Green Gemstone Secretary;Groene edelsteen secretaris
Green Sheep;Groene schapen
Green dragon;Groene draak
Green fireflies;Groene vuurvliegjes
Greengrocer;Groenteboer
Greldo;Greldo
Grew;Groeide
Grey golem;Grijze golem
Grigor Rasputin;Grigor Raspoetin
Grigore;Grigor
Grimesquit;Grimesquit
Grimgnash;Grimgnash
Grinka Krast;Grinka Krast
Grip;Greep
Grish;Gris
Grizzly bear;Grizzlybeer
Grizzly bear cub;Grizzlybeerwelp
Growler;Growler
Growthling;Groeiend
Grubfoot;Grubfoot
Grubor;Grubor
Gruff McScruff;Norse McScruff
Grug;Grug
Gruh;Gruh
Grum;Grom
Grundt;Grundt
Grunsh;Grunsh
Gruva Patrull;Gruva Patrull
Guanic bat;Guanische vleermuis
Guard;Bewaker
Guard Bandit;Bewaker bandiet
Guard Captain;Kapitein van de wacht
Guard Recruiter;Bewaker rekruteerder
Guard Vemmeldo;Bewaker Vemmeldo
Guard dog;Waakhond
Guardian Drake;Beschermer Drake
Guardian mummy;Beschermende mummie
Guardian of Armadyl;Bewaker van Armadyl
Guidor;Guidor
Guildmaster;Gildemeester
Guildmaster Jane;Gildemeester Jane
Guildmaster Lars;Gildemeester Lars
Guilin;Guilin
Guinevere;Guinevere
Gujuo;Gujuo
Gull;Meeuw
Gulldamar;Gulldamar
Gulluck;Gulluk
Gundai;Gundai
Gundik;Gundik
Gunnar Holdstrom;Gunnar Holdström
Gunnjorn;Gunnjorn
Gunslik;Gunslik
Gunthor the brave;Gunthor de dappere
Guthan the Infested;Guthan de besmette
Gwallter;Gwallter
Gwerin Hapus;Gwerin Hapus
Gwindor;Gwindor
Gwyl;Gwyl
Gwyn;Gwyn
Gypsy;Zigeuner
Gypsy Aris;Zigeuner Aris
Gyr Falcon;Gyr Valk
H.A.M. Archer;HAM. Boogschutter
H.A.M. Deacon;HAM. Diaken
H.A.M. Guard;HAM. Bewaker
H.A.M. Mage;HAM. Magiër
H.A.M. Member;HAM. Lid
HAM member;HAM-lid
HRH Hrafn;ZKH Hrafn
Habibah;Habiba
Hadley;Hadley
Haemas Lamescus;Haemas Lamescus
Haera;Haera
Hafuba;Hafuba
Hairdresser;Kapper
Hajedy;Hajedy
Haldor quo Keran;Haldor quo Keran
Half-Zombie;Halfzombie
Half-soulless;Half zielloos
Halla;Hallo
Hallak;Hallak
Hamab;Hamab
Hamal the Chieftain;Hamal de hoofdman
Hameln the Jester;Hameln de Nar
Hamid;Hamid
Haming;Haming
Hammerspike Stoutbeard;Hamerspies Stoutbaard
Hanchen the Hound;Hanchen de Hond
Hangman game;Hangman-spel
Hans;Hans
Hari;Hari
Haris;Haris
Harold;Harold
Harold Evans;Harold Evans
Harpert;Harpert
Harpie Bug Swarm;Harpie Insectenzwerm
Harrallak Menarous;Harrallak Menarous
Harry;Harry
Haskell;Haskell
Hassan;Hassan
Hatius Cosaintus;Hatius Cosaintus
Haze;Nevel
Hazeel;Hazel
Hazeel Cultist;Hazeel-cultist
Hazelmere;Hazelmere
Head;Hoofd
Head Guard;Hoofdwacht
Head Mourner;Hoofd rouwer
Head Thief;Hoofd dief
Head chef;Chef-kok
Headless Beast;Hoofdloos beest
Headless Beast (hard);Beest zonder hoofd (hard)
Healthorg and tortoise;Healthorg en schildpad
Heckel Funch;Heckel Funch
Hegir;Hegir
Helemos;Helemos
Helena;Helena
Helga;Helga
Hell-Rat;Hel-Rat
Hell-Rat Behemoth;Hell-Rat Behemoth
Hell-kitten;Hel-kitten
Hellcat;Hellcat
Hellhound;Hellehond
Hellpuppy;Hellpuppy
Hendor;Hendor
Hengel;Hengel
Hengrad;Hengrad
Henja;Henja
Henryeta Carnillean;Henryeta Carnillean
Herbi;Herbi
Herbiboar;Herbiboar
Herman Caranos;Herman Caranos
Hero;Held
Heron;Reiger
Herquin;Herquin
Hervi;Hervi
Heskel;Heskel
Hespori;Hespori
Het;Het
Hetty;Hetty
Hewey;Heey
Hickton;Hickton
Hieve;Hief
High Priest;Hogepriester
High Priestess Zul-Harcinqa;Hogepriesteres Zul-Harcinqa
Highwayman;Struikrover
Hild;Hild
Hill Giant;Heuvel reus
Hirko;Hirko
Historian Duffy;Historicus Duffy
Historian Minas;Historicus Minas
Hiylik Myna;Hallolik Myna
Hobbes;Hobbes
Hobgoblin;Kobold
Hobgoblin Champion;Hobgoblin-kampioen
Hofuthand (weapons and armour);Hofuthand (wapens en pantser)
Hole in the wall;Gat in de muur
Holgart;Holgart
Holoy;Hallo
Holthion;Holthion
Homunculus;Homonculus
Honest Jimmy;Eerlijk Jimmy
Honour guard;Erewacht
Hooded Figure;Figuur met capuchon
Hooknosed Jack;Gehaakte Jack
Hoop Snake;Hoepel slang
Hopeless beast;Hopeloos beest
Hopeless creature;Hopeloos wezen
Hopleez;Hopleez
Hops;Hop
Horace;Horatius
Horacio;Horacio
Horned graahk;Gehoornde graaf
Horphis;Horphis
Horvik;Horvik
Hosa;Hosa
House;Huis
Hring Hring;Hring Hring
Hudo;Hudo
Hudon;Hudon
Huge spider;Enorme spin
Hugor;Hugor
Hunding;Hunding
Hunting expert;Jachtdeskundige
Hura;Hoera
Husk;Schil
Hydra;Hydra
Hygd;Hyg
Ian;Ian
Iban;Iban
Ice Queen;IJskoningin
Ice Troll;IJs trol
Ice Troll King;IJstrollenkoning
Ice Troll King (hard);IJstrollenkoning (hard)
Ice block;Ijs blok
Ice demon;IJs-demon
Ice giant;IJs reus
Ice spider;IJs spin
Ice troll;Ijs trol
Ice troll female;IJstrol vrouwtje
Ice troll grunt;IJstrol gromt
Ice troll male;IJstrol mannetje
Ice troll runt;Ijstrol runt
Ice warrior;IJs strijder
Ice wolf;IJswolf
Iceberg;Ijsberg
Icefiend;IJsheld
Icelord;IJsheer
Icicle;Ijskegel
Icthlarin;Ictlarin
Idril;Idril
Idris;Idris
Iestin;Iestin
Ifaba;Ifaba
Iffie;Iffie
Ignatius Vulcan;Ignatius Vulcanus
Ignisia;Ignisia
Ikkle Hydra;Ikkle Hydra
Ileana;Ileana
Ilfeen;Ilfeen
Ima;Ik ben
Imerominia;Imerominia
Imiago;Imiago
Imin;Ik ben
Iminye;Iminye
Immenizz;Immenisch
Imp;Imp
Imp Champion;Imp-kampioen
Imp defender;Imp-verdediger
Imre;Ik ben
Incapacitated Pyromancer;Arbeidsongeschikte Pyromancer
Indis;Indi's
Infernal Mage;Helse magiër
Infernal pyrelord;Helse pyrelord
Information clerk;Informatiemedewerker
Inga;Inge
Ingrid;Ingrid
Ingrid Hradson;Ingrid Hradson
Ingwe;Inge
Ingwion;Ingwion
Inn Keeper;Herbergier
Innocent-looking key;Onschuldig ogende sleutel
Insatiable Bloodveld;Onverzadigbaar Bloedveld
Insatiable mutated Bloodveld;Onverzadigbare gemuteerde Bloedveld
Invrigar the Necromancer;Invrigar de Necromancer
Iona;Iona
Iorwerth Archer;Iorwerth Boogschutter
Iorwerth Warrior;Iorwerth-krijger
Irena;Irene
Irene;Irene
Irina;Irina
Irksol;Irksol
Iron Man tutor;Iron Man-leraar
Iron dragon;Ijzeren draak
Iron ore;Ijzererts
Iron pickaxe;Ijzeren houweel
Irvig Senay;Irvig Senay
Irwin Feaselbaum;Irwin Feaselbaum
Ish the Navigator;Ish de Navigator
Ishmael;Ismaël
Islwyn;Islwyn
Istoria;Istoria
Ithoi the Navigator;Ithoi de Navigator
Ivan;Iwan
Ivan Strom;Ivan Strom
Iwan;Iwan
Iwazaru;Iwazaru
Jack;Jac
Jack Sails;Jack Sails
Jack Seagull;Jack Zeemeeuw
Jackal;Jakhals
Jacky Jester;Jacky Jester
Jade;Jade
Jadid;Jadid
Jagbakoba;Jagbakoba
Jail guard;Gevangenisbewaker
Jailer;Gevangenbewaarder
Jake;Jake
Jal-Ak;Jal-Ak
Jal-AkRek-Ket;Jal-AkRek-Ket
Jal-AkRek-Mej;Jal-AkRek-Mej
Jal-AkRek-Xil;Jal-AkRek-Xil
Jal-ImKot;Jal-ImKot
Jal-MejJak;Jal-MejJak
Jal-MejRah;Jal-MejRah
Jal-Nib;Jal-Nib
Jal-Nib-Rek;Jal-Nib-Rek
Jal-Xil;Jal-Xil
Jal-Zek;Jal-Zek
JalRek-Jad;JalRek-Jad
JalTok-Jad;JalTok-Jad
James;Jakobus
Jamila;Jamila
Jaraah;Jaraah
Jardric;Jardric
Jari;Jari
Jarr;Jarr
Jarvald;Jarvald
Jatix;Jatix
Jayene Kliyn (medium);Jayene Kliyn (medium)
Jeb;Jeb
Jeed;Jeed
Jeff;Jef
Jelly;Gelei
Jennella;Jenella
Jennifer;Jennifer
Jenny Blade;Jenny Blad
Jeremy Clerksin;Jeremy Clerksin
Jerico;Jerico
Jess;Jess
Jessie;Jessie
Jethick;Jethick
Jewelled Crab;Met juwelen versierde krab
Jewelled Crab (blue);Krab met juwelen (blauw)
Jewelled Crab (green);Krab met juwelen (groen)
Jewelled Crab (red);Krab met juwelen (rood)
Jex;Jex
Jig cart;Jig-kar
Jill;Jill
Jiminua;Jiminua
Jimmy;Jimmy
Jimmy Dazzler;Jimmy Dazzler
Jimmy the Chisel;Jimmy de Beitel
Joe;Joe
Jofridr Mordstatter;Jofridr Mordstatter
Jogre;Jogre
Jogre Champion;Jogre-kampioen
Johanhus Ulsbrecht;Johanhus Ulsbrecht
John;John
Johnathon;Johnathon
Jokul;Jokul
Jon;Jon
Jonathan;Jonathan
Jonny the beard;Jonny de baard
Jorra;Jorra
Jorral;Jorral
Jorzik;Jorzik
Joseph;Jozef
Joshua;Jozua
Jossik;Jossik
Jubbly bird;Jubbele vogel
Jubster;Jubster
Judge of Yama;Rechter van Yama
Jukat;Jukat
Julie;Julia
Juliet;Julia
Jumaane;Jumaane
Juna;Juna
Jungle Demon;Jungle-demon
Jungle Demon (hard);Jungle Demon (moeilijk)
Jungle Wolf;Junglewolf
Jungle eagle;Jungle-adelaar
Jungle forester;Boswachter in de jungle
Jungle horror;Jungle-horror
Jungle savage;Jungle wilde
Jungle spider;Jungle spin
Junior Navigator;Junior navigator
Jury;Jury
Justiciar Zachariah;Rechter Zacharias
Justin Servil;Justin Servil
Justine;Justine
Jyn;Jyn
K'klik;K'klik
K'ril Tsutsaroth;K'ril Tsutsaroth
K'ril Tsutsaroth Jr.;K'ril Tsutsaroth Jr.
KGP Agent;KGP-agent
KGP Guard;KGP-bewaker
Kaal-Ket-Jor;Kaal-Ket-Jor
Kaal-Mej-San;Kaal-Mej-San
Kaal-Xil-Dar;Kaal-Xil-Dar
Kael Forshaw;Kael Forshaw
Kaht B'alam;Kaht B'alam
Kai;Kai
Kaleb Paramaya;Kaleb Paramaya
Kalphite Guardian;Kalphite Guardian
Kalphite Larva;Kalphite Larve
Kalphite Princess;Kalfitische prinses
Kalphite Queen;Kalphitische koningin
Kalphite Soldier;Kalphitische soldaat
Kalphite Worker;Kalphitische arbeider
Kalrag;Kalrag
Kalron;Kalron
Kamen;Kamen
Kamfreena;Kamfreena
Kamil;Kamil
Kamil (hard);Kamil (hard)
Kanel;Kaneel
Kangai Mau;Kangai Mau
Kaqemeex;Kaqemeex
Karaday;Karaday
Karam;Karam
Karamel;Karamel
Karamel (hard);Karamel (hard)
Karamthulhu;Karamthulhu
Kardia;Kardia
Karil the Tainted;Karil de Verdorvene
Karim;Karim
Karl;Karel
Kaston;Kaston
Kathy Corkat;Kathy Corkat
Katrine;Katrine
Kaylee;Kaylee
Kazemde;Kazemde
Kazgar;Kazgar
Kebbit;Kebbit
Keef;Houd
Keepa Kettilon;Keepa Kettilon
Keith;Keet
Kelvin;Kelvin
Kelyn;Kelijn
Kendall;Kendal
Kenelme;Kenelme
Kennith;Kennith
Kent;Kent
Ket'sal K'uk;Ket'sal K'uk
Ket-Zek;Ket-Zek
Key Master;Sleutelmeester
Kharid Scorpion;Kharid Schorpioen
Khazard Guard;Khazard-wacht
Khazard Ogre;Khazard Oger
Khazard Scorpion;Khazard Schorpioen
Khazard barman;Khazard-barman
Khazard commander;Khazard-commandant
Khazard trooper;Khazard-trooper
Khazard warlord;Khazard-krijgsheer
Khazard warlord (hard);Khazard krijgsheer (hard)
Khorvak, a dwarven engineer;Khorvak, een dwergeningenieur
Kikazaru;Kikazaru
Killer;Moordenaar
Killerwatt;Killerwatt
Kilron;Kilron
Kineer;Kineer
King Arthur;Koning Arthur
King Artur Hosidius;Koning Arthur Hosidius
King Awowogei;Koning Awowogei
King Black Dragon;Koning Zwarte Draak
King Bolren;Koning Bolren
King Gjuki Sorvott IV;Koning Gjuki Sorvott IV
King Healthorg;Koning Gezondheidorg
King Kandur Hosidius;Koning Kandur Hosidius
King Lathas;Koning Lathas
King Narnode Shareen;Koning Narnode Shareen
King Percival;Koning Percival
King Roald;Koning Roald
King Roald (hard);Koning Roald (hard)
King Sand Crab;Koningszandkrab
King Scorpion;Koning Schorpioen
King Thoros;Koning Thoros
King Vargas;Koning Vargas
King kurask;Koning Kurask
King rat;Koning rat
King's Messenger;Konings boodschapper
Kitten;Katje
Kjedelig Uppsen;Kjedelig Uppsen
Kjut;Kjut
Klank;Klank
Klarense;Klarense
Klenter;Klenter
Knight;Ridder
Knight of Ardougne;Ridder van Ardougne
Knight of Saradomin;Ridder van Saradomin
Knight of Varlamore;Ridder van Varlamore
Knight of the Lion;Ridder van de Leeuw
Knight of the Owl;Ridder van de Uil
Knight of the Unicorn;Ridder van de Eenhoorn
Knight of the Wolf;Ridder van de Wolf
Koanee;Koanee
Kob;Kob
Koftik;Koftik
Kolodion;Kolodion
Konar quo Maten;Konar quo Maten
Konoo;Konoo
Kormar quo Maten;Kormar quo Maten
Kortan;Kortan
Koschei the Deathless;Koschei de onsterfelijke
Koschei the deathless;Koschei de onsterfelijke
Kragen;Kragen
Kraka;Kraka
Kraken;Kraken
Krato;Krato
Kree'arra;Kree'arra
Kree'arra Jr.;Kree'arra Jr.
Kroy;Kroy
Kruk;Kruk
Kryket bat;Kryket-vleermuis
Krystilia;Krystilia
Ksenia;Ksenia
Kualti;Kualti
Kubec Unkar;Kubec Unkar
Kurask;Kurask
Kurt;Kurt
Kylie Minnow;Kylie Minnow
Lacey;Lacey
Lady Carys Hefin;Vrouwe Carys Hefin
Lady Crombwick;Vrouwe Crombwick
Lady Ffion Meilyr;Vrouwe Ffion Meilyr
Lady Keli;Dame Keli
Lady Kelyn Ithell;Vrouwe Kelyn Ithell
Lady Nadezhda Shadum;Vrouwe Nadezjda Shadum
Lady Servil;Dame Servil
Lady Shauna Piscarilius;Vrouwe Shauna Piscarilius
Lady Table;Dame tafel
Lady Tangwen Trahaearn;Dame Tangwen Trahaearn
Lady Vulcana Lovakengj;Dame Vulcana Lovakengj
Lahsram;Lahsram
Lalli;Lalli
Lamb;Lam
Lammy Langle;Lammy Langle
Lan the Butcher;Lan de Slager
Lanthus;Lanthus
Lanzig;Lanzig
Large mosquito;Grote mug
Large zombie monkey;Grote zombie-aap
Larran;Larran
Larrissa;Larissa
Larry;Larry
Larxus;Larxus
Lasenna Rasputin;Lasenna Raspoetin
Lathas;Latha's
Latlink Fastbell;Latlink Fastbell
Launa;Launa
Lauretta;Lauretta
Lava beast;Lava beest
Lava dragon;Lava draak
Layleen;Layleen
Lazim;Lazim
Lazy cat;Luie kat
Lazy hellcat;Luie hellekat
Le-sabrè;Le-sabrè
Lead Navigator;Hoofdnavigator
Leagues Assistant;Liga Assistent
Leagues Tutor;Liga-leraar
Leatherworker;Leerbewerker
Lector Gura;Lector Gura
Leech;Bloedzuiger
Leech display;Leech-display
Leela;Leela
Leenz;Leenz
Left head;Linker hoofd
Legends guard;Legenden bewaken
Leke quo Keran;Zoals Keran
Lenny;Lenny
Lensa;Lensa
Lenwe;Lenwe
Lenyig Karna;Lenyig Karna
Leo;Leeuw
Leon;Leon
Leon d'Cour;Leon d'Cour
Lesser Demon Champion;Kleinere demonkampioen
Lesser Fanatic;Kleinere fanaticus
Lesser demon;Kleinere demon
Lesser ghostly thrall;Kleinere spookachtige slaaf
Lesser skeletal thrall;Kleinere skeletachtige slaaf
Lesser zombified thrall;Kleinere zombified slaaf
Lev;Lev
Li'l lamb;Klein lam
Liam;Liam
Librarian;Bibliothecaris
Lidio;Lidio
Lieutenant Schepbur;Luitenant Schepbur
Lieve McCracken;Lieve McCracken
Light creature;Licht wezen
Lil' Bloat;Kleine opgeblazenheid
Lil' Creator;Kleine Schepper
Lil' Destructor;Kleine vernietiger
Lil' Maiden;Kleine meid
Lil' Nylo;Kleine Nylo
Lil' Sot;Kleine sot
Lil' Xarp;Kleine Xarp
Lil' Zik;Lil' Zik
Lilifang;Lilifan
Liliwen;Liliwen
Liliya;Liliya
Lillia;Lillia
Lilly;Lelie
Lindir;Lindir
Linen worker;Linnenwerker
Lisa;Lisa
Lisse Isaakson;Lisse Isaakson
Litara;Litara
Lithil;Lithil
Little Nightmare;Kleine nachtmerrie
Little Parasite;Kleine parasiet
Lizard;Hagedis
Lizard display;Hagedis weergave
Lizardman;Hagedisman
Lizardman brute;Hagedisman bruut
Lizardman shaman;Lizardman-sjamaan
Lleidr Golau;Lleidr Golau
Lliann;Lliann
Llio;Llio
Loading crane;Laadkraan
Loar Shade;Loar schaduw
Loar Shadow;Loar schaduw
Lobstrosity;Lobstrositeit
Local;Lokaal
Local Gnome;Lokale kabouter
Locust;Sprinkhaan
Locust rider;Sprinkhaan ruiter
Lofu;Lofu
Logava;Logava
Logios;Logies
Logosia;Logosie
Loinur;Loinur
Lokar Searunner;Lokar Zeeloper
Loki;Loki
Lokraa quo Sihar;Lokraa quo Sihar
Lollk;Lollk
Long-tailed Wyvern;Wyvern met lange staart
Longbow Ben;Handboog Ben
Longhall Bouncer;Longhall-uitsmijter
Look-out;Kijk uit
Looming shadow;Opdoemende schaduw
Lord Alexei Jovkai;Heer Alexei Jovkai
Lord Baxtorian Cadarn;Lord Baxtorian Cadarn
Lord Crombwick;Heer Crombwick
Lord Daquarius;Heer Daquarius
Lord Iestin Iorwerth;Heer Iestin Iorwerth
Lord Ieuan Amlodd;Heer Ieuan Amlodd
Lord Iorwerth;Heer Iorwerth
Lord Kandur Hosidius;Heer Kandur Hosidius
Lord Marshal Brogan;Heer maarschalk Brogan
Lord Mischa Myrmel;Heer Mischa Myrmel
Lord Pandur Hosidius;Heer Pandur Hosidius
Lord Piquan Crwys;Heer Piquan Crwys
Lord Rologarth;Heer Rologarth
Lord Shiro Shayzien;Heer Shiro Shayzien
Lord Trobin Arceuus;Heer Trobin Arceuus
Lorelai;Lorelai
Lornor quo Narga;Lornor quo Narga
Lorraine;Lotharingen
Lost barbarian;Verloren barbaar
Louie Legs;Louie Benen
Louisa;Louisa
Lovada;Lovada
Lovakengj Engineer;Lovakengj-ingenieur
Love Cats;Houd van katten
Lowe;Laag
Lowerniel Drakan;Lowerniel Drakan
Lubufu;Lubufu
Lucien;Lucien
Lucky impling;Gelukkig impliceren
Lucy;Lucy
Lumberjack Leif;Houthakker Leif
Lumbridge Guide;Lumbridge-gids
Lumdo;Lumdo
Lumiere;Lumière
Luminata;Luminata
Lumo;Lumo
Luna;Luna
Lundail;Lundail
Lunderwin;Lunderwin
Lurgon;Lurgon
Luscion;Luscion
Luthas;Lutha's
Lutwidge;Lutwidge
Lux grub;Lux grub
Lynx;Lynx
Lynx Tamer;Lynx Tamer
Lyra;Lyra
Mac;Mac
Macaroni Penguin;Macaroni-pinguïn
Mad skavid;Gekke skavid
Madame Caldarium;Mevrouw Caldarium
Maedhros;Maedros
Maeglin;Maeglin
Mage (easy);Magiër (makkelijk)
Mage of Zamorak;Magiër van Zamorak
Magic Instructor;Magische instructeur
Magic axe;Magische bijl
Magic combat tutor;Magische gevechtsleraar
Magnus Gram;Magnus Gram
Magpie impling;Ekster implicerend
Mahtan;Mahtan
Maid;Huishoudelijke hulp
Mairin;Mairin
Maisa;Maisa
Major Attack;Grote aanval
Major Collect;Grote Verzameling
Major Defend;Majoor verdediging
Major Heal;Grote genezing
Make-over mage;Make-over magiër
Malak;Malak
Male slave;Mannelijke slaaf
Malevolent Mage;Kwaadwillige magiër
Malignius Mortifer;Malignius Mortifer
Mallak quo Keran;Mallak quo Keran
Mama;Mama
Mamma Bufetta;Mama buffet
Mammoth;Mammoet
Man;Man
Mandrith;Mandrit
Mandy;Mandy
Maniacal Monkey Archer;Maniakale aapschutter
Maniacal monkey;Maniakale aap
Manni the Reveller;Manni de feestvierder
Marble gargoyle;Marmeren waterspuwer
Marfet;Marfet
Maria Gadderanks;Maria Gadderanks
Maria Gunnars;Maria Gunnars
Mariah;Mariah
Marisi;Marisi
Marius;Marius
Marius Giste;Marius Giste
Mark;Markering
Market Guard;Marktwachter
Market seller;Markt verkoper
Markog;Markog
Marley;Marley
Marlo;Marlo
Marmor quo Narga;Marmor quo Narga
Marten;Marter
Martha Rehnison;Martha Rehnison
Martin Holt;Martin Holt
Martin Thwait;Martin Thwait
Martin the Master Gardener;Martin de Meestertuinman
Martina Scorsby;Martina Scorsby
Marwolaeth Dawnsio;Marwolaeth Dawnsio
Mary;Maria
Master Chef;Meesterkok
Master Crafter;Meester Crafter
Master Farmer;Meester Boer
Master Navigator;Meester-navigator
Master fisher;Meester visser
Master smithing tutor;Meester smeeddocent
Matilda;Matilda
Matthew;Mattheüs
Matthias;Mattias
Mattimeo;Mattimeo
Mawnis Burowgar;Mawnis Burowgar
Mawrth;Mawrth
Mayor Hobb;Burgemeester Hobb
Maz;Maz
Mazchna;Matsjna
Maze Guardian;Doolhof Bewaker
Mazion;Mazion
Me;Mij
Me (hard);Ik (moeilijk)
Meddwl Ymlaen Llaw;Meddwl Ymlaen Llaw
Medium ninja monkey;Middelgrote ninja-aap
Meegle;Meegle
Megan;Megan
Meiyerditch citizen;Meiyerditch-burger
Meiyerditch miner;Mijnwerker Meiyerditch
Mekritus A'hara;Mekritus A'hara
Melana Moonlander;Melana Maanlander
Melee combat tutor;Melee-gevechtsleraar
Meleti;Meleti
Melina;Melina
Melvin;Melvin
Melzar the Mad;Melzar de gekke
Memory of Seren;Herinnering aan Seren
Menaphite Leader;Menafieten leider
Menaphite Thug;Menaphite misdadiger
Menaphite guard;Menaphite bewaker
Mercenary;Huurling
Mercenary Captain;Huurling Kapitein
Mercy;Genade
Meredith;Meredith
Merlin;Merlin
Mernia;Mernia
Mernik;Mernik
Meskhenet;Meshenet
Metarialus;Metarialus
Meteora;Meteora
Mi-Gor;Mi-Gor
Mia;Mia
Miala;Miala
Miazrqa;Miazrqa
Middle head;Middelste hoofd
Midnight;Middernacht
Mihail;Mihail
Mike;Mike
Miles;Mijlen
Milla;Milla
Milli Rehnison;Milli Rehnison
Millie Miller;Millie Molenaar
Miltog;Miltog
Mime;Mime
Mimm;Mimm
Mind Golem;Denk aan Golem
Mine Cart;Mijnkar
Mine cart;Mijn kar
Mine cart driver;Mijnwagenchauffeur
Mine supervisor;Mijnopzichter
Miner;Mijnwerker
Miner Magnus;Mijnwerker Magnus
Miniature chaotic clouds;Miniatuur chaotische wolken
Mining Instructor;Mijnbouwinstructeur
Mining tutor;Mijnbouw docent
Minotaur;Minotaurus
Miodvetnir;Miodvetnir
Miriam;Mirjam
Miriel;Miriël
Mischievous ghost;Ondeugende geest
Misdrievus Shadum;Misdrievus Shadum
Mishkal'un Dorn;Mishkal'un Dorn
Miss Cheevers;Mevrouw Cheevers
Miss Schism;Mevrouw Schisma
Mist;Mist
Mistag;Mistag
Mithrellas;Mithrella's
Mithril dragon;Mithril-draak
Mithril ore;Mithril-erts
Mittens;Wanten
Mizaru;Mizaru
Moe;Moe
Mofina;Mofina
Moggy;Moggy
Mogre;Mogre
Mogre Guard;Mogre-wacht
Mogrim;Mogrim
Molanisk;Molanisk
Moldof;Moldof
Mole display;Mol weergave
Molly;Molly
Monk;Monnik
Monk of Entrana;Monnik van Entrana
Monk of Zamorak;Monnik van Zamorak
Monkey;Aap
Monkey Archer;Aap Boogschutter
Monkey Child;Aap kind
Monkey Guard;Apenwacht
Monkey Zombie;Aap-zombie
Monkey display;Aap weergave
Monkey guard;Aap bewaker
Monkey minder;Aap oppasser
Monkey on unicorn;Aap op eenhoorn
Monstrous Basilisk;Monsterlijke Basilisk
Mord Gunnars;Mord Gunnars
Mordan Nikazsi;Mordan Nikazsi
Morgan;Morgan
Morgan Le Faye;Morgan Le Faye
Mori;Mori
Morris;Morris
Mort Nightshade;Mort Nachtschade
Mort'ton Local;Mort'ton Lokaal
Mort'ton local;Mort'ton lokaal
Morten Holdstrom;Morten Holdström
Mortina Daubenton;Mortina Daubenton
Morvran;Morvran
Mosol Rei;Mosol Rei
Mosquito swarm;Muggenzwerm
Moss Giant;Mos reus
Moss Guardian;Mos Bewaker
Moss Guardian (hard);Mos Guardian (hard)
Moss giant;Mos reus
Most of a Zombie;Het grootste deel van een zombie
Mother;Moeder
Mother Mallum;Moeder Mallum
Moths;Motten
Mountain Dwarf;Berg dwerg
Mountain Goat;Berggeit
Mountain Guide;Berggids
Mountain goat;Berggeit
Mountain troll;Berg trol
Mounted terrorbird gnome;Opgezette terreurvogelkabouter
Mounted terrorchick gnome;Opgezette terreurkuikenkabouter
Mourner;Rouwende
Mouse;Muis
Movario;Movario
Mr. Mordaut;Meneer Mordaut
Ms. Hynn Terprett;Mevrouw Hynn Terprett
Mubariz;Mubariz
Mudskipper;Modderkapper
Mugger;Overvaller
Mummy;Mama
Mummy ashes;Mummie as
Munty;Munty
Murcaily;Murcaily
Murfet;Murfet
Murky Matt (runes);Murky Matt (runen)
Murky Pat;Duistere Pat
Murng bat;Murng vleermuis
Murphy;Murphy
Muruwoi;Muruwoi
Museum guard;Museumbewaker
Mushroom;Paddestoel
Mutant tarn;Mutante tarn
Mutated Bloodveld;Gemuteerd Bloedveld
Muttadile;Muttadile
My Arm;Mijn arm
Myndill;Myndill
Myre Blamish Snail;Myre Blamish Slak
Mysterious Adventurer;Mysterieuze avonturier
Mysterious Figure;Mysterieus figuur
Mysterious Old Man;Mysterieuze oude man
Mysterious Stranger;Mysterieuze vreemdeling
Mysterious Voice;Mysterieuze stem
Mysterious ghost;Mysterieuze geest
Mystery figure;Mysterie figuur
Naghead;Zeurderig
Nail beast;Nagel beest
Nakasa Jovkai;Nakasa Jovkai
Nardah Banker;Nardah bankier
Nardok;Nardok
Narf;Narf
Natalidae Shadum;Natalidae Shadum
Nathifa;Nathifa
Natural Historian;Natuurhistoricus
Natural historian;Natuurhistoricus
Nature Spirit;Natuur geest
Nature impling;De natuur impliceert
Nazastarool;Nazastarool
Nazastarool (hard);Nazastarool (hard)
Nechryael;Nechryaël
Nechryarch;Nechryarch
Necromancer;Necromancer
Necrovarus;Necrovarus
Ned;Ned
Neferti the Camel;Neferti de Kameel
Neil;Neil
Neite;Nee
Nellas;Nella's
Nemishka;Nemishka
Nerdanel;Nerdanel
Nesty;Nesty
New Recruit Tony;Nieuwe rekruut Tony
Newtroost;Nieuwtroost
Nezikchened;Nezikchened
Nezikchened (hard);Nezikchened (hard)
Nia;Nia
Nicholas;Nicolaas
Nick;Nick
Nickolaus;Nickolaus
Nicoleta;Nicoleta
Nieve;Nieve
Nigel;Nigel
Night beast;Nacht beest
Nikita;Nikita
Nikkie;Nikkie
Nikolai;Nikolai
Niles;Nijlen
Niloof;Niloof
Nimloth;Nimloth
Nimrodel;Nimrodel
Ninja impling;Ninja impliciet
Nipper;Nipper
Nirrie;Nirrie
Nisha;Nisha
Nkuku;Nkuku
Noctillion Lugosi;Noctillion Lugosi
Noella;Noella
Nolar;Nolar
Nomad;Nomade
Noodle;Noedel
Noon;Middag
Nora T. Hagg;Nora T. Hagg
Noranna Tytanin;Noranna Tytanin
Norman;Normandisch
Not Bob;Niet Bob
Noterazzo;Notazzo
Novice;Beginner
Nuclear smoke devil;Nucleaire rookduivel
Nulodion;Nulodion
Numpty;Numpty
Nung;Nung
Nurmof;Nurmof
Nurse Boubou;Verpleegster Boubou
Nurse Emma Gentsy;Verpleegster Emma Gentsy
Nurse Inn'Juree;Verpleegster Inn'Juree
Nurse Sarah;Verpleegster Sara
Nurse Wooned;Verpleegster Wooned
Nylocas;Nyloca's
Nylocas Athanatos;Nylocas Athanatos
Nylocas Hagios;Nylocas Hagios
Nylocas Ischyros;Nylocas Ischyros
Nylocas Matomenos;Nylocas Matomenos
Nylocas Prinkipas;Nylocas Prinkipas
Nylocas Queen;Nylocas Koningin
Nylocas Toxobolos;Nylocas Toxobolos
Nylocas Vasilias;Nylocas Vasilias
Oaknock the Engineer;Oaknock de ingenieur
Oath Lord D'rows;Eed Lord D'rows
Oathbreaker B'ats;Eedbreker B'ats
Oathbreaker E'piws;Eedbreker E'piws
Oathbreaker M'als;Eedbreker M'als
Obli;Obli
Obor;Obor
Observatory assistant;Observatorium assistent
Observatory professor;Observatorium hoogleraar
Ocga;Ocga
Ochre Blamish Snail;Oker Blamish Slak
Odd Mushroom;Vreemde paddestoel
Odd Old Man;Vreemde oude man
Odd Stone;Vreemde steen
Odmar;Odmar
Odovacar;Odovacar
Odysseus;Odysseus
Og;Og
Ogre;Boeman
Ogre boat;Ogre-boot
Ogre chieftain;Ogre-opperhoofd
Ogre guard;Ogre-bewaker
Ogre merchant;Ogre-handelaar
Ogre shaman;Ogre-sjamaan
Ogre trader;Oger-handelaar
Ogress Shaman;Ogress-sjamaan
Ogress Warrior;Ogress-krijger
Oipuis;Oipuis
Olaf Hradson;Olaf Hradson
Olaf the Bard;Olaf de Bard
Olbertus;Olbertus
Old Man Ral;Oude man Ral
Old Man Yarlo;Oude man Yarlo
Old crone;Oud wijf
Old dwarf;Oude dwerg
Old man;Oude man
Oldak;Oudak
Olivia;Olivia
Ollie the Camel;Ollie de Kameel
Olmlet;Olmlet
Omart;Omart
Oneiromancer;Oneiromancer
Oobapohk;Oobapohk
Oomlie bird;Oomlie vogel
Oozing barrier;Sijpelende barrière
Operator;Exploitant
Oracle;Orakel
Orange salamander;Oranje salamander
Ordan;Ordan
Ork;Ork
Orlando Smith;Orlando Smit
Oronwen;Oronwen
Oropher;Orofer
Orophin;Orophine
Orrvor quo Maten;Orrvor quo Maten
Osian;Osian
Osman;Osman
Ospak;Ospak
Osten;Oosten
Osvald;Osvald
Oswald;Oswald
Other Half-Zombie;Andere halfzombie
Otherworldly being;Buitenaards wezen
Otto Godblessed;Otto Godgezegend
Ouditor;Ouditor
Ouhai;Ouhai
Outlaw;Balling
Overgrown cat;Overwoekerde kat
Overgrown hellcat;Overgroeide hellekat
Owl;Uil
Oxi;Oxi
Oziach;Oziach
PKMaster0036;PKMaster0036
Padulah;Padulah
Pagida;Pagida
Painted One;Eén geschilderd
Paladin;Paladijn
Palmer;Palmer
Pandur Hosidius;Pandur Hosidius
Panning guide;Gids voor pannen
Parasite;Parasiet
Parrot;Papegaai
Parrots;Papegaaien
Parroty Pete;Papegaai Piet
Party Pete;Partij Piet
Passive Tar Monster;Passief teermonster
Patchy;Fragmentarisch
Patrick;Patrick
Patrolman;Patrouille
Patrolwoman;Patrouillevrouw
Pauline Polaris;Pauline Polaris
Peaceful barbarian spirit;Vreedzame barbaarse geest
Peasant;Boer
Pebble;Kiezelsteen
Pee Hat;Pee hoed
Peer the Seer;Kijk naar de ziener
Peksa;Peksa
Pelican;Pelikaan
Penance Fighter;Boetevechter
Penance Healer;Boetegenezer
Penance Pet;Boetedoening huisdier
Penance Queen;Boete Koningin
Penance Ranger;Boete Ranger
Penance Runner;Boete Runner
Penda;Penda
Penguin;Pinguïn
Penguin display;Pinguin-vertoning
Penguin suit;Pinguïn pak
Pennant;Wimpel
Pentyn;Pentan
Penwie;Penwie
Perdu;Perdu
Perfect gold ore;Perfect gouderts
Perrdur;Perrdur
Perry;Perrie
Pescaling Pax;Pescale Pax
Pestilent Bloat;Pestilente zwelling
Pet rock;Huisdier rots
Peter;Petrus
Petra Fiyed;Petra Fijed
Petrified Pete;Versteende Piet
Phabelle Bile;Phabelle Bile
Phantom Hand;Fantoomhand
Phantuwti Fanstuwi Farsight;Phantuwti Fanstuwi Verziendheid
Pheasant;Fazant
Phials;Flesjes
Phileas Rimor;Phileas Rimor
Philipe Carnillean;Filipe Carnillean
Phillipa;Filipa
Philop;Filip
Phingspet;Phingspet
Phluxia bat;Phluxia-vleermuis
Phoenix;Phoenix
Phosani's Nightmare;Phosani's nachtmerrie
Phrin Shade;Phrin Schaduw
Phrin Shadow;Phrin Schaduw
Pierre;Pierre
Pieve;Pieve
Pig;Varken
Pig Thing;Varken ding
Piglet;Knorretje
Pile of bones;Stapel botten
Piles;Stapels
Pilg;Pilg
Piliar;Pilaar
Pillory Guard;Schandpaalbewaker
Ping;Ping
Pipistrelle Draynar;Dwergvleermuis Draynar
Pirate;Piraat
Pirate Guard;Piratenwacht
Pirate Jackie the Fruit;Piraat Jackie de vrucht
Pirate Pete;Piraat Piet
Pit Scorpion;Pit Schorpioen
Pizazz Hat;Pizzazz-hoed
Plague cow;Pest koe
Plague frog;Pest kikker
Poison Salesman;Vergifverkoper
Poison Scorpion;Vergif Schorpioen
Poison spider;Gif spin
Polar eagle;Polaire adelaar
Polmafi Ferdygris;Polmafi Ferdygris
Poltenip;Poltenip
Pong;Pong
Pontak;Pontak
Ponts the Bridgemaster;Ponts de Brugmeester
Poor looking man;Arm uitziende man
Poor looking woman;Arm ogende vrouw
Porazdir;Porazdir
Port Official;Havenambtenaar
Port worker;Havenarbeider
Portal;Portaal
Portal of Death;Portaal van de dood
Portobello;Portobello
Possessed Priest;Bezeten priester
Possessed pickaxe;Bezeten pikhouweel
Postie Pete;Postie Piet
Pox;Pokken
Prael bat;Prael vleermuis
Praistan Ebola;Praistan Ebola
Prayer tutor;Gebedsleraar
Preswylwyr Dall;Preswylwyr Dall
Prickly kebbit;Stekelige kebab
Priest;Priester
Priestess Zul-Gwenwynig;Priesteres Zul-Gwenwynig
Prifddinas guard;Prifddina's bewaker
Primula;Primula
Prince Ali;Prins Ali
Prince Black Dragon;Prins Zwarte Draak
Prince Brand;Prins Merk
Princess Astrid;Prinses Astrid
Prison Pete;Gevangenis Piet
Prisoner;Gevangene
Prissy Scilla;Prissy Scilla
Private Paldo;Privé Paldo
Private Paldon;Privé Paldon
Private Pendron;Privé Pendron
Private Pierreb;Privé Pierreb
Probita;Probita
Professor Gracklebone;Professor Gracklebone
Professor Imblewyn;Professor Imblewyn
Professor Manglethorp;Professor Manglethorp
Professor Oddenstein;Professor Oddenstein
Professor Onglewip;Professor Onglewip
Prosecutor;Aanklager
Prospector Percy;Goudzoeker Percy
Protest Leader;Protestleider
Protester;Protesteerder
Psykk bat;Psykk-vleermuis
Puffer Fish;Kogelvis
Puffin;Papegaaiduiker
Pumpy;Pompig
Puppadile;Pupadile
Purepker895;Puurker895
Purple Pewter Director;Paars Pewter-regisseur
Purple Pewter Secretary;Paarse tinnen secretaris
Pusskins;Poesjes
Pyramid block;Piramide blok
Pyrefiend;Pyrefiel
Pyrelord;Pyrelord
Pyromancer;Pyromancer
Quartermaster;Kwartiermeester
Queen Ellamaria;Koningin Ellamaria
Queen Sigrid;Koningin Sigrid
Queen Zyanyi Arkan;Koningin Zyanyi Arkan
Queen spawn;Koningin spawnen
Quest Guide;Zoektochtgids
Quiz Master;Quizmeester
Qutiedoll;Qutiedoll
R4ng3rNo0b889;R4ng3rNee0b889
Rabbit;Konijn
Raccoon;Wasbeer
Rachael;Rachel
Radat;Radat
Radigad Ponfit;Radigad Ponfit
Radimus Erkle;Radimus Erkle
Radu;Radu
Raeli;Raëlië
Raetul;Raetul
Ragnar;Ragnar
Ragnvald;Ragnvald
Rakkar;Rakkar
Ram;Ram
Ramara du Croissant;Ramara du Croissant
Ramarno;Ramarno
Ramocean;Ramocean
Ranael;Ranael
Ranalph Devere;Ranalph Devere
Randivor;Randivor
Ranged combat tutor;Leraar voor afstandsgevechten
Ranger;Ranger
Ranger (medium);Ranger (middel)
Ranging Guild Doorman;Variërende Gildeportier
Ranis Drakan;Ranis Drakan
Rannveig;Rannveig
Rantz;Rantz
Raqueel;Raquel
Rashiliyia;Rasiliyia
Rasolo;Rasolo
Rassain;Rassain
Rat;Rat
Rat Burgiss;Rat Burgiss
Rauborn;Rauborn
Raulyn;Raulyn
Raum Urda-Stein;Raum Urda-Stein
Ravager;Ravager
Raven;Raaf
Razmire Keelgan;Razmire Keelgan
Razvan;Razvan
Reach;Bereik
Reacher;Reacher
Reanimated TzHaar;Gereanimeerde TzHaar
Reanimated abyssal;Gereanimeerde afgrond
Reanimated aviansie;Gereanimeerde vogel
Reanimated bear;Gereanimeerde beer
Reanimated bloodveld;Gereanimeerd bloedveld
Reanimated chaos druid;Gereanimeerde chaosdruïde
Reanimated dagannoth;Gereanimeerde dagannoth
Reanimated demon;Gereanimeerde demon
Reanimated demon spawn;Gereanimeerde demonenspawn
Reanimated dog;Gereanimeerde hond
Reanimated dragon;Gereanimeerde draak
Reanimated elf;Gereanimeerde elf
Reanimated giant;Gereanimeerde reus
Reanimated goblin;Gereanimeerde kobold
Reanimated horror;Gereanimeerde horror
Reanimated imp;Gereanimeerde imp
Reanimated kalphite;Gereanimeerde kalphiet
Reanimated minotaur;Gereanimeerde minotaurus
Reanimated monkey;Gereanimeerde aap
Reanimated ogre;Gereanimeerde boeman
Reanimated scorpion;Gereanimeerde schorpioen
Reanimated troll;Gereanimeerde trol
Reanimated unicorn;Gereanimeerde eenhoorn
Rebel Archer;Rebellen Boogschutter
Rebel Scout;Rebellenverkenner
Rebel Warrior;Rebellenstrijder
Recruiter;Recruiter
Red;Rood
Red Axe Cat;Rode Bijl Kat
Red Axe Director;Rode Bijl Directeur
Red Axe Henchman;Handlanger van de rode bijl
Red Axe Secretary;Secretaris van de Rode Bijl
Red Monkey;Rode Aap
Red Panda;Rode Panda
Red Sheep;Rode schapen
Red dragon;Rode draak
Red fireflies;Rode vuurvliegjes
Red salamander;Rode salamander
Redbeard Frank;Roodbaard Frank
Reese;Reese
Reeso;Reeso
Ref;Ref
Refugee;Vluchteling
Regath;Regath
Reginald;Reginald
Reinald;Reinald
Reinn;Rein
Reldak;Reldak
Reldo;Reldo
Relobo Blinyo (logs);Relobo Blinyo (logboeken)
Remsai;Remsai
Remus Kaninus;Remus Kaninus
Renegade Knight;Afvallige Ridder
Renegade knight;Afvallige ridder
Repugnant spectre;Weerzinwekkend spook
Researcher;Onderzoeker
Reshi;Reshi
Resistance Fighter;Verzetsstrijder
Respiratory system;Ademhalingssysteem
Restless ghost;Rusteloze geest
Retired sailor;Gepensioneerde matroos
Revenant cyclops;Wrekende cyclops
Revenant dark beast;Wrekend donker beest
Revenant demon;Wrekende demon
Revenant dragon;Wrekende draak
Revenant goblin;Wrekende kobold
Revenant hellhound;Een wraakzuchtige hellehond
Revenant hobgoblin;Wrekende kobold
Revenant imp;Wraak imp
Revenant knight;Wrekende ridder
Revenant ork;Revenant ork
Revenant pyrefiend;Wrekende pyrofiend
Rewards Guardian;Beloningen Guardian
Rhazien;Rhazien
Rhiannon;Rhiannon
Rhoddwr Tan;Rhoddwr Tan
Rhonen;Rhönen
Rhyfel;Rhyfel
Richard;Richard
Richard Flintmaul;Richard Flintmaul
Rick;Rik
Rick Turpentine;Rick Terpentijn
Ricketty door;Gammele deur
Rift guardian;Rift-bewaker
Right head;Rechter hoofd
Riki the sculptor's model;Riki het model van de beeldhouwer
Rimae Sirsalis;Rimae Sirsalis
Rind the gardener;Schil de tuinman
Rionasta;Rionasta
River troll;Rivier trol
Riyl Shade;Riyl schaduw
Riyl Shadow;Riyl Schaduw
Riyl shadow;Riyl schaduw
Roachey;Roachey
Roavar;Roavar
Robert Boss;Robert Boss
Robert O'Reilly;Robert O'Reilly
Robert the Strong;Robert de Sterke
Robin;Robin
Robyn;Robin
Rock;Steen
Rock Crab;Rots Krab
Rock Golem;Rots Golem
Rock lobster;Rotskreeft
Rock pile;Rots stapel
Rocks;Rotsen
Rockslug;Rotsslak
Rocky;Rotsachtig
Rocnar;Rocnar
Rod Fishing spot;Hengel visplek
Rogue;Schurk
Rogue Guard;Schurkenwachter
Rohak;Rohak
Rokuh;Rokuh
Rolad;Rolad
Rolayne Twickit (hard);Rolayne Twickit (hard)
Romeo;Romeo
Rometti;Rometti
Romily Weaklax;Romily Weaklax
Rommik;Rommik
Ron Gadderanks;Ron Gadderanks
Rooster;Haan
Root;Wortel
Rory;Rory
Rosie;Rosie
Ross;Roos
Ross and Ben;Roos en Ben
Rowdy Guard;Rowdy-bewaker
Rowdy dwarf;Een luidruchtige dwerg
Rowdy slave;Ruige slaaf
Roy;Roy
Roy jr.;Roy jr.
Royal Guard;Koninklijke Garde
Ruantun;Ruantun
Ruby harvest;Robijnrode oogst
Rufus;Rufus
Rug Merchant;Tapijthandelaar
Runa;Runa
Rune dragon;Rune draak
Runite Golem;Runiet Golem
Runite Minor;Runiet mineur
Runite ore;Runiet erts
Runolf;Runolf
Runvastr;Runvastr
Rupert the Beard;Rupert de Baard
Rusty;Roestig
Saba;Saba
Sabeil;Sabeel
Saboteur;Saboteur
Sabre-toothed kebbit;Sabeltandkebbit
Sabre-toothed kyatt;Sabeltandkyatt
Sabreen;Sabreen
Sacrifice;Offer
Sadwrn;Verdrietig
Saeros;Saëros
Saeth;Saeth
Safalaan Hallow;Safalaan Hallow
Safta Doc;Safta Doc
Sagira;Sagira
Sailor;Zeeman
Salarin the twisted;Salarin de verdraaide
Salenab;Salenab
Salgant;Salgant
Sam;Sam
Sammy Servil;Sammy Servil
San Fan;San Fan
San Tojalon;San Tojalon
Sand Crab;Zand Krab
Sand Snake;Zand slang
Sand Snake (hard);Zandslang (hard)
Sand storm;Zandstorm
Sandicrahb;Sandicrahb
Sandwich lady;Sandwichdame
Sandy;Zandig
Sandy Boulder;Zandige Boulder
Sandy rocks;Zandige rotsen
Sanfew;Sanfew
Sani Piliu;Sani Piliu
Saniboch;Saniboch
Santiri;Santiri
Sapphire glacialis;Saffier glacialis
Sarachnis;Sarachnis
Saradomin priest;Saradomijnse priester
Saradomin wizard;Saradomijnse tovenaar
Saradominist recruiter;Saradoministische recruiter
Sarah;Sara
Sarble;Sarble
Sarius Guile;Sarius Guile
Saro;Saro
Sassilik;Sassilik
Savant;Savant
Sawmill Operator;Exploitant van een zagerij
Sawmill operator;Exploitant van een zagerij
Sbott;Sbott
Scabaras;Scabaras
Scarab mage;Scarabee magiër
Scarab swarm;Scarab-zwerm
Scarabs;Scarabeeën
Scared skavid;Bang Schavid
Scarg;Scarg
Scavenger beast;Aaseter beest
Scavvo;Scavvo
Schoolboy;Schooljongen
Schoolgirl;Schoolmeisje
Scion;Telg
Scorpia;Schorpioen
Scorpia's guardian;Scorpia's voogd
Scorpia's offspring;Scorpia's nakomelingen
Scorpion;Schorpioen
Scout;Verkenner
Screaming banshee;Schreeuwende banshee
Screaming twisted banshee;Schreeuwende, verwrongen banshee
Scrubfoot;Schrobvoet
Sea Snake Hatchling;Het uitkomen van een zeeslang
Sea Snake Young;Zeeslang jong
Sea Troll General;Zeetrol-generaal
Sea Troll Queen;Zeetrollenkoningin
Sea slug;Zeeslak
Sea slugs display;Zeeslakken worden tentoongesteld
Sea troll;Zee trol
Seagull;Zeemeeuw
Seaman Lorris;Zeeman Lorris
Seaman Morris;Zeeman Morris
Seaman Thresnor;Zeeman Thresnor
Secretary;Secretaris
Security Guard;Bewaker
Seddu;Seddu
Sedridor;Sedridor
Seer;Ziener
Selena;Selena
Selene;Selene
Seravel;Seravel
Seren;Sereen
Sergeant;Sergeant
Sergeant Damien;Sergeant Damiaan
Sergeant Grimspike;Sergeant Grimspike
Sergeant Mossfists;Sergeant Mossfisten
Sergeant Ricardo;Sergeant Ricardo
Sergeant Sambur;Sergeant Sambur
Sergeant Slimetoes;Sergeant Slimetoes
Sergeant Steelwill;Sergeant Steelwill
Sergeant Strongstack;Sergeant Sterkstapel
Sergiu;Sergiu
Servant;Bediende
Servery assistant;Serveerster assistent
Seth;Seth
Seth Groats;Seth Groats
Shade;Schaduw
Shade Spirit;Schaduw geest
Shadow;Schaduw
Shadow Hound;Schaduwhond
Shadow Wyrm;Schaduw Wyrm
Shadow spider;Schaduw spin
Shadow warrior;Schaduwstrijder
Shadowy figure;Schaduwfiguur
Shady figure;Schaduwrijk figuur
Shaeded Beast;Schaduwrijk beest
Shamus;Shamus
Shanomi;Shanomi
Shantay;Shantay
Shantay Guard;Shantay-wacht
Sharimika;Sharimika
Shark;Haai
Shayda;Shayda
Shayzien Infiltrator;Shayzien-infiltrant
Sheep;Schaap
Sheepdog;Herdershond
Sherlock;Sherlock
Sheryl;Sheryl
Shield master;Schild meester
Shifter;Versteller
Shilop;Shilop
Shipyard worker;Scheepswerfarbeider
Shiratti the Custodian;Shiratti de Bewaarder
Shop assistant;Winkelbediende
Shop keeper;Winkelier
Shura;Shura
Siamun;Siamun
Sian;Sian
Sid;Sid
Siegfried Erkle;Siegfried Erkle
Sigbert the Adventurer;Sigbert de avonturier
Sigismund;Sigismund
Sigli the Huntsman;Sigli de jager
Sigmund;Sigmund
Sigmund The Merchant;Sigmund de koopman
Sigmund and Zanik;Sigmund en Zanik
Signy;Signy
Sigurd;Sigurd
Sil'as Dahcsnu;Sil'as Dahcsnu
Silk merchant;Zijdehandelaar
Silk trader;Zijdehandelaar
Silver Cog Director;Zilveren Cog-directeur
Silver Cog Secretary;Zilveren Kogge-secretaris
Silver merchant;Zilverhandelaar
Silver ore;Zilvererts
Simon;Simon
Simon Templeton;Simon Tempelton
Simona;Simona
Sin Seer;Zonde ziener
Sinclair;Sinclair
Sinclair Guard dog;Sinclair Waakhond
Sinco Doar;Sinco Doar
Sinister Stranger;Sinistere vreemdeling
Sir Amik Varze;Heer Amik Varze
Sir Bedivere;Heer Bedivere
Sir Carl;Heer Karel
Sir Gawain;Heer Gawain
Sir Harry;Heer Harry
Sir Jerro;Heer Jerro
Sir Kay;Heer Kaj
Sir Kuam Ferentse;Heer Kuam Ferentse
Sir Lancelot;Heer Lancelot
Sir Leye;Heer Ley
Sir Lucan;Heer Lucan
Sir Mordred;Heer Mordred
Sir Palomedes;Heer Palomedes
Sir Pelleas;Heer Pelleas
Sir Percival;heer Percival
Sir Prysin;Heer Prysin
Sir Rebral;Mijnheer Rebraal
Sir Ren Itchood;Sir Ren Itchood
Sir Renitee;Heer Renée
Sir Spishyus;Heer Spishyus
Sir Tiffy Cashien;Sir Tiffy Cashien
Sir Tinley;Mijnheer Tinley
Sir Tristram;Heer Tristram
Sir Vyvin;Heer Vyvin
Sirsal Banker;Sirsal bankier
Sister Aseret;Zuster Aseret
Sister Naoj;Zuster Naoj
Sister Salohcin;Zuster Salohcin
Sister Scarophia;Zuster Scarofia
Sister Senga;Zuster Senga
Sister Sevi;Zuster Sevi
Sister Soul Jar;Zuster Soul Jar
Sister Toen;Zuster Toen
Sister Yram;Zuster Yram
Sithik Ints;Sithik Int
Skavid;Skavid
Skeletal Mystic;Skeletachtige mystiek
Skeletal Wyvern;Skeletachtige Wyvern
Skeletal miner;Skeletachtige mijnwerker
Skeleton;Skelet
Skeleton Champion;Skelet kampioen
Skeleton Hellhound;Skelet Hellehond
Skeleton Hellhound (hard);Skelet Hellhound (hard)
Skeleton Mage;Skelet Magiër
Skeleton brute;Skelet bruut
Skeleton fremennik;Skelet Fremennik
Skeleton heavy;Skelet zwaar
Skeleton hero;Skelet held
Skeleton mage;Skelet magiër
Skeleton thug;Skeletachtige misdadiger
Skeleton warlord;Skelet krijgsheer
Skippy;Skippy
Skogre;Skogre
Skotizo;Skotizo
Skotos;Skotos
Skrach Uglogwee;Skrach Uglogwee
Skraeling;Skraeling
Skulgrimen;Skulgrimen
Skuli Myrka;Skuli Myrka
Skullball;Schedelbal
Skullball Boss;Skullball-baas
Skullball Trainer;Skullball-trainer
Slagilith;Slagilith
Slagilith (hard);Slagilith (hard)
Slash Bash;Slash bash
Slave;Slaaf
Sleeping Monkey;Slapende aap
Sleeping guard;Slapende bewaker
Sleepwalker;Slaapwandelaar
Slieve;Slieve
Slim Louie;Slanke Louie
Slippers;Slippers
Sloane;Sloane
Slug Hemligssen;Slak Hemligssen
Slug Prince;Slak Prins
Small Lizard;Kleine Hagedis
Small ninja monkey;Kleine ninja-aap
Small zombie monkey;Kleine zombieaap
Smellytoes;Stinkende tenen
Smiddi Ryak (hard);Smiddi Ryak (hard)
Smith;Smit
Smithing apprentice;Leerling smeden
Smoggy;Smog
Smoke Devil;Rook duivel
Smoke devil;Rook duivel
Smokin' Joe;Rokende Joe
Smolcano;Smolcano
Snail display;Slak weergave
Snake;Slang
Snakeling;Slangenvogel
Snow;Sneeuw
Snowflake;Sneeuwvlok
Snowy knight;Besneeuwde ridder
Sofiya;Sofia
Soldier;Soldaat
Soldier (tier 1);Soldaat (niveau 1)
Soldier (tier 2);Soldaat (niveau 2)
Soldier (tier 3);Soldaat (niveau 3)
Soldier (tier 4);Soldaat (niveau 4)
Soldier (tier 5);Soldaat (niveau 5)
Solihib;Solihib
Solus Dellagar;Solus Dellagar
Solztun;Solztun
Sophanem guard;Sophanem-bewaker
Sophia Hughes;Sophia Hughes
Sorceress;Tovenares
Sorebones;Pijnlijke botten
Sorin;Sorin
Sorrn;Sorry
Sotetseg;Sotetseg
Soulless;Zielloos
Sourhog;Zuurzwijn
Spang;Spang
Spawn;Paaien
Spawn of Sarachnis;Broedsel van Sarachnis
Spectator;Toeschouwer
Speedy Keith;Snelle Kees
Sphinx;Sfinx
Spice seller;Kruidenverkoper
Spider;Spin
Spidine;Spinine
Spiked Turoth;Spike Turoth
Spin Blades;Draai messen
Spined larupia;Doornige larupie
Spinner;Spinner
Spinolyp;Spinolyp
Spirit Angler;Geest visser
Spirit of Scorpius;Geest van Schorpioen
Spirit of Zadimus;Geest van Zadimus
Spirit tree;Geest boom
Spiritual mage;Spirituele magiër
Spiritual ranger;Spirituele boswachter
Spiritual warrior;Spirituele strijder
Spit goblin;Spuug kobold
Spitting Wyvern;Wyvern spugen
Splatter;Splatter
Spotted kebbit;Gevlekte kebbit
Spria;Spria
Spring Elemental;Elementair voorjaar
Squire;Schildknaap
Squire (Intermediate);Schildknaap (gemiddeld)
Squire (Novice);Schildknaap (beginner)
Squire (Veteran);Squire (veteraan)
Squirrel;Eekhoorn
Sraracha;Sraracha
Stag;Hert
Stanford;Stanford
Stankers;Stankers
Star Sprite;Sterren Sprite
Starflower;Sterrenbloem
Starlight;Sterrenlicht
Steel dragon;Stalen draak
Steve;Steve
Stick;Stok
Stone Guardian;Steenbewaker
Stone mason;Steenhouwer
Stonemason;Steenhouwer
Storm Cloud;Stormwolk
Storm cloud;Onweerswolk
Strange Old Man;Vreemde oude man
Strange plant;Vreemd plantje
Strange watcher;Vreemde kijker
Stranger;Vreemdeling
Straven;Straven
Stray dog;Verdwaalde hond
Street urchin;Straatjongen
Strong Ronny;Sterk Ronny
Student;Student
Stuliette;Stuliette
Stumpy;Stomp
Stunned Hoop Snake;Verbijsterde hoepelslang
Stunted demonic gorilla;Onvolgroeide demonische gorilla
Styrmir;Styrmir
Suit of armour;Harnas
Sulphur Lizard;Zwavelhagedis
Summer Elemental;Zomer elementair
Summoned Soul;Opgeroepen ziel
Summoned Zombie;Opgeroepen zombie
Sune;Zon
Superior ghostly thrall;Superieure spookachtige slaaf
Superior skeletal thrall;Superieure skeletachtige slaaf
Superior zombified thrall;Superieure zombified slaaf
Supreme Commander;Opperbevelhebber
Suqah;Suqah
Surgeon General Tafani;Chirurg-generaal Tafani
Surma;Surma
Surok Magis;Surok Magis
Survival Expert;Survival-expert
Suspect;Verdachte
Suspicious water;Verdacht water
Svetlana;Svetlana
Svidi;Svidi
Swamp Crab;Moeraskrab
Swamp Priest;Moeras Priester
Swamp frog;Moeras kikker
Swamp lizard;Moeras hagedis
Swamp snake;Moeras slang
Swamp toad;Moeras pad
Swampy log;Moerassig logboek
Swan;Zwaan
Swarm;Zwerm
Sweeper;Veger
Swensen the Navigator;Swensen de Navigator
Swordchick;Zwaardkuiken
Sylas;Sylas
Taiman;Taiman
Talia;Talia
Taloned Wyvern;Geklauwde Wyvern
Tamayu;Tamayu
Tamble;Tamble
Tanglefoot;Tanglefoot
Tanglefoot (hard);Tanglefoot (hard)
Tangleroot;Tanglewortel
Tanner;Looier
Tanya;Tanja
Tar Bubbles;Teerbellen
Tar Monster;Teermonster
Tarfol quo Maten;Tarfol quo Maten
Target;Doel
Taria;Taria
Tarik;Tarik
Tarn;Tarn
Tarquin;Tarquin
Tassie Slipcast;Tassie-slipcast
Tati;Tati
Tatie;Tatie
Tau;Tau
Taxidermist;Taxidermist
Taylor;Taylor
Tayten;Tayten
Tea seller;Thee verkoper
Teacher;Docent
Teacher and pupil;Leraar en leerling
Ted Rehnison;Ted Rehnison
Tegdak;Tegdak
Tegid;Tegid
Tektiny;Tektini
Tekton;Tekton
Tekton (enraged);Tekton (woedend)
Telekinetic Guardian;Telekinetische bewaker
Temple Spider;Tempel Spin
Temple guardian;Tempelbewaker
Tempoross;Tempoross
Tentacle;Tentakel
Tenzing;Tenzing
Teodor;Teodor
Terror dog;Terreurhond
Terror dog statue;Terreurhond standbeeld
Terrorbird;Terrorvogel
Terrorbird display;Terrorbird-vertoning
Terrorchick gnome;Terrorchick-kabouter
Thakkrad Sigmundson;Thakkrad Sigmundson
The 'Wedge';De 'Wig'
The Beast;Het Beest
The Collector;De verzamelaar
The Draugen;De Draugen
The Everlasting;De eeuwige
The Everlasting (hard);Het eeuwige (moeilijk)
The Face;Het gezicht
The Fisher King;De Visserskoning
The Illusive;Het illusieve
The Inadequacy;De ontoereikendheid
The Inadequacy (hard);De ontoereikendheid (moeilijk)
The Jormungand;De Jormungand
The Kendal;De Kendal
The Kendal (hard);De Kendal (moeilijk)
The Lady of the Lake;De Vrouwe van het Meer
The Maiden of Sugadinti;Het meisje van Sugadinti
The Mimic;De Mimic
The Monkey's Aunt;De tante van de aap
The Monkey's Uncle;De oom van de aap
The Nightmare;De nachtmerrie
The Queen of Thieves;De koningin der dieven
The Shaikahan;De Shaikahan
The Untouchable;De onaantastbare
The Untouchable (hard);De onaantastbare (moeilijk)
Thermonuclear smoke devil;Thermonucleaire rookduivel
Thessalia;Thessalië
Thias Leacke;Thias Leacke
Thief;Dief
Thing under the bed;Ding onder het bed
Thingol;Dingol
Third Age Mage;Magiër uit het derde tijdperk
Third Age Ranger;Ranger uit het derde tijdperk
Third Age Warrior;Strijder uit het derde tijdperk
Thirus;Thirus
Thistle;Distel
Thomdril;Thomdril
Thora;Thora
Thora the Barkeep;Thora de Barkeeper
Thordur;Thordur
Thorgel;Thorgel
Thorhild;Thorhild
Thorkel Silkbeard;Thorkel Zijdebaard
Thormac;Thormac
Thorodin;Thorodin
Thorvald the Warrior;Thorvald de krijger
Thrantax the Mighty;Thrantax de Machtige
Thrower Troll;Gooiende trol
Thrower troll;Gooiende trol
Thug;Misdadiger
Thumpy;Bont
Thurgo;Thurgo
Thyria;Thyrië
Tiadeche;Tiadeche
Ticket Merchant;Tickethandelaar
Ticket dwarf;Ticket dwerg
Ticket goblin;Ticket kobold
Tide;Getijde
Tiles;Tegels
Tilt;Kantelen
Tim;Tim
Timallus;Timallus
Timble;Timble
Timfraku;Timfraku
Tin ore;Tin-erts
Tina;Tine
Tindar;Tindar
Tindel Marchant;Tindel Marchant
Tinsay;Tinsay
Tinse Torpe;Tine Torpe
Tiny Tempor;Klein tempo
Tirrie;Tirrie
Tjorvi;Tjorvi
Toban;Toban
Toby;Toby
Tok-Xil;Tok-Xil
Tolna;Tolna
Tomas Lawry;Tomas Advocaten
Tombar;Tombar
Tommy 2-times;Tommy 2 keer
Tool Leprechaun;Gereedschapskabouter
Toothy;Toothig
Topsy;Topsy
Torag the Corrupted;Torag de corrupte
Torbrund;Torbrund
Torcher;Fakkel
Torfinn;Torfinn
Tormented Soul;Gekwelde ziel
Torrcs;Torrcs
Torrell;Torrel
Tortoise;Schildpad
Tortured gorilla;Gemartelde gorilla
Tortured soul;Gemartelde ziel
Tostig;Tostig
Tough Guy;Stoere kerel
Tower Advisor;Toren adviseur
Tower Archer;Toren Boogschutter
Tower Mage;Toren Magiër
Tower guard;Torenwachter
Town Crier;Stadsomroeper
Town Guard;Stadswacht
Toy Doll;Speelgoed pop
Toy Mouse;Speelgoedmuis
Toy Soldier;Speelgoedsoldaat
Tracker gnome 1;Tracker-kabouter 1
Tracker gnome 2;Tracker-kabouter 2
Tracker gnome 3;Tracker-kabouter 3
Trade Referee;Handelsscheidsrechter
Trader;Handelaar
Trader Crewmember;Bemanningslid van een handelaar
Trader Stan;Handelaar Stan
Trader Sven;Handelaar Sven
Traiborn;Traiborn
Trainee Guard;Stagiaire bewaker
Trainer Nacklepen;Trainer Nacklepen
Tramp;Zwerver
Trapped Soul;Gevangen ziel
Trapped Soul (hard);Gevangen ziel (hard)
Traxi;Traxi
Treacle;Stroop
Treasure fairy;Schat fee
Tree;Boom
Tree spirit;Boom geest
Tree spirit (hard);Boomgeest (hard)
Trees;Bomen
Trefaji;Trefaji
Treus Dayth;Treus Dag
Treus Dayth (hard);Treus Dayth (hard)
Treznor;Treznor
Tribal Weapon Salesman;Stamwapenverkoper
Tribesman;Stamlid
Tristan;Tristan
Trobert;Trobert
Trogen Konungarde;Trogen Konungarde
Troll;Trol
Troll child;Trol kind
Troll father;Trol vader
Troll general;Trol-generaal
Troll mother;Trollen moeder
Troll spectator;Trol toeschouwer
Trolley;Karretje
Tropical wagtail;Tropische kwikstaart
Trossa;Trossa
Trufitus;Trufitus
Tstanon Karlak;Tstanon Karlak
Turael;Turaël
Turbogroomer;Turbogroomer
Turgall;Turgall
Turgok;Turgok
Turgon;Turgon
Turoth;Turoth
Tutab;Toetab
Twig;Takje
Twiggy O'Korn;Twiggy O'Korn
Twisted Banshee;Verdraaide Banshee
Two-pints;Twee pinten
Tyke;Tyke
Tynan;Tynan
Typhor;Tyfoon
Tyras Guard;Tyras-wacht
Tyras guard;Tyras-bewaker
Tyss;Tyss
Tz-Kek;Tz-Kek
Tz-Kih;Tz-Kih
TzHaar-Hur;TzHaar-Hur
TzHaar-Hur-Lek;TzHaar-Hur-Lek
TzHaar-Hur-Rin;TzHaar-Hur-Rin
TzHaar-Hur-Tel;TzHaar-Hur-Tel
TzHaar-Hur-Zal;TzHaar-Hur-Zal
TzHaar-Ket;TzHaar-Ket
TzHaar-Ket-Keh;TzHaar-Ket-Keh
TzHaar-Ket-Rak;TzHaar-Ket-Rak
TzHaar-Ket-Yil;TzHaar-Ket-Yil
TzHaar-Ket-Zuh;TzHaar-Ket-Zuh
TzHaar-Mej;TzHaar-Mej
TzHaar-Mej-Bal;TzHaar-Mej-Bal
TzHaar-Mej-Dir;TzHaar-Mej-Dir
TzHaar-Mej-Jal;TzHaar-Mej-Jal
TzHaar-Mej-Kah;TzHaar-Mej-Kah
TzHaar-Mej-Roh;TzHaar-Mej-Roh
TzHaar-Xil;TzHaar-Xil
TzKal-Zuk;TzKal-Zuk
TzRek-Jad;TzRek-Jad
TzRek-Zuk;TzRek-Zuk
TzTok-Jad;TzTok-Jad
Ug;Ug
Uglug Nar;Uglug Nar
Ugthanki;Oegthanki
Ulfric;Ulfrik
Ulifed;Ulifed
Ulizius;Ulizius
Ulsquire Shauncy;Ulsquire Shauncy
Undead Druid;Ondode druïde
Undead Lumberjack;Ondode houthakker
Undead Zealot;Ondode zeloot
Undead chicken;Ondode kip
Undead cow;Ondode koe
Undead one;Een ondode
Undead tree;Ondode boom
Undor;Ongedaan maken
Unferth;Unferth
Ungadulu;Ungadulu
Unicorn;Eenhoorn
Unicorn Foal;Eenhoorn veulen
Unicow;Unicow
Unnamed troll child;Naamloze trolkind
Uodai;Uodai
Ur-lun;Ur-lun
Ur-meg;Ur-meg
Ur-pel;Ur-pel
Ur-taal;Ur-taal
Ur-tag;Ur-tag
Ur-vass;Ur-vass
Ur-zek;Ur-zek
Urbi;Urbi
Uri;Uri
Urium Shade;Urium schaduw
Urium Shadow;Urium schaduw
Usi;Usi
Utrec;Utrec
Uurrak quo Narga;Uurrak quo Narga
Uwogo;Uwogo
Uyoro;Uyoro
Vaeringk;Vaeringk
Vaire;Vaire
Valaine;Valaine
Valantay Eppel (medium);Valantay Eppel (medium)
Valentin Rasputin;Valentin Raspoetin
Valentina Diaemus;Valentina Diaemus
Valeria;Valeria
Valgerd;Valgerd
Vallessia Dracyula;Vallessia Dracyula
Vallessia von Pitt;Vallessia von Pitt
Vampyre Juvenile;Vampier Jeugdig
Vampyre Juvinate;Vampier Juvinaat
Vampyressa van Von;Vampyressa van Von
Vampyric hound;Vampyrische hond
Vampyrus Diaemus;Vampyrus Diaemus
Vanescula Drakan;Vanescula Drakan
Vanessa;Vanessa
Vanguard;Voorhoede
Vanligga Gastfrihet;Vanligga Gastfrihet
Vannah;Vannah
Vannaka;Vannaka
Vanstrom Klause;Vanström Klause
Varrian Sobak;Varrian Sobak
Vasa Minirio;Vasa Minirio
Vasa Nistirio;Vasa Nistirio
Vasile;Vasile
Vasquen;Vasquen
Veliaf Hurtz;Veliaf Hürtz
Velorina;Velorina
Velrak the explorer;Velrak de ontdekkingsreiziger
Venenatis;Venenatis
Venenatis spiderling;Venenatis spinnetje
Veos;Veo's
Vera;Vera
Verac the Defiled;Verac de Verontreinigde
Verak;Verak
Vermundi;Vermundi
Veronica;Veronica
Vertida Sefalatis;Vertida Sefalatis
Verzik Vitur;Verzik Vitur
Vespina;Vespina
Vespine soldier;Vespine-soldaat
Vespula;Vespula
Vestri;Vestri
Vet'ion;Dierenarts
Vet'ion Jr.;Vet'ion Jr.
Vet'ion Reborn;Vet'ion herboren
Victor;Victor
Vigr;Vigr
Vigroy;Vigroy
Villager;Dorpeling
Villia;Villia
Violetta Sanguine;Violetta Sanguine
Vitreous Jelly;Glasachtige gelei
Vitreous warped Jelly;Glasvocht kromgetrokken gelei
Viyeldi;Viyeldi
Vlad Bechstein;Vlad Bechstein
Vlad Diaemus;Vlad Diaemus
Vladimir;Vladimir
Voice of Yama;Stem van Yama
Void Knight;Leegte Ridder
Volf Olafson;Volf Olafson
Von van Von;Von van Von
Vonnetta Varnis;Vonnetta Varnis
Vorkath;Vorkath
Vorki;Vorki
Vormar Vakan;Vormar Vakan
Vornas quo Maten;Vornas quo Maten
Vortas quo Keran;Vortas quo Keran
Vritra;Vritra
Vulcan Orvoros;Vulcan Orvoros
Vulture;Gier
Vyre Orator;Vyre redenaar
Vyrelady;Vylady
Vyrelord;Vyrelord
Vyrewatch;Vyrewatch
Vyrewatch Sentinel;Vyrewatch Sentinel
Wagchin;Wagchin
Wall beast;Muur beest
Wallasalki;Wallasalki
Wally;Wally
Wanderer;Zwerver
Wandering impling;Dwalende impling
Warped Jelly;Vervormde gelei
Warrior;Strijder
Warrior of Murahs;Strijder van Murahs
Warrior woman;Strijder vrouw
Watchman;Wachter
Watchtower Wizard;Wachttoren-tovenaar
Water elemental;Elementair water
Water wizard;Water-tovenaar
Waterfiend;Waterfiend
Watson;Watson
Waydar;Waydar
Waymottin;Waymottin
Wayne;Wayne
Weakened Delrith;Verzwakte Delrith
Weaponsmaster;Wapenmeester
Weird Old Man;Vreemde oude man
Well-armed Foe;Goed bewapende vijand
Wemund;Wemund
Wengra quo Sihar;Wengra quo Sihar
Werewolf;Weerwolf
Wesley;Wesley
Weve;Wij
Whirlpool;Bubbelbad
White Chisel Director;White Chisel-regisseur
White Chisel Secretary;Witte beitelsecretaris
White Knight;Witte Ridder
White golem;Witte golem
White wolf;Witte wolf
Wild dog;Wilde hond
Wild kebbit;Wilde kebab
Will o' the wisp;Wil van het dwaallicht
William;Willem
Willow;Wilg
Wilough;Wilough
Wilson;Wilson
Wily cat;Willy kat
Wily hellcat;Willy hellcat
Winelda;Wijnelda
Wingman Skree;Wingman Skree
Wingstone;Vleugelsteen
Winkin;Winkin
Winter Elemental;Winter elementair
Winter Soldier;Wintersoldaat
Wintertoad;Winterpad
Wise Old Man;Wijze oude man
Wise Young Man;Wijze jongeman
Wiskit;Wiskit
Wistan;Wistan
Witch;Heks
Witch's cat;De kat van een heks
Witch's experiment;Heksenexperiment
Witch's experiment (fourth form);Heksenexperiment (vierde vorm)
Witch's experiment (fourth form) (hard);Heksenexperiment (vierde vorm) (moeilijk)
Witch's experiment (hard);Heksenexperiment (moeilijk)
Witch's experiment (second form);Heksenexperiment (tweede vorm)
Witch's experiment (second form) (hard);Heksenexperiment (tweede vorm) (moeilijk)
Witch's experiment (third form);Heksenexperiment (derde vorm)
Witch's experiment (third form) (hard);Heksenexperiment (derde vorm) (moeilijk)
Witchaven villager;Hekshaven dorpeling
Wizard;Tovenaar
Wizard Akutha;Tovenaar Akutha
Wizard Cromperty;Tovenaar Cromperty
Wizard Distentor;Tovenaar Distentor
Wizard Frumscone;Tovenaar Frumscone
Wizard Grayzag;Tovenaar Grayzag
Wizard Mizgog;Tovenaar Mizgog
Wizard Sinina;Tovenaar Sinina
Wolf;Wolf
Wolfbone;Wolfsbeen
Woman;Vrouw
Woman-at-arms (hard);Vrouw-at-arm (hard)
Wood Dryad;Houten dryade
Woodsman tutor;Bosman docent
Workman;Werkman
Wormbrain;Wormbrein
Wounded soldier;Gewonde soldaat
Wurbel;Wurbel
Wydin;Wydin
Wyrm;Wyrm
Wyson the gardener;Wyson de tuinman
Wyvern display;Wyvern-vertoning
Xamphur;Xampur
Xarpus;Xarpus
Xorrah quo Sihar;Xorrah quo Sihar
Yadviga;Yadviga
Yak;Jak
Yanni Salika;Yanni Salika
Yarsul;Yarsul
Yellow Fortune Director;Directeur Geel Fortuin
Yellow Fortune Secretary;Secretaris van het Gele Fortuin
Yellow Sheep;Gele schapen
Yellow Snow;Gele sneeuw
Yenrab;Yenrab
Yeti;Yeti
Ymladd;Jawel
Yohnus;Yohnus
Young 'un;Jonge on
Young impling;Jonge impling
Youngllef;Jongellef
Yrsa;Ja
Ysbeid;Ysbeid
Ysgawyn;Ysgawyn
Ystwyth;Ystwyth
Yt-HurKot;Yt-HurKot
Yt-MejKot;Yt-MejKot
Yulf Squecks;Yulf Squecks
Yuri;Joeri
Zakl'n Gritch;Zakl'n Gritch
Zalcano;Zalcano
Zamorak crafter;Zamorak-knutselaar
Zamorak mage;Zamorak magiër
Zamorak ranger;Zamorak-ranger
Zamorak warrior;Zamorak-krijger
Zamorak wizard;Zamorak-tovenaar
Zogre;Zogre
Zoja;Zoja
Zombie;Zombie
Zombie pirate;Zombie-piraat
Zombie rat;Zombie-rat
Zombie swab;Zombie-uitstrijkje
Zombies Champion;Zombiekampioen
Zombified Spawn;Gezombificeerde spawn
Zulrah;Zulrah
Zygomite;Zygomiet
