1337sp34kr;1337sp34kr 
A Doubt;Un doute
Aemad;Aémad
Aivas;Aivas
'Birds-Eye' Jack;Jack « à vol d'oiseau »
Abyssal leech;Sangsue abyssale
Acidic Bloodveld;Veld de sang acide
Alexandra;Alexandra
Ali Morrisane;Ali Morrisane
'Transmute' The Alchemist;'Transmuter' L'Alchimiste
Abbot Langley;Abbé Langley
Abyssal demon;Démon abyssal
Adamant dragon;Dragon inflexible
Aggie;Aggie
Ali the Farmer;Ali le fermier
50% Luke;50% Luc
Abyssal walker;Marcheur abyssal
Agrith Naar;Agrith Naar
Agrith-Na-Na (hard);Agrith-Na-Na (dur)
Air elemental;Élémentaire de l'air
Alec Kincade;Alec Kincade
Alexis;Alexis
Alfonse the waiter;Alphonse le serveur
Ali the Leaflet Dropper;Ali le compte-gouttes de dépliants
Aberrant spectre;Spectre aberrant
Adventurer;Aventurier
Aeonisig Raispher;Éonisig Raispher
Ahab;Achab
Ali the Camel;Ali le chameau
Ali the Kebab seller;Ali le vendeur de Kebab
Ali the Mayor;Ali le maire
'Beefy' Burns;Des brûlures « costaudes »
'Bird's-Eye' Jack;Jack « à vol d'oiseau »
'Sticky' Sanders;Ponceuses « collantes »
A pile of broken glass;Un tas de verre brisé
Adamantite ore;Minerai d'adamantite
Adventurer (easy);Aventurier (facile)
Adventurer Jon;L'aventurier Jon
Aga;Aga
Ak-Haranu;Ak-Haranu
Alek Constantine;Alek Constantin
Ali The barman;Ali le barman
Ali the Carter;Ali le Carter
'Eagle-eye' Shultz;Shultz « à l'œil d'aigle »
'No fingers';"Pas de doigts"
Abidor Crank;Manivelle Abador
Abigale;Abigale
Agnar;Agnar
'The Guns';"Les armes"
Account Guide;Guide du compte
Agmundi;Agmundi
Agrith-Na-Na;Agrith-Na-Na
Ali the Guard;Ali le garde
'Gummy';'Gommeux'
Acorn;Gland
Aisles;Allées
Akthanakos;Akthanakos
Al-Kharid warrior;Guerrier d'Al-Kharid
Albino bat;Chauve-souris albinos
Afrah;Afrah
Agility Instructor;Instructeur d'agilité
Agrith Naar (hard);Agrith Naar (dur)
 Sneaky undead fowl;Poule morte-vivante sournoise
'Currency' The Alchemist;'Monnaie' L'Alchimiste
'Lecherous' Lee;Lee « lubrique »
A'abla;A'abla
Afflicted(Ulsquire);Affligé(Ulsquire)
'Beedy-eye' Jones;"Beedy-eye" Jones
'Picarron' Pete;Pete "Picarron"
Afflicted;Affligé
Agility Trainer;Entraîneur d'agilité
Ali the Hag;Ali la sorcière
Aberab;Abérab
Abyssal Sire;Père abyssal
Account security tutor;Tuteur en sécurité des comptes
Advisor Ghrim;Conseiller Ghrim
Ajjat;Ajjat
Alain;Alain
Abomination;Abomination
Afflicted(Razmire);Affligé(Razmire)
Al the Camel;Al le chameau
Ali the Camel Man;Ali l'homme chameau
'Black-eye';'Œil au beurre noir'
Achietties;Réalisations
Agility Boss;Patron d'agilité
Ahrim the Blighted;Ahrim le Dévasté
Air wizard;Assistant aérien
Al Shabim;Al-Shabim
Alan;Alain
Alchemical Hydra;Hydre alchimique
Alexander;Alexandre
'Betty' B.Boppin;'Betty' B. Boppin
? ? ? ?;? ? ? ?
Abhorrent spectre;Spectre odieux
Abigaila;Abigaïla
Abyssal guardian;Gardien abyssal
Abyssal orphan;Orphelin abyssal
Alchemy Guardian;Gardien de l'alchimie
Aleck;Aleck
Ambassador Ferrnook;Ambassadeur Ferrnook
Ancient Ghost;Ancien fantôme
Ancient monkey;Singe ancien
Aneirin;Aneirine
Animated Adamant Armour;Armure catégorique animée
Apmeken;Apmeken
Arianwyn;Arianewyn
Ali the Tailor;Ali le tailleur
Anaire;Anaire
Ancient Zygomite;Zygomite ancienne
Andiess Juip;Andiess Juip
Angry bear;Ours en colère
Angry giant rat;Rat géant en colère
Anita;Anita
Annoyed guardian mummy;Maman gardienne agacée
Armourer (tier 5);Armurier (niveau 5)
Archaeological expert;Expert en archéologie
Armourer (tier 3);Armurier (niveau 3)
Altarkiz;Altarkiz
Andrea;Andréa
Animated Bronze Armour;Armure de bronze animée
Ankou;Ankou
Anna;Anna
Aranwe;Aranwe
Arnold Lydspor;Arnold Lydspor
Ali the dyer;Ali le teinturier
Alice;Alice
Ambassador Gimblewap;Ambassadeur Gimblewap
Andras;Andras
Animated Iron Armour;Armure de fer animée
Animated Steel Armour;Armure d'acier animée
Archer;Archer
Arianwyn (hard);Arianwyn (dur)
Almera;Almera
Alwyn;Alwyn
Ambassador Spanfipple;Ambassadeur Spanfipple
Amrod;Amrod
Angry goblin;Gobelin en colère
Arhein;Arhéin
Ambassador Alvijar;Ambassadeur Alvijar
Anwen;Anwen
Apprentice workman;Apprenti ouvrier
Armourer (tier 4);Armurier (niveau 4)
Alrena;Alréna
Angelo;Angelo
Animated Rune Armour;Armure runique animée
Anton;Anton
Armourer (tier 1);Armurier (niveau 1)
Ali the Smith;Ali le Forgeron
Ammonite Crab;Crabe ammonite
Annette;Annette
Apothecary;Apothicaire
Anleif;Anleif
Aretha;Aretha
Ali the Snake Charmer;Ali le charmeur de serpents
Angry barbarian spirit;Esprit barbare en colère
Archaeologist;Archéologue
An old Dwarf;Un vieux nain
Aristarchus;Aristarque
Armod;Armod
Armour salesman;Vendeur d'armures
Armourer (tier 2);Armurier (niveau 2)
Arno;Arnon
Alice's husband;Le mari d'Alice
Allanna;Allanna
Alrik;Alrik
Altar;Autel
Ancient Guardian;Ancien Gardien
Angel;Ange
Animated Black Armour;Armure noire animée
Animated spade;Pique animée
Arcis;Arcis
Aredhel;Aredhel
Armadylean guard;Garde armadylienne
Ali the Operator;Ali l'Opérateur
Andros Mai;Andros Mai
Animated steel armour;Armure d'acier animée
Anja;Anja
Apprentice (medium);Apprenti (moyen)
Archpriest of the Unicorn;Archiprêtre de la Licorne
Alice the Camel;Alice le chameau
Alomone;Alone
Alviss;Alvis
Alyssa;Alyssa
Ana;Ana
Ancient Wyvern;Wyverne ancienne
Animated Mithril Armour;Armure animée en mithril
Anna Jones;Anna Jones
Apprentice;Apprenti
Army Commander;Commandant de l'armée
Alry the Angler;Alry le pêcheur
Aluft Gianne snr.;Aluft Gianne snr.
Amelia;Amélie
Amy;Amy
Ancient Fungi;Champignons anciens
Ancient Wizard;Ancien sorcier
Angry unicorn;Licorne en colère
Anne Isaakson;Anne Isaacson
Archeio;Archéo
Armoured Foe;Ennemi blindé
Asyn shadow;Ombre asyn
Azzanadra;Azzanadra
Bakuna;Bakuna
Balfrug Kreeyath;Balfrug Kreeyath
Banknote Exchange Merchant;Marchand d'échange de billets de banque
Barge guard;Garde de barge
Barman;Barman
Barnabus Hurma;Barnabus Hurma
Assistant Brock;Assistant Brock
Austri;Autriche
Awusah the Mayor;Awusah le maire
Baby Mole-rat;Bébé rat-taupe
Baby tanglefoot;Bébé emmêlé
Barricade;Barricade
Arvel;Arvel
Arzinian Being of Bordanzan;Être arzinien de Bordanzan
Assassin;Assassin
Asteros Arceuus;Asteros Arceuus
Audmann;Audmann
Autumn Elemental;Élémentaire d'automne
Ava;Ava
Barlak;Barlak
Asyn Shadow;Asyn Ombre
Baby red dragon;Bébé dragon rouge
Banisoch;Banisoch
Barbarian guard;Garde barbare
Arnor;Arnor
Ashild;Ashild
Assistant Stan;Assistant Stan
Awowogei;Awowogei
Ayesha;Aïcha
Baby impling;Bébé impliquant
Barker;Aboyeur
Arthur the Clue Hunter;Arthur le chasseur d'indices
Avatar of Creation;Avatar de la création
Bank guard;Garde de banque
Banker tutor;Tuteur banquier
Barmaid;Barmaid
Artimeus;Artimeus
Askeladden;Askelaadden
Asyff;Asyff
Auctioneer;Commissaire-priseur
Baby Chinchompa;Bébé Chinchompa
Bandit shopkeeper;Commerçant bandit
Bandosian guard;Garde bandosienne
Banker;Banquier
Arsen the Thief;Arsène le voleur
Assistant Serf;Serf adjoint
Aubury;Aubury
Avatar of Destruction;Avatar de destruction
Balloon Animal;Animal en ballon
Bandit champion;Champion des bandits
Arrg;Arrg
Assistant Le Smith;Assistant Le Smith
Awakened Altar;Autel éveillé
Baby Roc;Bébé Roc
Baby blue dragon;Bébé dragon bleu
Barge workman;Ouvrier de barge
Barrelchest (hard);Coffre en tonneau (dur)
Bartak;Bartak
Arrg (hard);Arrg (dur)
Balloon Toad;Crapaud ballon
Barb-tailed kebbit;Kebbit à queue barbelée
Ash;Cendre
Assistant;Assistant
Asyn Shade;Ombre Asyn
Avan;Avan
Baraek;Baraek
Barbarian Warlord;Seigneur de guerre barbare
Barfy Bill;Bill Barfy
Barrelchest;Coffre en tonneau
Auguste;Auguste
Aurel;Aurel
Baby Mole;Bébé taupe
Banshee;Banshee
Barge foreman;Contremaître de barge
Bark Blamish Snail;Écorce d'escargot blême
Arzinian Avatar of Ranging;Avatar arzinien de télémétrie
Arzinian Avatar of Strength;Avatar arzinien de force
Baby green dragon;Bébé dragon vert
Bald Headed Eagle;Pygargue à tête blanche
Art Critic Jacques;Critique d'art Jacques
Arzinian Avatar of Magic;Avatar de magie arzinien
Assistant Marrow;Assistant Moelle
Art;Art
Arthur;Arthur
Baker;Boulanger
Bandit;Bandit
Barbarian;Barbare
Bardur;Bardur
Artur Hosidius;Arthur Hosidius
Assistant Lori;Assistante Lori
Atlas;Atlas
Aviansie;Aviansie
Baba Yaga;Baba Yaga
Baby black dragon;Bébé dragon noir
Badger;Blaireau
Bailey;Bailey
Bandit Leader;Chef des bandits
Barbara;Barbara
Basilisk Sentinel;Sentinelle du basilic
Big frog;Grosse grenouille
Black Guard Berserker;Berserker de la Garde noire
Black unicorn;Licorne noire
Black unicorn Foal;Poulain licorne noire
Bob Barter (herbs);Bob Barter (herbes)
Basilisk Knight;Chevalier basilic
Battle mage;Mage de bataille
Bedabin Nomad Fighter;Combattant nomade Bedabin
Beggar;Mendiant
Billy;Gamelle
Black Knight Titan;Titan Chevalier Noir
Black golem;Golem noir
Blessed spider;Araignée bénie
Big Dave;Grand Dave
Black bear;Ours noir
Blue Opal Secretary;Secrétaire Opale Bleue
Bob;Bob
Bobbing fossil;Fossile flottant
Basilisk;Basilic
Baxtorian;Baxtorien
Benjamin;Benjoin
Billy Rehnison;Billy Rehnison
Blackjack seller;Vendeur de blackjack
Bast;Raphia
Bedread the bold;Lire le gras
Benny;Benny
Bentamir;Bentamir
Bloodhound;Limier
Blurberry;Blurberry
Beaver;Castor
Black Guard;Garde noire
Black swan;Cygne noir
Black warlock;Démoniste noir
Blast Furnace Foreman;Contremaître de haut fourneau
Bloated Toad;Crapaud gonflé
Bloodveld;Veld de sang
Black Heather;Bruyère noire
Blood Blamish Snail;Escargot blâmé par le sang
Bobawu;Bobawu
Bolongo;Bolongo
Big Wolf;Grand loup
Bjorn;Björn
Blasidar the sculptor;Blasidar le sculpteur
Blood spawn;Apparition de sang
Blue Opal Director;Réalisateur d'Opale Bleue
Bear Cub;Ourson
Black Cat;Chat noir
Black dragon;Dragon noir
Bob, another guard of Falador;Bob, un autre garde de Falador
Basilisk Youngling;Jeune basilic
Berry;Baie
Black Knight Captain;Capitaine Chevalier Noir
Black Knight Titan (hard);Chevalier Noir Titan (difficile)
Black chinchompa;Chinchonpa noir
Blaec;Blaec
Blessed giant rat;Rat géant béni
Bed;Lit
Bedabin Nomad;Bébabin Nomade
Bee keeper;Apiculteur
Berserk barbarian spirit;Esprit barbare berserk
BigRedJapan;BigRedJapon
Billy Goat;Bouc
Black demon;Démon noir
Blandebir;Blandebir
Bloodworm;Ver de sang
Boar;Verrat
Beite;Béité
Bert;Bert
Big Snake;Grand serpent
Bill Teach;Bill Enseigner
Billy, a guard of Falador;Billy, un garde de Falador
Blair;Blair
Blue Monkey;Singe bleu
Blue dragon;Dragon bleu
Bartender;Barman
Bat;Batte
Biblia;Biblia
Bird;Oiseau
Black Knight;Chevalier noir
Black knight;Chevalier noir
Bellemorde;Bellemorde
Belona;Belona
Betty;Betty
Body Golem;Corps Golem
Bedabin Nomad Guard;Garde nomade Bedabin
Bench;Banc
Black demon (hard);Démon noir (dur)
Black salamander;Salamandre noire
Blue Sheep;Mouton bleu
Bologa;Bologne
Batt Mellamy;Batt Mellamy
Battle tortoise display;Exposition de tortues de combat
Bearded gorilla;Gorille barbu
Bees!;Des abeilles !
Beigarth;Beigart
Bernald;Bernard
Blanin;Blanin
Boat;Bateau
Bolkoy;Bolkoï
Border Guard;Garde-frontière
Butler Jones;Majordome Jones
Boulder;Rocher
Boy;Garçon
Brendt;Brendt
Brother Althric;Frère Althric
Caninelle Draynar;Caninelle Draynar
Captain Bentley;Capitaine Bentley
Boris;Boris
Bouquet Mac Hyacinth;Bouquet Mac Jacinthe
Broken Handz;Main cassée
Cabin Boy Colin;Garçon de cabine Colin
Caden Azro;Caden Azro
Capt' Arnav;Capitaine Arnav
Camel display;Exposition de chameaux
Boneguard;Garde-os
Bouncer (hard);Videur (dur)
Bree;Brée
Briget;Brigitte
Brother Kojo;Frère Kojo
Brutal blue dragon;Dragon bleu brutal
Bunkdo;Bunkdo
Burkor;Burkor
Breoca;Bréoca
Brewer;Brasseur
Broodoo victim;Victime de Broodoo
Butler Jarvis;Majordome Jarvis
Butterfly;Papillon
Caerwyn;Caerwyn
Caleb;Caleb
Borrokar;Borrokar
Breive;Breive
Brine rat;Rat de saumure
Brother Maledict;Frère Malédict
Brother Tranquility;Frère Tranquillité
Callisto cub;Petit Callisto
Cap'n Hand;Cap'n Hand
Bork Sigmundson;Bork Sigmundson
Buinn;Buinn
Callisto;Callisto
Camarst;Camarst
Captain Barnaby;Capitaine Barnabé
Bones;Os
Brian;Brian
Bryn;Bryn
Bunny;Lapin
Burntof;Brûlé
Cage;Cage
Candle seller;Vendeur de bougies
Captain;Capitaine
Bow and Arrow salesman;Vendeur d'arcs et de flèches
Bravek;Bravek
Brawler;Bagarreur
Brother Cedric;Frère Cédric
Brutal red dragon;Dragon rouge brutal
Bryophyta;Bryophytes
Cabin boy;Garçon de cabine
Candle maker;Fabricant de bougies
Captain Bleemadge;Capitaine Bleemadge
Branwen;Branwen
Brian O'Richard;Brian O'Richard
Bruise Blamish Snail;Escargot blême bleu
Brundt the Chieftain;Brundt le chef
Brutal black dragon;Dragon noir brutal
Bullrush;Bouvreuil
Cabin boy Jenkins;Garçon de cabine Jenkins
Cap'n Izzy No-Beard;Cap'n Izzy sans barbe
Brambickle;Ronce
Brassican Mage;Mage Brassicain
Bronze dragon;Dragon de bronze
Brother Jered;Frère Jered
Builder;Constructeur
Camel;Chameau
Camp dweller;Habitant du camp
Boot;Botte
Brother Omad;Frère Omad
Brugsen Bursen;Brugsen Bursen
Bugs;Insectes
Bush snake;Serpent de brousse
Butler;Majordome
Cannoneer;Canonnier
Bonzo;Bonzo
Bouncer;Videur
Brown Engine Director;Directeur Moteur Brown
Burntmeat;Viande brûlée
Cabin Boy Herbert;Garçon de cabine Herbert
Cam the Camel;Cam le chameau
Bonafido;Bonafido
Brimstail;Brimqueue
Broddi;Broddi
Broken clay golem;Golem d'argile brisé
Brother Aimeri;Frère Aiméri
Brown Engine Secretary;Secrétaire du moteur Brown
Brutal green dragon;Dragon vert brutal
Bonzara;Bonzara
Brana;Brana
Brother Brace;Frère Brace
Bunkwicket;Guichet superposé
Calin;Calin
Camorra;Camorra
Captain Braindeath;Capitaine Mort cérébrale
Caranthir;Caranthir
Carnivus Belamorta;Carnivus Belamorta
Cat;Chat
Cave horror;Horreur des grottes
Chaos druid warrior;Guerrier druide du chaos
Carla;Carla
Cassie;Cassie
Cave goblin guard;Garde gobelin des cavernes
Cavey Davey;Davey Cavey
Cerberus;Cerbère
Chancy;Hasardeux
Chaos Elemental;Élémentaire du chaos
Charlie Brown;Charlie Brun
Charmed Warrior;Guerrier charmé
Captain Cain;Capitaine Caïn
Captain Lawgof;Capitaine Lawgof
Captain Shanks;Capitaine Shanks
Cart conductor;Conducteur de chariot
Cave abomination;Abomination des grottes
Cave slime;Boue des grottes
Cave snake;Serpent des cavernes
Celegorm;Célégorme
Celyn;Célyn
Cheerleader;Pom-pom girl
Captain Janaway;Capitaine Janaway
Cave goblin;Gobelin des cavernes
Charles Charlington;Charles Charlington
Captain Magoro;Capitaine Magoro
Captain Rimor;Capitaine Rimor
Carado;Carado
Caroline;Caroline
Cave monk;Moine des cavernes
Centaur;Centaure
Charlie the cook;Charlie le cuisinier
Captain Bruce;Capitaine Bruce
Captain Dudi;Capitaine Dudi
Captain Pudi;Capitaine Pudi
Captain Rachelle;Capitaine Rachelle
Catalina;Catalina
Cave Scenery;Paysage de grotte
Chef Olivia;Chef Olivia
Chemist;Chimiste
Captain Cleive;Capitaine Cleive
Captain Daerkin;Capitaine Daerkin
Captain Tock;Capitaine Tock
Carnivorous chinchompa;Chinchonpa carnivore
Carpenter Kjallak;Charpentier Kjallak
Cart Camel;Chariot chameau
Cerulean twitch;Contraction céruléenne
Checkal;Chèque
Captain Dalbur;Capitaine Dalbur
Cave lizard;Lézard des cavernes
Ceolburg;Ceolbourg
Chamber guardian;Gardien de chambre
Chaos dwarf;Nain du chaos
Captain Errdo;Capitaine Errdo
Captain Ned;Capitaine Ned
Captain Ninto;Capitaine Ninto
Cave bug;Punaise de la grotte
Cave goblin miner;Mineur gobelin des cavernes
Cecilia;Cécilia
Chicken;Poulet
Captain Shoracks;Capitaine Shoracks
Catablepon;Catablepon
Cave bug larva;Larve de punaise des cavernes
Celebrian;Célébrité
Chadwell;Chadwell
Chaos Golem;Golem du Chaos
Cheryl;Cheryl
Captain Donnie;Capitaine Donnie
Charlie the Tramp;Charlie le Clochard
Captain Siad;Capitaine Siad
Carl;Carl
Carol;Carole
Chaos Elemental Jr.;Élémentaire du Chaos Jr.
Charlie;Charlie
Captain Khaled;Capitaine Khaled
Carpenter;Menuisier
Cave crawler;Robot des cavernes
Cave goblin child;Enfant gobelin des cavernes
Chaotic death spawn;Engeance de mort chaotique
Charles;Charles
Chaos Fanatic;Fanatique du Chaos
Captain Ginea;Capitaine Ginéa
Captain Klemfoodle;Capitaine Klemfoodle
Captain Lamdoo;Capitaine Lamdoo
Captain Rovin;Capitaine Rovin
Captain Sdiar;Capitaine Sdiar
Captain Tobias;Capitaine Tobias
Captain Tom;Capitaine Tom
Ceril Carnillean;Ceril Carnilléen
Ceto;Céto
Chaeldar;Chaeldar
Captain Kalt;Capitaine Kalt
Cave kraken;Kraken des cavernes
Cavemouth;Bouche des cavernes
Chaos druid;Druide du Chaos
Charley;Charly
Chasm Crawler;Rameur de gouffre
Chompy chick;Poussin Chompy
Clerk;Greffier
Copper ore;Minerai de cuivre
Corrupted Bear;Ours corrompu
Corrupted Scorpion;Scorpion corrompu
Corrupted Spider;Araignée corrompue
Chronozon;Chronozon
Chuck;Mandrin
Combat stone;Pierre de combat
Commander Veldaban;Commandant Veldaban
Confused barbarian;Barbare confus
Corporeal Critter;Créature corporelle
Councillor Halgrive;Conseiller Halgrive
Crazy archaeologist;Archéologue fou
Confusion beast;Bête de confusion
Cow;Vache
Cow calf;Veau de vache
Crate;Caisse
Crawling hand;Main rampante
Chief servant;Serviteur en chef
Choke devil;Diable étouffant
Clerris;Clerris
Commander Fullore;Commandant Fullore
Cook;Cuisiner
Corrupted Wolf;Loup corrompu
Cow (hard);Vache (dur)
Claus the chef;Claus le chef
Combat Test (maxhit);Test de combat (maxhit)
Commander Zilyana;Commandant Zilyana
Conrad King;Conrad Roi
Copper longtail;Longue queue en cuivre
Corkat quo Sihar;Corkat quo Sihar
Cormorant;Cormoran
Cosmic Being;Être cosmique
Count Check;Vérification du décompte
Chronozon (hard);Chronozon (difficile)
Cleddyf;Cléddyf
Clothears;Vêtements
Combat Test;Épreuve de combat
Commissioner Anwar;Commissaire Anwar
Chinchompa;Chinchonpa
Coenus;Cœnus
Corrupt Lizardman (hard);Homme-lézard corrompu (difficile)
Councillor Unkar;Conseiller Unkar
Chief Farmer;Chef agriculteur
City guard;Garde de la ville
Corrupted Dragon;Dragon corrompu
Corsair Traitor (hard);Traître Corsaire (difficile)
Crawling Hand;Main rampante
Civilian;Civil
Cleaner;Nettoyeur
Co-ordinator;Coordinateur
Cockatrice;Basilic
Commander Montai;Commandant Montaï
Cornelius;Corneille
Corrupted Hunllef;Hunllef corrompu
Corrupted Unicorn;Licorne corrompue
Clay golem;Golem d'argile
Cockathrice;Cocathrice
Colonel Grimsson;Colonel Grimsson
Corporeal Beast;Bête corporelle
Court judge;Juge du tribunal
Crate goblin;Gobelin de caisse
Creakyknees;Genoux grinçants
Chompy bird;Oiseau grignotant
Colonel Radick;Colonel Radick
Competition Judge;Juge de compétition
Cool Mom227;Maman cool227
Corpse;Cadavre
Corsair Traitor;Traître corsaire
Councillor Andrews;Conseiller Andrews
Clan Guard;Garde de clan
Count Draynor;Comte Draynor
Corrupted Bat;Chauve-souris corrompue
Count Draynor (hard);Comte Draynor (dur)
Cowardly Bandit;Bandit lâche
Clivet;Clive
Clockwork cat;Chat mécanique
Corrupted Dark Beast;Bête noire corrompue
Corrupted Youngllef;Jeune fille corrompue
Coal;Charbon
Commander Connad;Commandant Connad
Conwenna;Conwenna
Corrupt Lizardman;Homme-lézard corrompu
Corrupted scavenger;Charognard corrompu
Cow31337Killer;Vache31337Tueur
Chief Tess;Chef Tess
Child;Enfant
Cirdan;Cirdan
Claude;Claude
Cob;Épi
Col. O'Niall;Colonel O'Niall
Colossal Hydra;Hydre colossale
Combat Instructor;Instructeur de combat
Cooking tutor;Professeur de cuisine
Corrupted Rat;Rat corrompu
Council workman;Ouvrier du Conseil
Councillor Orson;Conseiller Orson
Crab;Crabe
Crafting tutor;Professeur d'artisanat
Crocodile;Crocodile
Dagannoth;Dagannoth
Dagannoth Prime;Dagannoth Premier
Dalcian Fang (easy);Croc Dalcien (facile)
Dark energy core;Noyau d'énergie sombre
Crushing hand;Main écrasante
Cuffs;Menottes
Davon;Davon
Deathly ranger;Ranger mortel
Crypt rat;Rat des cryptes
Dagannoth Supreme Jr.;Dagannoth Suprême Jr.
Dakh'thoulan Aegis;Égide de Dakh'thoulan
Dark Core;Noyau sombre
Dark mage;Mage noir
Dark wizard;Sorcier noir
Dartog;Dartog
Dad (hard);Papa (dur)
Dagannoth fledgeling;Dagannoth débutant
Dalal;Dalal
Death wing;Aile de la mort
Crystalline Dark Beast;Bête sombre cristalline
Crystalline Dragon;Dragon Cristallin
Crystalline Hunllef;Cristalline Hunllef
Crystalline Spider;Araignée cristalline
Culinaromancer (hard);Culinaromancien (dur)
Cyrisus;Cyrisus
Daero;Daéro
Dagannoth Supreme;Dagannoth Suprême
Daryl;Daryl
Debra;Débra
Crystalline Wolf;Loup cristallin
Damien Leucurte;Damien Leucurté
Darcor quo Narga;Darcor quo Narga
Crust of ice;Croûte de glace
Crystalline Bat;Chauve-souris cristalline
Cyclops;cyclope
Daer Krand;Daer Krand
Dagannoth mother (hard);Mère Dagannoth (dur)
Dark Ankou;Ankou Sombre
Crunchy;Croquant
Crystalline Bear;Ours cristallin
Dagannoth mother;Mère Dagannoth
Damis;Damis
Dark Squirrel;Écureuil sombre
Crow;Corbeau
Crystalline Rat;Rat cristallin
Daga;Daga
Damwin;Damwin
Crondis;Crondis
Culinaromancer;Culinaromancien
Dad;Papa
David;David
Crypt spider;Araignée de crypte
Curly;Bouclé
Dagannoth Prime Jr.;Dagannoth Prime Jr.
Damis (hard);Damis (dur)
Curpile Fyod;Curpile Fiod
Customer;Client
Da Vinci;Da Vinci
Damaged clay golem;Golem d'argile endommagé
Dark beast;Bête sombre
Dashing kebbit;Kebbit fringant
Dead swamp snake;Serpent des marais mort
Crone;Vieille femme
Crystalline Unicorn;Licorne cristalline
Customs officer;Douanier
Dagannoth spawn;Apparition de Dagannoth
Dalila;Dalila
Dark Mage;Mage noir
Dark kebbit;Kebbit noir
Darkmeyer Slave;Esclave Darkmeyer
Davey;Davey
David Andrews;David Andrews
Dawn;Aube
Dead Monk;Moine mort
Death;La mort
Crefydd;Crefydd
Crimson swift;Martinet cramoisi
Crusher;Broyeur
Crystalline Scorpion;Scorpion cristallin
Curator Haig Halen;Conservateur Haig Halen
Dagannoth Rex Jr.;Dagannoth Rex Jr.
Dallas Jones;Dallas Jones
Dampe;Humide
Dark warrior;Guerrier sombre
Deadly red spider;Araignée rouge mortelle
Crimsonette van Marr;Crimsonette van Marr
Crystal impling;Cristal impliquant
Curufin;Curufine
Dark core;Noyau sombre
Darve;Darve
Dave;Dave
Cute creature;Créature mignonne
Cyreg Paddlehorn;Corne à pagaie Cyreg
Dagannoth Rex;Dagannoth Rex
Dalldav;Dalldav
Dantaera;Dantaera
Darren;Darren
Death spawn;Engeance de la mort
Deathly mage;Mage mortel
Demon butler;Majordome démon
Diana;Diane
Dire Wolf;Loup terrible
Dromund's cat;Le chat de Dromund
Denulth;Denulth
Donny the lad;Donny le garçon
Doric;dorique
Doug Deeping;Doug Deeping
Dragon impling;Dragon impliquant
Dreven;Dreven
Droalak;Droalak
Demonic gorilla;Gorille démoniaque
Dominic Onion;Dominique Oignon
Donie;Donie
Dr Fenkenstrain;Dr Fenkenstrain
Dr Harlow;Dr Harlow
Drake;Canard
Draul Leptoc;Draul Leptoc
Drunken soldier;Soldat ivre
Defiler;Profanateur
Deranged archaeologist;Archéologue dérangé
Desert Spirit;Esprit du désert
Desert eagle;Aigle du désert
Diango;Diango
Diphylla Bechstein;Diphylla Bechstein
Door man;Homme de porte
Door-support;Support de porte
Dr Jekyll;Dr Jekyll
Drew;Dessiné
Drill Sergeant;Sergent instructeur
Drunken Ali;Ali ivre
Del-Monty;Del Monty
Diol;Diol
Drasdan Ranor;Drasdan Ranor
Duckling;Caneton
Desert snake;Serpent du désert
Dessourt;Dessourt
Dessous (hard);Dessous (dur)
Double agent;Agent double
Denath;Dénath
Derrik;Derrick
Desmodus Lasiurus;Desmodus Lasiurus
Devan Rutter;Devan Rutter
Dig Site workman;Ouvrier du chantier de fouille
Donal;Donal
Door;Porte
Doyen;Doyen
Dr Ford;Docteur Ford
Druid;Druide
Dryad;Dryade
Dernu;Dernou
Dodgy Squire;Écuyer douteux
Donovan the Family Handyman;Donovan, le bricoleur de la famille
Demon;Démon
Derni;Dernier
Dockmaster;Maître des quais
Doctor Orbon;Docteur Orbon
Denadu;Dénadu
Desert Phoenix;Phénix du désert
Dessourt (hard);Dessourt (dur)
Deviant spectre;Spectre déviant
Dommik;Dommik
Doomion;Doomion
Dragon display;Affichage du dragon
Driftwood;Bois flotté
Dromund;Dromond
Derse Venator;Derse Venator
Devin Mendelberg;Devin Mendelberg
Doll;Poupée
Don't Know What;Je ne sais pas quoi
Dron;Drone
Dugopul;Dugopul
Desert Wolf;Loup du désert
Disciple of Iban;Disciple d'Iban
Doomsayer;Diseur de malheur
Doris;Doris
Drain pipe;Tuyau de vidange
Drezel;Drézel
Drunken Dwarf's Leg;Jambe de nain ivre
Despoina Callidra;Despoina Callidra
Dharok the Wretched;Dharok le Misérable
Don;Enfiler
Draconis Sanguine;Draconis sanguin
Drunken Dwarf;Nain ivre
Dimintheis;Diminthéis
Disciple of Yama;Disciple de Yama
Dock worker;Docker
Dog;Chien
Dondakan the Dwarf;Dondakan le Nain
Dragonkin;Draconien
Drunken man;Homme ivre
Delrith;Delrith
Desert Lizard;Lézard du désert
Dessous;Dessous
Dobwinkle;Dobwinkle
Duck;Canard
Ducklings;Canetons
Derwen;Derwen
Digsite workman;Ouvrier de chantier
Drogo dwarf;Nain Drogo
Duke;Duc
Duke Horacio;Duc Horacio
Duradel;Duradel
Earth Warrior Champion;Champion des Guerriers de la Terre
Ed;Éd
Einar;Einar
Eira;Eira
Elf Archer;Archer elfe
Elite Void Knight;Chevalier du Vide d'élite
Dwarf gang member;Membre d'un gang nain
Earwen;Earwen
Edmond;Edmond
Ektheme;Ekthème
Elder Gnome child;Enfant Gnome aîné
Elenwe;Elenwe
Ellena;Hélène
Embalmer;Embaumeur
Emerald Benedict;Emeraude Benoît
Enchantment Guardian;Gardien de l'enchantement
Dung;Boussier
Dusuri;Dusuri
Echned Zekin;Echned Zekin
Elemental rock;Roche élémentaire
Elf Warrior;Guerrier Elfe
Elise;Élise
Energy focus (green);Focus énergie (vert)
Dust devil;Diable de poussière
Eebel;Ebel
Elkoy;Elkoy
Ellen;Hélène
Energy focus (blue);Focus énergétique (bleu)
Dwarven Engineer;Ingénieur nain
Elf Hermit;Ermite elfe
Elly the Camel;Elly le chameau
Emblem Trader;Marchand d'emblèmes
Dungeon rat;Rat de donjon
Eek;Eek
Efa;Efa
Egg launcher;Lanceur d'oeufs
Dummy;Factice
Dumpy;Dumpy
Dusty Aliv;Aliv poussiéreux
Eblis;Éblis
Elgan;Elgan
Elizabeth;Élisabeth
Dunce;Cancre
Elisabeta;Elisabeth
Eadburg;Eadburg
Egg;Œuf
Dunstan;Dunstan
Ek'ans Chan;Ek'ans Chan
Enerdhil;Énerdhil
Dwarven Ferryman;Passeur nain
Earth warrior;Guerrier de la Terre
Edrahil;Edrahil
Elemental balance;Équilibre élémentaire
Elven Scout;Éclaireur elfique
Enel;Énel
Earth wizard;Magicien de la Terre
Edward;Édouard
Elderly Elf;Elfe âgé
Elstan;Elstan
Enchanted Bucket;Seau enchanté
Eclectic impling;Impliquant éclectique
Eldalote;Eldalote
Elder Guard;Garde aînée
Elf Tracker;Traqueur d'elfe
Elissa;Élissa
Elvarg;Elvarg
Emilia;Émilie
Dwarven Boatman;Batelier nain
Dwarven Miner;Mineur nain
Eagle;Aigle
Elena Hosidius;Elena Hosidius
Elfinlocks;Elfinlocks
Elijah;Élie
Elladan;Elladan
Ellis;Élise
Elsie;Elsie
Eluned;Éluné
Enakhra;Enakhra
Enchanted Broom;Balai enchanté
Durgok;Durgok
Dwarf;Nain
Eadgar;Eadgar
Ed Wood;Ed Bois
Eduard;Édouard
Elder Chaos druid;Ancien Druide du Chaos
Eldgrim;Eldgrim
Elena;Hélène
Elvarg (hard);Elvarg (dur)
Emily;Émilie
Enclave guard;Garde d'enclave
Dusk;Crépuscule
Earth elemental;Élémentaire de Terre
Earth impling;Terre impliquant
Effigy;Effigie
Ellie;Ellie
Elnock Inquisitor;Inquisiteur Elnock
Enelye;Enelye
Enraged Tektiny;Tektiny enragé
Entrana firebird;Entrée oiseau de feu
Episcula Helsing;Épiscule Helsing
Eric;Éric
Ewesey;Ewesey
Fanellaman;Fanellaman
Farmer Fromund;Fermier Fromund
Ernest;Ernest
Ethereal Numerator;Numérateur éthéré
Executioner;Bourreau
Factory Worker;Ouvrier d'usine
Fairy chef;Chef féerique
Fake Man;Faux homme
Fareed (hard);Fareed (dur)
Fear reaper;Faucheur de peur
Ent;Ent
Eoin;Éoin
Erestor;Erestor
Ethereal Mimic;Mimique éthéré
Evil Bob;Bob le mal
Experiment;Expérience
Fairy;Fée
Fallen Man;Homme déchu
Farid Morrisane (ores and bars);Farid Morrisane (minerais et barres)
Father Aereck;Père Aereck
Felkrash;Felkrash
Energy sprite;Sprite d'énergie
Enraged barbarian spirit;Esprit barbare enragé
Estate agent;Agent immobilier
Evil creature;Créature maléfique
Farmer's wife;Femme de fermier
Father Lawrence;Père Laurent
Ferd;Ferd
Enormous Tentacle;Énorme tentacule
Essyllt;Essyllt
Ethereal Expert;Expert éthéré
Fat Rocco;Gros Rocco
Father Jean;Père Jean
Feanor;Féanor
Fairy Very Wise;Fée très sage
Fairy shop assistant;Vendeuse de fées
Fayeth;Fayeth
Energy focus (red);Focus énergétique (rouge)
Eudav;Eudav
Father Badden;Père Badden
Female slave;Esclave
Engineering assistant;Assistante d'ingénierie
Enilly;Enilly
Ethereal Guide;Guide éthéré
Farolt;Farolt
Enoch;Hénoc
Essyllt (hard);Essyllt (dur)
Esther;Esther
Ethereal Lady;Dame éthérée
Father Reen;Père Reen
Femi;Fémi
Feral Vampyre;Vampire sauvage
Evil Dave;Le méchant Dave
Fadli;Fadli
Fairy Fixit;Fée Fixit
Fenkenstrain's Monster;Le monstre de Fenkenstrain
Eodan;Éodan
Eohric;Éohrique
Ermin;Ermine
Fat Tony;Gros Tony
Father Eysseric;Père Eysseric
Father Urhney;Père Urhney
Entrance Guardian;Gardien d'entrée
Essence impling;Essence impliquant
Evil Chicken (hard);Poulet maléfique (dur)
Fairy Aeryka;Fée Aeryka
Falo the Bard;Falo le barde
Fancy Dan;Fantaisie Dan
Farmer Brumty;Fermier Brumty
Felfiz Yaryus;Felfiz Yaryus
Eniola;Éniola
Escaping slave;Esclave en fuite
Evil spirit;Mauvais esprit
Fairy Godfather;Fée Parrain
Fareed;Tarif
Farmer;Fermier
Farmer Hayfield;Fermier Hayfield
Engineer;Ingénieur
Erdan;Erdan
Ethereal Fluke;Douve éthérée
Ethereal Man;Homme éthéré
Factory Manager;Directeur d'usine
Farmer Gricoller;Agriculteur Gricoller
Energy focus (white);Focus énergétique (blanc)
Erodoeht;Erodoeht
Ethereal Perceptive;Perceptif éthéré
Eve;Veille
Examiner;Examinateur
Experiment No.2;Expérience n°2
Ezekial Lovecraft;Ézéchiel Lovecraft
Fairy Nuff;Fée Nuff
Fairy Queen;Reine des fées
Fairy shop keeper;Fée commerçante
Entomologist;Entomologiste
Evil Chicken;Poulet maléfique
First Mate Deri;Premier lieutenant Deri
Flosi Dalksson;Flosi Dalksson
Fremennik Warrior;Guerrier Fremennik
Freygerd;Freygerd
Flax keeper;Gardien de lin
Flying Vespina;Vespine volante
Froono;Froono
Fishbowl;Bocal à poissons
Fisherman Frodi;Pêcheur Frodi
Flambeed;Flambé
Flower;Fleur
Financial Seer;Voyant financier
Fishmonger;Poissonnier
Flockleader Geerin;Chef de troupeau Geerin
Frank;Franc
Fridgeir;Réfrigérateur
Frog princess;Princesse grenouille
Financial Wizard;Assistant financier
Finarfin;Finarfin
Flambeed (hard);Flambé (dur)
Flesh Crawler;Rameur de chair
Flying Book;Livre volant
Foreman;Contremaître
Freaky Forester;Forestier bizarre
Frog prince;Prince grenouille
Fungi;Champignons
Ferox;Ferox
Fightslave;Esclave de combat
Findis;Trouveris
Fiyr Shade;Fiyr Ombre
Flaygian Screwte;Viste Flaygian
Forester;Forestier
Forester (hard);Forestier (dur)
Fortress Guard;Garde de forteresse
Fragment of Seren;Fragment de Seren
Francis;François
Frincos;Frincos
Fever spider;Araignée de fièvre
Fionella;Fionella
First mate 'Davey-boy';Premier lieutenant 'Davey-boy'
Fishing tutor;Professeur de pêche
Fortunato;Fortuné
Frankie;Frankie
Frog;Grenouille
Fuggy;Qui sent le renfermé
Fidelio;Fidélio
Fingon;Fingon
Fly trap;Piège à mouches
Fridleif Shieldson;Fridleif Shieldson
Fingolfin;Fingolfin
Fire Warrior of Lesarkus;Guerrier du Feu de Lesarkus
Fire elemental;Élémentaire de feu
Fossil Rock;Roche fossile
Fior;Fior
Florin;Florin
Flynn;Flynn
Fritz the Glassblower;Fritz le souffleur de verre
Ferryman Sathwood;Passeur Sathwood
Fishing spot;Lieu de pêche
Flawed Golem;Golem défectueux
Floki;Floki
Fornek quo Maten;Fornek quo Maten
Franklin Caranos;Franklin Caranos
Frenita;Frenita
Finn;Finlandais
Fisherman;Pêcheur
Flippa;Flippa
Fox;Renard
Frizzy Skernip;Skernip crépu
Frogeel;Grenouille
Ferryman Nathwood;Passeur Nathwood
Freja;Fréja
Ferocious barbarian spirit;Esprit barbare féroce
Ffoni;Ffoni
Filamina;Filamine
Fire giant;Géant du feu
Fish;Poisson
Fish monger;Poissonnier
Flight Kilisa;Vol Kilisa
Flower Girl;Fille de fleur
Flying female vampire;Vampire femelle volante
Forgotten Soul;Âme oubliée
Fullangr;Fullangr
Ferret;Furet
Finduilas;Finduilas
Fire wizard;Assistant du feu
First Mate Peri;Premier lieutenant Peri
Fish shoal;Banc de poissons
Fiyr Shadow;Fiyr Ombre
Flaming pyrelord;Seigneur du feu enflammé
Francois;François
Freidir;Fridir
Fernahei;Fernaheï
Filliman Tarlock;Filliman Tarlock
Flies;Mouches
Former Vampyre;Ancien vampire
Fossegrimen;Fossegrimen
Fossil Collector;Collectionneur de fossiles
Freald;Fréald
Fred the Farmer;Fred le fermier
Fur trader;Marchand de fourrures
Fyiona Fray (easy);Fhyona Fray (facile)
Garai;Garaï
General Salara;Général Salara
Giant Roc;Roc Géant
Giant lobster;Homard géant
Garden supplier;Fournisseur de jardin
Gerald;Gérald
Ghost guard;Garde fantôme
Giant Lobster;Homard géant
GPDT employee;Employé GPDT
Georgy;Gueorgui
Ghost;Fantôme
Galvek;Galvék
Gardener Ghost;Fantôme du jardinier
Gem merchant;Marchand de pierres précieuses
Ghost captain;Capitaine fantôme
Ghost sailor;Marin fantôme
Ghoul;Goule
Ghoul Champion;Champion des goules
Gianne jnr.;Gianne jnr.
Fycie;Ficie
Gelatinnoth Mother (hard);Gelatinnoth Mère (dur)
Galathil;Galathil
Gallow;Potence
Gang boss;Chef de gang
Gangster;Gangster
Gardener Gunnhild;Jardinier Gunnhild
Gene;Gène
Generic Diplomat;Diplomate générique
Gerrant;Gerrant
Gertrude;Gertrude
Gethin;Gethin
Ghost farmer;Fermier fantôme
Giant Rock Crab;Crabe géant
Gelmir;Gelmir
General Hining;Hining général
Galana;Galane
Gamer;Joueur
Garkor;Garkor
Gate of War;Porte de la guerre
General Bentnoze;Général Bentnoze
Giant rockslug;Limace géante
G.L.O. Caranock;G.L.O. Caranock
Gamfred;Gamfred
Gargh;Gargh
Garv;Garv
Gem trader;Négociant en pierres précieuses
George Laxmeister;Georges Laxmeister
Ghommal;Ghommal
Ghost banker;Banquier fantôme
Giant rat;Rat géant
Gabooty;Gabooty
Gadrin;Gadrin
Galina;Galine
Garbek quo Maten;Garbek quo Maten
Garl;Ail
Giant Champion;Champion géant
Giant crypt rat;Rat géant des cryptes
Giant mosquito;Moustique géant
Gardener Jay Jr.;Le jardinier Jay Jr.
Gelatinnoth Mother;Mère gélatinnoth
Gem;Gemme
General Kilian;Général Kilian
Giant scarab;Scarabée géant
Gauss;Gauss
Gertrude's cat;Le chat de Gertrude
Ghaslor the Elder;Ghaslor l'Ancien
Ghast;Horrible
Giant;Géant
Giant Squirrel;Écureuil géant
Gabriela;Gabriela
Gardener;Jardinier
General Babacus;Général Babacus
General Wartface;Verrue générale
Ghost shopkeeper;Commerçant fantôme
Giant Sea Snake;Serpent de mer géant
Gaius;Gaïus
Garth;Garth
Gelin;Gélin
General Graardor;Général Graardor
Giant bat;Chauve-souris géante
Giant crypt spider;Araignée géante des cryptes
Giant frog;Grenouille géante
Gadderanks;Gadderanks
Galahad;Galahad
Gargoyle;Gargouille
Gee;Bon sang
Genie;Génie
Ghost (?);Fantôme (?)
Ghost villager;Villageois fantôme
Giant Mole;Taupe géante
Furnace grate;Grille de four
Gatekeeper;Portier
General Graardor Jr.;Général Graardor Jr.
General Khazard;Général Khazard
General Vir;Général Vir
Ghost disciple;Disciple fantôme
Ghost innkeeper;Aubergiste fantôme
Giant Roc (hard);Roc géant (dur)
Gita Prymes;Gita Prymes
Gnome traveller;Voyageur gnome
Gnome winger;Ailier gnome
Gnome woman;Femme gnome
Greasycheeks;Joues grasses
Greater Nechryael;Grand Nechryaël
Greater skeletal thrall;Un plus grand esclavage squelettique
Gnome trainer;Entraîneur de gnomes
Greater zombified thrall;Grand esclave zombifié
Grimgnash;Grimgnash
Grinka Krast;Grinka Krast
Gillie Groats;Gruaux Gillie
Gnocci the Cook;Gnocci le cuisinier
Gnome Driver;Pilote Gnome
Gnome baller;Balleur de Gnome
Goblin fish;Poisson gobelin
Gourmet;Gourmet
Green Gemstone Director;Directeur des pierres précieuses vertes
Grigore;Grigore
Giant scarab (hard);Scarabée géant (dur)
Gnome child;Enfant gnome
Gnome companion;Compagnon Gnome
Gnome soldier;Soldat gnome
Goblin guard;Garde gobelin
Gorak;Gorak
Gourmet impling;Implantation gourmande
Grey golem;Golem gris
Gnome Waiter;Serveur Gnome
Gnome guard;Garde des gnomes
Goblin;Lutin
Grave scorpion;Scorpion funéraire
Greater ghostly thrall;Un plus grand esclave fantomatique
Giant snail;Escargot géant
Glorfindel;Glorfindel
Gnome shop keeper;Commerçant Gnome
Gnosi;Gnosi
Grand Exchange Clerk;Commis au Grand Bourse
Grandpa Jack;Grand-père Jack
Great blue heron;Grand héron bleu
Greengrocer;Marchand de légumes
Giant spider;Araignée géante
Glough;Glough
Goat Poo;Caca de chèvre
Goblin Champion;Champion gobelin
Golrie;Golrie
Gorad;Gorad
Gorilla;Gorille
Green Gemstone Secretary;Secrétaire aux pierres précieuses vertes
Gnome emissary;Émissaire gnome
Gnome troop;Troupe de gnomes
Gnormadium Avlafrim;Gnormadium Avlafrim
Grace;Grâce
Grave;Tombe
Gravingas;Gravingas
Greater abyssal demon;Grand démon abyssal
Green dragon;Dragon vert
Grigor Rasputin;Grigor Raspoutine
Grimesquit;Grimesquit
Giant skeleton;Squelette géant
Gnome banker;Banquier gnome
Golden sheep;Mouton d'or
Great Olm (Left claw);Grand Olm (Griffe gauche)
Gladiator;Gladiateur
Glod;Gloire
Graveyard Guardian;Gardien du cimetière
Green fireflies;Lucioles vertes
Gileth;Gileth
Glenda;Glenda
Golem;Golem
Grave digger;Fossoyeur
Greater demon;Grand démon
Greldo;Greldo
Grew;A grandi
Grip;Poignée
Giral bat;Chauve-souris Giral
Gnome Mage;Mage Gnome
Goblin Cook;Cuisinier gobelin
Goblin scribe;Scribe gobelin
Golova;Golova
Gordon;Gordon
Giles;Gilles
Goat;Chèvre
Gold ore;Minerai d'or
Gossip;Potins
Greater Skeleton Hellhound;Grand chien de l'enfer squelette
Green Sheep;Mouton vert
Gielinor Guide;Guide de Giélinor
Glod (hard);Glod (dur)
Gnome;Gnome
Godric;Godric
Grail Maiden;Fille du Graal
Great Olm;Grand Olm
Golden warbler;Paruline dorée
Goreu;Goreu
Glouphrie the Untrusted;Glouphrie la méfiante
Gnome Archer;Archer gnome
Gnome Coach;Entraîneur de gnomes
Gnome ball referee;Arbitre de balle Gnome
Gorhak quo Narga;Gorhak quo Narga
Great Olm (Right claw);Grand Olm (Griffe droite)
Grizzly bear cub;Ourson grizzli
Gwallter;Gwallter
Gwerin Hapus;Gwerin Hapus
Hafuba;Hafuba
Head Mourner;Chef en deuil
Gruva Patrull;Gruva Patrull
Gyr Falcon;Faucon Gyr
Haemas Lamescus;Hémas Lamescus
Hallak;Hallak
Harold Evans;Harold Evans
Harry;Harry
Head;Tête
Guard Bandit;Bandit de garde
Gunthor the brave;Gunthor le courageux
Hamab;Hamab
Hammerspike Stoutbeard;Barbe robuste à pique-marteau
Growler;Grogneur
Gruh;Gruh
Hairdresser;Coiffeur
Haldor quo Keran;Haldor quo Keran
Head Thief;Voleur en chef
Gruff McScruff;Gruff McScruff
Gunnar Holdstrom;Gunnar Holdstrom
Harrallak Menarous;Harrallak Ménarous
Growthling;Croissance
H.A.M. Deacon;JAMBON. Diacre
Half-Zombie;Demi-zombie
Hameln the Jester;Hameln le bouffon
Haming;Haming
Harpert;Harper
Haze;Brume
Grug;Grug
Gulldamar;Gulldamar
Gundai;Gundaï
Gunnjorn;Gunnjörn
H.A.M. Guard;JAMBON. Garde
H.A.M. Mage;JAMBON. Mage
H.A.M. Member;JAMBON. Membre
Haskell;Haskell
Headless Beast;Bête sans tête
Headless Beast (hard);Bête sans tête (difficile)
Grizzly bear;Grizzly
Gwindor;Gwindor
Halla;Halla
Hazelmere;Noisetier
Guard Recruiter;Recruteur de gardes
Guildmaster Lars;Maître de guilde Lars
Gujuo;Gujuo
Haera;Haéra
Hari;Hari
Grubfoot;Pied de larve
Guard Vemmeldo;Garde Vemmeldo
Guardian mummy;Maman gardienne
Guidor;Guidor
Gypsy;gitan
Hangman game;Jeu du pendu
Hassan;Hassan
Grubor;Grubor
Guildmaster;Maître de guilde
Gwyn;Gwyn
H.A.M. Archer;JAMBON. Archer
Harold;Harold
Harpie Bug Swarm;Essaim d'insectes harpies
Hazeel Cultist;Adepte d'Hazeel
Grish;Grish
Grum;Grum
Guanic bat;Chauve-souris guanique
Guardian Drake;Drake gardien
Guildmaster Jane;Maître de guilde Jane
Gulluck;Gulluck
Gundik;Gundik
Habibah;Habiba
Hamal the Chieftain;Hamal le chef
Hanchen the Hound;Hanchen le chien
Grunsh;Grincheux
Guilin;Guilin
Guthan the Infested;Guthan l'Infesté
HAM member;Membre du HAM
Grundt;Grundt
Gull;Mouette
Gypsy Aris;Gitan Aris
Hamid;Hamid
Hans;Hans
Guard;Garde
Guard dog;Chien de garde
Guinevere;Guenièvre
Gunslik;Gunslik
Gwyl;Gwyl
HRH Hrafn;SAR Hrafn
Hajedy;Hajedy
Half-soulless;À moitié sans âme
Hazeel;Noisette
Head Guard;Garde-tête
Head chef;Chef de cuisine
Guard Captain;Capitaine de la garde
Guardian of Armadyl;Gardien d'Armadyl
Hadley;Hadley
Haris;Haris
Hatius Cosaintus;Hatius Cosaintus
Healthorg and tortoise;Healthorg et tortue
Hell-Rat;Rat de l'enfer
Herbi;Herbi
Hervi;Hervi
High Priestess Zul-Harcinqa;Grande prêtresse Zul-Harcinqa
Hobgoblin;Lutin
Hudo;Hudo
Hudon;Hudon
Hygd;Hygiénique
Ice block;Bloc de glace
Ice spider;Araignée de glace
Ice troll grunt;Grognement du troll des glaces
Highwayman;Voleur de grands chemins
Icefiend;Démon des glaces
Hell-Rat Behemoth;Béhémoth du rat de l'enfer
Hellpuppy;Chiot de l'Enfer
Hero;Héros
Hespori;Héspori
Hill Giant;Géant des collines
Hirko;Hirko
Holgart;Holgart
Hosa;Hosa
Hugor;Hugor
Hunting expert;Expert en chasse
Helemos;Hélemos
Hetty;Hetty
Honour guard;Garde d'honneur
Horvik;Horvik
Hring Hring;Hring Hring
Iban;Iban
Ice demon;Démon de glace
Hiylik Myna;Hiylik Myna
Hoop Snake;Serpent cerceau
Hopleez;Hoplez
Ice troll;Troll des glaces
Iestin;Iestin
Helena;Hélène
High Priest;Grand prêtre
Hild;Hild
Hobbes;Hobbes
Hell-kitten;Chaton de l'enfer
Herman Caranos;Herman Caranos
Het;Il
Horace;Horace
Hydra;Hydre
Ice warrior;Guerrier de glace
Horphis;Horphis
Ice troll female;Femelle troll des glaces
Icthlarin;Icthlarine
Idris;Idris
Hendor;Hendor
Hengel;Hengel
Holoy;Holi
Hooknosed Jack;Jack au nez crochu
Huge spider;Énorme araignée
Hunding;Chasse
Husk;Décortiquer
Icicle;Stalactite
Hengrad;Hengrad
Henryeta Carnillean;Henryeta Carnilléen
Holthion;Holthion
Ice troll male;Mâle troll des glaces
Ice wolf;Loup de glace
Helga;Helga
Hooded Figure;Figurine à capuche
Horacio;Horace
Hura;Hura
Ian;Ian
Heron;Héron
Hieve;Hieve
Ice Queen;Reine des glaces
Heckel Funch;Heckel Funch
Hellcat;Hellcat
Hole in the wall;Trou dans le mur
Homunculus;Homunculus
Hopeless creature;Créature désespérée
Hops;Houblon
Ice troll runt;L'avorton du troll des glaces
Icelord;Seigneur des glaces
Hellhound;Chien de l'enfer
Henja;Henja
Historian Minas;L'historien Minas
Honest Jimmy;Honnête Jimmy
Ice Troll;Troll de glace
Ice Troll King;Roi des trolls de glace
Heskel;Heskel
Hickton;Hickton
Historian Duffy;L'historien Duffy
Hofuthand (weapons and armour);Hofuthand (armes et armures)
Horned graahk;Graahk à cornes
House;Maison
Ice Troll King (hard);Roi des Trolls de Glace (difficile)
Ice giant;Géant de glace
Iceberg;Iceberg
Hegir;Hégir
Herbiboar;Herbibar
Herquin;Herquin
Hewey;Héwey
Hobgoblin Champion;Champion Hobgobelin
Hopeless beast;Bête désespérée
Idril;Idril
Ima;Je suis
Imre;Imré
Iona;Iona
Jackal;Chacal
Jacky Jester;Jacky Jester
Jal-ImKot;Jal-ImKot
Jal-Nib;Jal-Nib
Jethick;Jethick
Information clerk;Commis à l'information
Ingwion;Ingwion
Iron Man tutor;Professeur d'Iron Man
Jagbakoba;Jagbakoba
Jake;Jacques
Jal-MejRah;Jal-MejRah
Ileana;Iléana
Insatiable mutated Bloodveld;Bloodveld muté insatiable
Irina;Irina
JalTok-Jad;JalTok-Jad
Inn Keeper;Gardien de l'auberge
Invrigar the Necromancer;Invrigar le Nécromancien
Iron ore;Minerai de fer
Jack;Jack
Jack Seagull;Jack Mouette
Ignatius Vulcan;Ignace Vulcain
Imerominia;Imérominie
Irene;Irène
Istoria;Istoria
Jal-Ak;Jal-Ak
Jamila;Jamila
Jelly;Gelée
Jess;Jesse
Irvig Senay;Irvig Sénay
Irwin Feaselbaum;Irwin Feaselbaum
Jadid;Jadid
Jenny Blade;Jenny Lame
Jessie;Jessie
Ifaba;Ifaba
Ikkle Hydra;Hydra d'Ikkle
Infernal Mage;Mage infernal
Ingrid;Ingrid
Ingrid Hradson;Ingrid Hradson
Iron pickaxe;Pioche en fer
Ishmael;Ismaël
Jade;Jade
Jal-Nib-Rek;Jal-Nib-Rek
Jennifer;Jennifer
Iron dragon;Dragon de fer
Ivan Strom;Ivan Strom
Jal-AkRek-Ket;Jal-AkRek-Ket
Jal-Zek;Jal Zek
Jarr;Jarre
Jayene Kliyn (medium);Jayene Kliyn (moyenne)
Jeb;Jeb
Jewelled Crab;Crabe orné de bijoux
Ivan;Ivan
Jal-AkRek-Mej;Jal-AkRek-Mej
Imin;Imine
Iminye;Iminye
Imp defender;Défenseur diablotin
Inga;Inga
Iorwerth Archer;Archer d'Iorwerth
JalRek-Jad;JalRek-Jad
Jarvald;Jarvald
Jeff;Jeff
Jennella;Jennelle
Iffie;Iffie
Imp Champion;Champion diablotin
Islwyn;Islwyn
Jail guard;Gardien de prison
Jal-Xil;Jal-Xil
Jeremy Clerksin;Jeremy Clerksin
Ish the Navigator;Ish le navigateur
Ithoi the Navigator;Ithoi le Navigateur
Jailer;Geôlier
Jeed;Jeed
Infernal pyrelord;Seigneur du feu infernal
Ingwe;Ingwe
Insatiable Bloodveld;Veld de sang insatiable
Irena;Irène
Iwan;Iwan
Iwazaru;Iwazaru
Jardric;Jardric
Jatix;Jatix
Ilfeen;Ilfeen
Incapacitated Pyromancer;Pyromancien incapable
Irksol;Irksol
Jal-AkRek-Xil;Jal-AkRek-Xil
Jal-MejJak;Jal-MejJak
James;Jacques
Jaraah;Jarah
Jerico;Jérico
Ignisia;Ignisie
Imiago;Imago
Immenizz;Imménizz
Imp;Lutin
Indis;Indiens
Innocent-looking key;Clé d'apparence innocente
Iorwerth Warrior;Guerrier d'Iorwerth
Jack Sails;Jack voiles
Jari;Jari
Jewelled Crab (red);Crabe bijou (rouge)
Jungle Demon (hard);Démon de la jungle (difficile)
Kamfreena;Kamfréna
Kaston;Kaston
Jyn;Jyn
K'klik;K'klik
Kaleb Paramaya;Kaleb Paramaya
Karil the Tainted;Karil le corrompu
Jex;Jex
Jiminua;Jiminua
Jogre Champion;Champion Jogre
Jungle Wolf;Loup de la jungle
Jungle horror;Horreur de la jungle
Kai;Kaï
Jill;Jill
Jorra;Jorra
Kaal-Ket-Jor;Kaal-Ket-Jor
Kalphite Larva;Larve de Kalphite
Kelvin;Kelvin
Jorzik;Jorzik
Jubster;Jubster
Jungle spider;Araignée de la jungle
Kalphite Princess;Princesse Kalphite
Jimmy Dazzler;Jimmy Dazzler
Jon;Jon
Kamil (hard);Kamil (dur)
Kaylee;Kaylee
Keef;Keef
Jewelled Crab (blue);Crabe bijou (bleu)
Johnathon;Johnathon
Jumaane;Joumane
Kaht B'alam;Kaht Balam
Kalphite Worker;Ouvrier kalphite
Kennith;Kennith
Jogre;Jogre
Joshua;Josué
Jossik;Josik
Judge of Yama;Juge de Yama
K'ril Tsutsaroth;K'ril Tsutsaroth
Kamil;Kamil
Kaqemeex;Kaqemeex
Jorral;Jorral
Juliet;Juliette
Jungle eagle;Aigle de la jungle
Jungle forester;Forestier de la jungle
Justin Servil;Justin Servil
Kamen;Kamen
Kazgar;Kazgar
Jonny the beard;Jonny la barbe
Joseph;Joseph
Junior Navigator;Navigateur junior
K'ril Tsutsaroth Jr.;K'ril Tsutsaroth Jr.
Kalphite Queen;Reine Kalphite
Kebbit;Kebbit
Jewelled Crab (green);Crabe bijou (vert)
Jimmy;Jimmy
Julie;Julie
Kaal-Mej-San;Kaal-Mej-San
Kalrag;Kalrag
Kanel;Kanel
Kangai Mau;Kangai Mau
Karamel (hard);Karamel (dur)
Karim;Karim
Jokul;Jokul
Jonathan;Jonathan
Jubbly bird;Oiseau jubilatoire
Jungle Demon;Démon de la jungle
Justiciar Zachariah;Justicier Zacharie
KGP Agent;Agent KGP
Kalphite Soldier;Soldat kalphite
Karam;Karam
Keepa Kettilon;Keepa Kettilon
Jig cart;Chariot à gabarit
Johanhus Ulsbrecht;Johanhus Ulsbrecht
KGP Guard;Garde KGP
Kaal-Xil-Dar;Kaal-Xil-Dar
Kael Forshaw;Kael Forshaw
Kalron;Kalron
Karaday;Karadaï
Karamel;Caramel
Kathy Corkat;Kathy Corkat
Kelyn;Kélyn
Joe;Joe
Jofridr Mordstatter;Jofridr Mordstätter
Jukat;Jukat
Jury;Jury
Justine;Justine
Karamthulhu;Karamthulhu
Kardia;Kardia
Karl;Karl
Jimmy the Chisel;Jimmy le ciseau
John;John
Kalphite Guardian;Gardien kalphite
Kazemde;Kazemdé
Keith;Keith
Kendall;Kendall
Juna;Juna
Jungle savage;Sauvage de la jungle
Katrine;Catherine
Kenelme;Kenelme
Key Master;Maître des clés
Kilron;Kilron
King Black Dragon;Roi Dragon Noir
King Gjuki Sorvott IV;Roi Gjuki Sorvott IV
Kree'arra;Kree'arra
Kubec Unkar;Kubec Unkar
Lady Kelyn Ithell;Dame Kelyn Ithell
King Awowogei;Roi Awowogei
King Percival;Roi Perceval
King Thoros;Roi Thoros
Knight of the Lion;Chevalier du Lion
Knight of the Unicorn;Chevalier de la Licorne
Kolodion;Kolodion
Kragen;Krägen
Kruk;Kruk
Lady Vulcana Lovakengj;Dame Vulcana Lovakengj
Ket-Zek;Ket Zek
Killer;Tueur
King Arthur;Le roi Arthur
King Vargas;Roi Vargas
Klank;Klank
Kraka;Kraka
Kylie Minnow;Kylie Minnow
Lanzig;Lanzig
Khazard Guard;Garde Khazard
Killerwatt;Watt tueur
Klenter;Klenter
Lanthus;Lanthe
Kineer;Kinéer
King Artur Hosidius;Roi Arthur Hosidius
Kjut;Kjut
Knight of Saradomin;Chevalier de Saradomin
Kroy;Kroy
Kurt;Kurt
Lady Table;Table de dame
Kikazaru;Kikazaru
King Kandur Hosidius;Roi Kandur Hosidius
King Scorpion;Roi Scorpion
Koschei the Deathless;Koschei l'Immortel
Krato;Krato
Lady Servil;Dame Servil
Khazard Ogre;Ogre Khazard
Khazard trooper;Soldat Khazard
King Healthorg;Roi Healthorg
King Narnode Shareen;Roi Narnode Shareen
Kjedelig Uppsen;Kjedelig Uppsen
Klarense;Klarense
Konoo;Konoo
Khazard Scorpion;Scorpion Khazard
King Roald;Roi Roald
King Sand Crab;Crabe royal des sables
Kitten;Chaton
Knight of the Owl;Chevalier du hibou
Kryket bat;Chauve-souris Kryket
Lady Ffion Meilyr;Dame Ffion Meilyr
Lamb;Agneau
Kharid Scorpion;Scorpion Kharid
Knight;Chevalier
Kob;Kob
Kormar quo Maten;Kormar quo Maten
Kualti;Kualti
Knight of Ardougne;Chevalier d'Ardougne
Ket'sal K'uk;Ket'sal K'uk
King Roald (hard);Roi Roald (dur)
Kraken;Kraken
Ksenia;Ksénia
King kurask;Roi Kourask
King rat;Rat royal
Koanee;Koanee
Lady Carys Hefin;Dame Carys Hefin
Khorvak, a dwarven engineer;Khorvak, un ingénieur nain
King Bolren;Roi Bolren
King's Messenger;Messager du roi
Koftik;Koftik
Krystilia;Krystilia
Lady Keli;Dame Kéli
Lalli;Lalli
Khazard commander;Commandant Khazard
King Lathas;Roi Lathas
Konar quo Maten;Konar quo Maten
Kortan;Cortan
Koschei the deathless;Koschei l'Immortel
Kree'arra Jr.;Kree'arra Jr.
Lady Nadezhda Shadum;Dame Nadejda Shadum
Lady Shauna Piscarilius;Dame Shauna Piscarilius
Lahsram;Lahsram
Lan the Butcher;Lan le boucher
Large mosquito;Gros moustique
Khazard warlord (hard);Seigneur de guerre Khazard (difficile)
Knight of Varlamore;Chevalier de Varlamore
Knight of the Wolf;Chevalier du loup
Lacey;Lacey
Lady Crombwick;Dame Crombwick
Lady Tangwen Trahaearn;Dame Tangwen Trahaearn
Lammy Langle;Lammy Langle
Large zombie monkey;Grand singe zombie
Kent;Kent
Khazard barman;Barman Khazard
Khazard warlord;Seigneur de guerre Khazard
Kurask;Kourask
Li'l lamb;Petit agneau
Lil' Zik;Petit Zik
Lindir;Lindir
Lisse Isaakson;Lisse Isaakson
Litara;Litara
Little Parasite;Petit parasite
Lizardman shaman;Chaman homme-lézard
Left head;Tête gauche
Leo;Lion
Lesser Demon Champion;Champion Démon Mineur
Loading crane;Grue de chargement
Logava;Logava
Lokar Searunner;Coureur de mer Lokar
Layleen;Layleen
Leagues Tutor;Tuteur de ligues
Leke quo Keran;Leke quo Keran
Lev;Lév
Lil' Creator;Petit Créateur
Lil' Destructor;Petit Destructeur
Lliann;Lliann
Larry;Larry
Launa;Launa
Lesser zombified thrall;Petit esclave zombifié
Lillia;Lilia
Lathas;Lattes
Lava dragon;Dragon de lave
Leon;Léon
Lesser Fanatic;Petit fanatique
Lithil;Lithile
Local;Locale
Logosia;Logosie
Latlink Fastbell;Latlink Fastbell
Lenwe;Lenwe
Lenyig Karna;Lenyig Karna
Lieve McCracken;Lieve McCracken
Lil' Maiden;Petite fille
Liliya;Lilia
Lizardman;Homme-lézard
Lobstrosity;Homostosité
Liam;Liam
Lisa;Lisa
Lizard;Lézard
Loinur;Loinur
Look-out;Attention
Lava beast;Bête de lave
Lazim;Lazim
Lil' Bloat;Petit ballonnement
Liliwen;Liliwen
Llio;Llio
Lokraa quo Sihar;Lokraa quo Sihar
Le-sabrè;Le-sabré
Leech display;Affichage des sangsues
Leenz;Leenz
Legends guard;Garde des légendes
Lil' Xarp;Petit Xarp
Longbow Ben;Ben arc long
Lauretta;Laurette
Lensa;Lensa
Lesser demon;Petit démon
Lidio;Lidio
Lil' Nylo;P'tit Nylo
Lilifang;Lilifang
Lollk;Lollk
Lazy cat;Chat paresseux
Librarian;Bibliothécaire
Little Nightmare;Petit cauchemar
Lizardman brute;Brute homme-lézard
Local Gnome;Gnome local
Looming shadow;Ombre imminente
Leagues Assistant;Assistante des Ligues
Leela;Leela
Leon d'Cour;Léon d'Cour
Lesser ghostly thrall;Petit esclave fantomatique
Lilly;Lily
Lleidr Golau;Lleidr Golau
Loar Shadow;Ombre de Loar
Locust;Criquet
Lofu;Lofu
Lasenna Rasputin;Lasenna Raspoutine
Lead Navigator;Navigateur principal
Lector Gura;Lecteur Gura
Lesser skeletal thrall;Moins d'emprise squelettique
Linen worker;Ouvrière du linge
Loar Shade;Ombre de Loar
Logios;Logios
Loki;Loki
Larran;Larran
Larrissa;Larissa
Lazy hellcat;Chat de l'enfer paresseux
Leech;Sangsue
Lenny;Lénny
Light creature;Créature légère
Locust rider;Cavalier criquet
Longhall Bouncer;Videur Longhall
Larxus;Larxus
Leatherworker;Travailleur du cuir
Lieutenant Schepbur;Lieutenant Schepbur
Lil' Sot;P'tit Sot
Lizard display;Affichage lézard
Long-tailed Wyvern;Wyverne à longue queue
Lucy;Lucie
Lumo;Lumo
Mahtan;Mahtan
Maria Gadderanks;Maria Gadderanks
Lord Iestin Iorwerth;Seigneur Iestin Iorwerth
Lord Piquan Crwys;Seigneur Piquan Crwys
Lorelai;Lorelaï
Lundail;Lundail
Madame Caldarium;Madame Caldarium
Maedhros;Maedhros
Marble gargoyle;Gargouille de marbre
Marius;Marius
Lord Iorwerth;Seigneur Iorwerth
Lucky impling;Chanceux implicite
Lumbridge Guide;Guide de Lumbridge
Magic axe;Hache magique
Markog;Markog
Lord Rologarth;Seigneur Rologarth
Lost barbarian;Barbare perdu
Lumiere;Lumière
Lyra;Lyre
Major Heal;Guérison majeure
Maniacal monkey;Singe maniaque
Marten;Martre
Martha Rehnison;Martha Rehnison
Lord Ieuan Amlodd;Seigneur Ieuan Amlodd
Major Defend;Défense majeure
Mammoth;Mammouth
Maria Gunnars;Maria Gunnars
Louie Legs;Jambes de Louie
Lurgon;Lurgon
Maisa;Maïsa
Male slave;Esclave mâle
Market seller;Vendeur sur le marché
Luminata;Lumineuse
Lux grub;Larve de Lux
Magnus Gram;Magnus Gramme
Lord Kandur Hosidius;Seigneur Kandur Hosidius
Love Cats;Aimer les chats
Lubufu;Lubufu
Lucien;Lucien
Lynx;Lynx
Mad skavid;Skavid fou
Maeglin;Maeglin
Magpie impling;Pie impliquant
Malak;Malak
Malignius Mortifer;Malignius Mortifère
Marley;Marly
Lord Alexei Jovkai;Seigneur Alexei Jovkai
Lord Marshal Brogan;Seigneur maréchal Brogan
Lord Mischa Myrmel;Seigneur Mischa Myrmel
Lord Shiro Shayzien;Seigneur Shiro Shayzien
Louisa;Louise
Lumberjack Leif;Bûcheron Leif
Mage (easy);Mage (facile)
Make-over mage;Mage de relooking
Marfet;Marfet
Lovakengj Engineer;Ingénieur Lovakengj
Lowerniel Drakan;Drakan du Bas-Niel
Luthas;Luthas
Mairin;Mairin
Malevolent Mage;Mage malveillant
Manni the Reveller;Manni le fêtard
Marmor quo Narga;Marmor quo Narga
Lorraine;Lorraine
Mac;Mac
Magic Instructor;Instructeur de magie
Maniacal Monkey Archer;Archer singe maniaque
Lovada;Lovada
Macaroni Penguin;Macaroni Pingouin
Major Collect;Collecte majeure
Mark;Marque
Market Guard;Garde du marché
Lumdo;Lumdo
Luna;Lune
Mariah;Mariah
Lord Crombwick;Seigneur Crombwick
Lornor quo Narga;Lornor quo Narga
Mama;Maman
Mandrith;Mandrith
Marius Giste;Marius Giste
Lord Pandur Hosidius;Seigneur Pandur Hosidius
Lowe;Lowe
Lunderwin;Lunderwin
Lutwidge;Lutwidge
Lynx Tamer;Dompteur de lynx
Mage of Zamorak;Mage de Zamorak
Maid;Femme de ménage
Man;Homme
Mandy;Mandy
Marisi;Marisi
Marlo;Marlo
Lord Baxtorian Cadarn;Seigneur Baxtorian Cadarn
Lord Daquarius;Seigneur Daquarius
Lord Trobin Arceuus;Seigneur Trobin Arceuus
Luscion;Luscion
Magic combat tutor;Professeur de combat magique
Major Attack;Attaque majeure
Mallak quo Keran;Mallak quo Keran
Mamma Bufetta;Maman Buffet
Mawnis Burowgar;Mawnis Burowgar
Meiyerditch citizen;Citoyen de Meiyerditch
Melzar the Mad;Melzar le Fou
Mi-Gor;Mi-Gor
Miles;Milles
Miriam;Myriam
Mischievous ghost;Fantôme espiègle
Mary;Marie
Maz;Maz
Maze Guardian;Gardien du labyrinthe
Menaphite guard;Garde ménaphite
Midnight;Minuit
Millie Miller;Millie Miller
Miala;Miala
Matthias;Mathias
Mazchna;Mazchna
Mazion;Mazion
Mine cart driver;Chauffeur de chariot minier
Miner;Mineur
Miner Magnus;Mineur Magnus
Moggy;Minou
Meegle;Meegle
Menaphite Leader;Chef Ménaphite
Mike;Micro
Milli Rehnison;Milli Rehnison
Mogrim;Mogrim
Martin Thwait;Martin Thwait
Master Crafter;Maître artisan
Mithrellas;Mithrelles
Master fisher;Maître pêcheur
Meddwl Ymlaen Llaw;Meddwl Ymlaen Llaw
Miniature chaotic clouds;Nuages ​​chaotiques miniatures
Mistag;Erreur
Mizaru;Mizaru
Mercenary Captain;Capitaine mercenaire
Meredith;Meredith
Mernia;Mernia
Mine cart;Chariot de mine
Mining Instructor;Instructeur minier
Mishkal'un Dorn;Mishkal'un Dorn
Marwolaeth Dawnsio;Marwolaeth Dawnsio
Master Farmer;Maître fermier
Mercy;Miséricorde
Mimm;Mimm
Miriel;Miriel
Melee combat tutor;Professeur de combat au corps à corps
Menaphite Thug;Voyou Ménaphite
Mernik;Mernik
Metarialus;Métariale
Mime;Mime
Mine Cart;Chariot de mine
Miss Schism;Miss Schisme
Mithril dragon;Dragon en mithril
Mithril ore;Minerai de mithril
Martina Scorsby;Martina Scorsby
Matilda;Mathilde
Me;Moi
Megan;Mégane
Meiyerditch miner;Mineur de Meiyerditch
Mind Golem;Golem mental
Molanisk;Molanisk
Mekritus A'hara;Mekritus A'hara
Meleti;Méléti
Melvin;Melvin
Memory of Seren;Mémoire de Seren
Mia;Mia
Mining tutor;Tuteur minier
Miodvetnir;Miodvetnir
Mogre;Mogre
Mogre Guard;Garde Mogre
Martin Holt;Martin Holt
Master Chef;Maître cuisinier
Mattimeo;Mattimeo
Miltog;Miltog
Mine supervisor;Surveillant de mine
Mist;Brume
Mawrth;Mawrth
Me (hard);Moi (dur)
Melana Moonlander;Melana Moonlander
Melina;Mélina
Mercenary;Mercenaire
Meskhenet;Meskhenet
Meteora;Météores
Middle head;Tête moyenne
Mihail;Mihail
Minotaur;Minotaure
Misdrievus Shadum;Misdrievus Shadum
Mittens;Mitaines
Martin the Master Gardener;Martin le maître jardinier
Master Navigator;Maître Navigateur
Master smithing tutor;Professeur de maître forgeron
Merlin;Merlin
Miazrqa;Miazrqa
Milla;Milla
Mofina;Mofina
Matthew;Matthieu
Mayor Hobb;Maire Hobb
Medium ninja monkey;Singe ninja moyen
Miss Cheevers;Mademoiselle Cheevers
Moe;Moé
Mole display;Affichage des taupes
Monkey display;Exposition de singes
Mounted terrorbird gnome;Gnome oiseau-terror monté
Mubariz;Moubariz
Munty;Munty
Murcaily;Murcaily
Murng bat;Chauve-souris murng
Mysterious ghost;Fantôme mystérieux
Naghead;Naghead
Nardah Banker;Nardah banquier
Necromancer;Nécromancien
Monkey minder;Gardien de singe
Mort Nightshade;Morelle mortelle
Murfet;Murfet
Murphy;Murphy
Nail beast;Bête des ongles
Monkey;Singe
Morvran;Morvran
Mosquito swarm;Essaim de moustiques
Moths;Papillons de nuit
Ms. Hynn Terprett;Mme Hynn Terprett
Mugger;Agresseur
Mysterious Voice;Voix mystérieuse
Necrovarus;Nécrovare
Molly;Molly
Mordan Nikazsi;Mordan Nikazisi
Morris;Morris
Mosol Rei;Mosol Rei
Mother;Mère
Natalidae Shadum;Natalidés Shadum
Monkey Guard;Garde de singe
Murky Pat;Pat trouble
Monkey Zombie;Singe-Zombie
Monstrous Basilisk;Basilic monstrueux
Moss Guardian;Gardien de mousse
Mountain goat;Chèvre de montagne
Mummy;Momie
Mushroom;Champignon
Monk;Moine
Mountain troll;Troll des montagnes
Mouse;Souris
Movario;Movario
Nazastarool;Nazastarool
Mountain Dwarf;Nain des montagnes
Mummy ashes;Cendres de maman
Murky Matt (runes);Murky Matt (runes)
Museum guard;Gardien du musée
Mystery figure;Personnage mystère
Nathifa;Nathifa
Myre Blamish Snail;Escargot Myre Blamish
Mysterious Stranger;Mystérieux étranger
Monkey Child;Enfant Singe
Morgan Le Faye;Morgane Le Faye
Morten Holdstrom;Morten Holdstrom
Mother Mallum;Mère Mallum
Mountain Goat;Chèvre de montagne
Mounted terrorchick gnome;Gnome de poussin terroriste monté
Mutant tarn;Tarn mutant
Nature Spirit;Esprit Nature
Mort'ton local;Local de Mort'ton
Moss Giant;Géant de mousse
Mountain Guide;Guide de montagne
Mutated Bloodveld;Bloodveld muté
Monkey guard;Garde de singe
Monkey on unicorn;Singe sur licorne
Morgan;Morgan
Mr. Mordaut;M. Mordaut
Mudskipper;Passe-boue
Mysterious Adventurer;Aventurier mystérieux
Narf;Narf
Natural Historian;Historien naturel
Nazastarool (hard);Nazastarool (dur)
Moss giant;Géant de mousse
Muruwoi;Muruwoi
My Arm;Mon bras
Nature impling;Nature impliquant
Nechryarch;Néchryarque
Neferti the Camel;Néferti le chameau
Neil;Daniel
Mort'ton Local;Local de Mort'ton
Mourner;Pleureuse
Muttadile;Muttadile
Mysterious Old Man;Vieil homme mystérieux
Natural historian;Historien naturel
Moldof;Moldavie
Monk of Entrana;Moine d'Entrana
Monkey Archer;Archer Singe
Mord Gunnars;Mord Gunnars
Mysterious Figure;Personnage mystérieux
Nechryael;Nechryaël
Monk of Zamorak;Moine de Zamorak
Monstrous basilisk;Basilic monstrueux
Mori;Mori
Mortina Daubenton;Mortine Daubenton
Moss Guardian (hard);Gardien de mousse (difficile)
Most of a Zombie;La plupart d'un zombie
Myndill;Myndill
Nakasa Jovkai;Nakasa Jovkai
Nardok;Nardok
Ned;Ned
Ocga;Ocga
Old crone;Vieille vieille
Neite;Neite
Nigel;Nigel
Nurse Emma Gentsy;Infirmière Emma Gentsy
Nylocas Athanatos;Nylocas Athanatos
Ogress Warrior;Guerrier Ogresse
New Recruit Tony;Nouvelle recrue Tony
Nisha;Nisha
Noella;Noëlla
Norman;normand
Numpty;Numpty
Olivia;Olivia
Ollie the Camel;Ollie le chameau
Olmlet;Olmlet
Noctillion Lugosi;Noctillion Lugosi
Noterazzo;Noterazzo
Nulodion;Nulodion
Nurse Sarah;Infirmière Sarah
Nylocas Matomenos;Nylocas Matomenos
Olaf the Bard;Olaf le barde
Nemishka;Nemishka
Nikkie;Nikki
Nylocas Vasilias;Nylocas Vasilias
Oathbreaker E'piws;E'piws briseur de serment
Odd Mushroom;Champignon étrange
Old dwarf;Vieux nain
Nezikchened (hard);Nezikchened (dur)
Niloof;Niloof
Noranna Tytanin;Noranna Tytanin
Nylocas Prinkipas;Nylocas Prinkipas
Nellas;Nellas
Nieve;Nieve
Noon;Midi
Not Bob;Pas Bob
Oathbreaker M'als;Oathbreaker M'als
Og;Og
Ogre guard;Garde ogre
Nicoleta;Nicolette
Nikita;Nikita
Nimrodel;Nimrodel
Nurse Boubou;Infirmière Boubou
Odysseus;Ulysse
Oipuis;Oipuis
Nirrie;Nirrie
Nkuku;Nkuku
Novice;Novice
Obli;Obli
Ogre shaman;Chaman ogre
Nesty;Nesty
Nimloth;Nimloth
Ninja impling;Ninja impliquant
Nipper;Pince
Nurse Inn'Juree;Infirmière Inn'Juree
Observatory assistant;Assistante Observatoire
Odd Stone;Pierre étrange
Ogre;Ogre
Nezikchened;Nézikchened
Nia;Nia
Nicholas;Nicolas
Nickolaus;Nicolas
Nikolai;Nicolas
Niles;Nils
Nomad;Nomade
Nurmof;Nurmof
Nurse Wooned;Infirmière courtisée
Nylocas Toxobolos;Nylocas Toxobolos
Observatory professor;Professeur de l'Observatoire
Ogre chieftain;Chef ogre
Old Man Ral;Le vieil homme Ral
Nung;Nong
Nylocas Ischyros;Nylocas Ischyros
Oathbreaker B'ats;Oathbreaker B'ats
Ogre trader;Marchand d'ogres
Ogress Shaman;Chaman Ogresse
Nerdanel;Nerdanel
Nick;Entaille
Nylocas;Nylocas
Oath Lord D'rows;Serment Seigneur D'rows
Ochre Blamish Snail;Escargot blême ocre
Odd Old Man;Vieil homme étrange
Olbertus;Olbertus
Old Man Yarlo;Le vieil homme Yarlo
Newtroost;Nouveautroost
Night beast;Bête de nuit
Noodle;Nouille
Nylocas Hagios;Nylocas Hagios
Oaknock the Engineer;Oaknock l'ingénieur
Odovacar;Odovacar
Ogre merchant;Marchand d'ogres
Olaf Hradson;Olaf Hradson
Oldak;Oldak
Nolar;Nolar
Obor;Obor
Odmar;Odmar
Ogre boat;Bateau Ogre
Old man;Vieillard
Nora T. Hagg;Nora T. Hagg
Nuclear smoke devil;Diable de fumée nucléaire
Nylocas Queen;Reine Nylocas
Padulah;Padulah
Penance Queen;Reine de la Pénitence
Penance Runner;Coureur de pénitence
Pennant;Fanion
Petra Fiyed;Petra Fiyed
Phials;Ampoules
Pieve;Pieve
Orlando Smith;Orlando Smith
Osten;Osten
Othainian;Othaïnien
Overgrown cat;Chat envahi par la végétation
Owl;Hibou
Painted One;Peint un
Peer the Seer;Observez le voyant
Penance Ranger;Ranger de pénitence
Oozing barrier;Barrière suintante
Oswald;Oswald
Penance Healer;Guérisseur de pénitence
Pestilent Bloat;Ballonnement pestilentiel
Phosani's Nightmare;Le cauchemar de Phosani
Phrin Shadow;Ombre de Phrin
Oxi;Oxy
Pagida;Page
Pebble;Caillou
Phillipa;Philippe
Phoenix;Phénix
Osman;Osman
Patrick;Patrick
Patrolwoman;Patrouilleuse
Penguin display;Exposition de pingouins
Pet rock;Rocher pour animaux de compagnie
Peter;Pierre
Phantuwti Fanstuwi Farsight;Phantuwti Fanstuwi Farsight
Phluxia bat;Chauve-souris Phluxia
Oneiromancer;Oniromancien
Penguin;Manchot
Philipe Carnillean;Philippe Carnilléen
Ordan;Ordan
Oropher;Oropher
Osvald;Osvald
Oziach;Oziach
Paladin;Paladin
Patrolman;Patrouilleur
Peaceful barbarian spirit;Esprit barbare paisible
Perdu;Perdu
Phabelle Bile;Phabelle Bile
Pierre;Pierre
Omart;Omart
Parrot;Perroquet
Parroty Pete;Pete le perroquet
Perry;Poiré
Philop;Philop
Ork;Orks
Other Half-Zombie;Autre demi-zombie
PKMaster0036;PKMaster0036
Palmer;Palmer
Pentyn;Pentyne
Penwie;Penwie
Pescaling Pax;Pescaling Pax
Pheasant;Faisan
Phingspet;Phingspet
Orophin;Orophine
Ouditor;Auditeur
Passive Tar Monster;Monstre de goudron passif
Pauline Polaris;Pauline Polaris
Peasant;Paysan
Phrin Shade;Ombre Phrin
Oomlie bird;Oiseau Oomlie
Osian;Osien
Oswallt;Oswallt
Pelican;Pélican
Oracle;Oracle
Orrvor quo Maten;Orrvor quo Maten
Penance Pet;Animal de compagnie de pénitence
Penguin suit;Costume de pingouin
Pandur Hosidius;Pandur Hosidius
Peksa;Pékin
Penda;Penda
Phantom Hand;Main fantôme
Phileas Rimor;Philéas Rimor
Oobapohk;Oobapohk
Oronwen;Oronwen
Panning guide;Guide de panoramique
Patchy;Inégal
Penance Fighter;Combattant de pénitence
Perrdur;Perrdur
Operator;Opérateur
Ospak;Ospak
Ouhai;Ouhai
Outlaw;Interdire
Parasite;Parasite
Parrots;Perroquets
Pee Hat;Chapeau pipi
Orange salamander;Salamandre orange
Otherworldly being;Être d'un autre monde
Otto Godblessed;Otto béni par Dieu
Overgrown hellcat;Hellcat envahi par la végétation
Party Pete;Fête Pete
Perfect gold ore;Minerai d'or parfait
Petrified Pete;Pete pétrifié
Prifddinas guard;Garde de Prifddinas
Pyrelord;Seigneur des Pyres
Pig Thing;Chose de cochon
Pilg;Pèlerin
Plague cow;Vache peste
Professor Gracklebone;Professeur Gracklebone
Puffer Fish;Poisson-globe
Queen Ellamaria;Reine Ellamaria
Pipistrelle Draynar;Pipistrelle Draynar
Pit Scorpion;Scorpion des fosses
Pong;Pong
Ponts the Bridgemaster;Ponts le maître de pont
Poor looking woman;Pauvre femme
Private Pierreb;Soldat Pierreb
Protester;Manifestant
Queen Zyanyi Arkan;Reine Zyanyi Arkan
Radimus Erkle;Raymus Erkle
Polar eagle;Aigle polaire
Prince Black Dragon;Prince Dragon Noir
Professor Onglewip;Professeur Onglewip
Purple Pewter Director;Directeur de Purple Pewter
Quartermaster;Intendant
Polmafi Ferdygris;Polmafi Ferdygris
Portal of Death;Portail de la mort
Pox;Variole
Primula;Primula
Professor Imblewyn;Professeur Imblewyn
Quest Guide;Guide de quête
Quiz Master;Maître du quiz
Qutiedoll;Qutiedoll
Raccoon;Raton laveur
Piliar;Pilier
Pirate;Pirate
Pirate Guard;Garde pirate
Pirate Pete;Pierre le pirate
Pizazz Hat;Chapeau Pizzazz
Possessed pickaxe;Pioche possédée
Preswylwyr Dall;Preswylwyr Dall
Professor Manglethorp;Professeur Manglethorp
Pumpy;Pompé
Postie Pete;Postie Pete
Prael bat;Chauve-souris Prael
Prickly kebbit;Kebbit épineux
Prisoner;Prisonnier
Private Paldon;Soldat Paldon
Purepker895;Purepker895
Pusskins;Les chatons
Pyromancer;Pyromancien
Radu;Radu
Raeli;Raëli
Piles;Pieux
Ping;Ping
Queen Sigrid;Reine Sigrid
R4ng3rNo0b889;R4ng3rNo0b889
Porazdir;Porazdir
Port Official;Officier portuaire
Prison Pete;Pierre en prison
Probita;Probita
Professor Oddenstein;Professeur Oddenstein
Radigad Ponfit;Radigad Ponfit
Raetul;Raetul
Pig;Cochon
Piglet;Porcelet
Pile of bones;Tas d'os
Plague frog;Grenouille de la peste
Poltenip;Polténip
Possessed Priest;Prêtre possédé
Prayer tutor;Professeur de prière
Puppadile;Puppadile
Rabbit;Lapin
Pirate Jackie the Fruit;Pirate Jackie le fruit
Poison Salesman;Vendeur de poison
Port worker;Ouvrier portuaire
Priest;Prêtre
Psykk bat;Chauve-souris psykk
Portobello;Portobello
Prospector Percy;Prospecteur Percy
Protest Leader;Chef de la protestation
Puffin;Macareux
Purple Pewter Secretary;Secrétaire en étain violet
Radat;Radar
Pontak;Pontak
Private Paldo;Soldat Paldo
Pyramid block;Bloc pyramide
Pyrefiend;Démon du feu
Pillory Guard;Garde du pilori
Praistan Ebola;Pristan Ebola
Prince Ali;Prince Ali
Poison Scorpion;Scorpion venimeux
Poison spider;Araignée venimeuse
Portal;Portail
Prince Brand;Marque Prince
Private Pendron;Soldat Pendron
Rachael;Rachel
Poor looking man;Pauvre homme
Priestess Zul-Gwenwynig;Prêtresse Zul-Gwenwynig
Princess Astrid;Princesse Astrid
Prissy Scilla;Prissy Scilla
Prosecutor;Procureur
Queen spawn;Reine frayer
Ramarno;Ramarno
Ranged combat tutor;Professeur de combat à distance
Ranis Drakan;Ranis Drakan
Rannveig;Rannveig
Reanimated horror;Horreur réanimé
Red Monkey;Singe rouge
Red dragon;Dragon rouge
Red salamander;Salamandre rouge
Redbeard Frank;Frank Barbe-Rousse
Revenant cyclops;Cyclope revenant
Ravager;Ravageur
Renegade knight;Chevalier renégat
Revenant hobgoblin;Hobgobelin revenant
Reanimated bear;Ours réanimé
Reanimated troll;Troll réanimé
Reinn;Rein
Revenant goblin;Gobelin revenant
Revenant hellhound;Chien de l'enfer revenant
Ragnar;Ragnar
Rakkar;Rakkar
Ramara du Croissant;Ramara du Croissant
Reanimated abyssal;Abyssal réanimé
Reanimated aviansie;Aviansie réanimée
Reanimated dagannoth;Dagannoth réanimé
Reanimated kalphite;Kalphite réanimée
Reanimated minotaur;Minotaure réanimé
Red Axe Secretary;Secrétaire de la hache rouge
Ranger;Ranger
Raqueel;Raquel
Raulyn;Raulyn
Reach;Atteindre
Reanimated bloodveld;Bloodveld réanimé
Rebel Scout;Éclaireur rebelle
Reldak;Reldak
Reshi;Reshi
Ragnvald;Ragnvald
Ranael;Ranael
Reanimated TzHaar;TzHaar réanimé
Remus Kaninus;Rémus Kaninus
Renegade Knight;Chevalier renégat
Researcher;Chercheur
Ram;Bélier
Ramocean;Ramocéan
Rat Burgiss;Rat Burgiss
Reanimated dog;Chien réanimé
Recruiter;Recruteur
Red Axe Henchman;Homme de main de la hache rouge
Repugnant spectre;Spectre répugnant
Respiratory system;Système respiratoire
Reanimated goblin;Gobelin réanimé
Red Axe Cat;Chat hache rouge
Ranger (medium);Ranger (moyen)
Raven;Corbeau
Razvan;Razvan
Reanimated chaos druid;Druide du chaos réanimé
Reldo;Reldo
Rasolo;Rasolo
Red fireflies;Lucioles rouges
Refugee;Réfugié
Restless ghost;Fantôme agité
Retired sailor;Marin à la retraite
Ranalph Devere;Ranalph Devere
Reanimated unicorn;Licorne réanimée
Resistance Fighter;Combattant de la Résistance
Revenant demon;Démon revenant
Randivor;Randivore
Rat;Rat
Reacher;Atteindre
Reanimated demon spawn;Apparition de démon réanimé
Reanimated monkey;Singe réanimé
Red Axe Director;Directeur de la hache rouge
Revenant dark beast;Bête noire revenante
Ranging Guild Doorman;Portier de la guilde à distance
Rauborn;Rauborn
Red;Rouge
Reinald;Réald
Rantz;Rantz
Rassain;Rassain
Rebel Archer;Archer rebelle
Relobo Blinyo (logs);Relobo Blinyo (journaux)
Remsai;Remsaï
Rashiliyia;Rashiliyia
Raum Urda-Stein;Raum Urda-Stein
Reanimated demon;Démon réanimé
Reanimated elf;Elfe réanimé
Reanimated giant;Géant réanimé
Reanimated imp;Diablotin réanimé
Reanimated ogre;Ogre réanimé
Red Sheep;Mouton rouge
Reeso;Réso
Reginald;Réginald
Razmire Keelgan;Razmire Keelgan
Reanimated dragon;Dragon réanimé
Reanimated scorpion;Scorpion réanimé
Rebel Warrior;Guerrier rebelle
Red Panda;Panda roux
Reese;Reese
Ref;Réf
Regath;Régate
Revenant dragon;Dragon revenant
Revenant pyrefiend;Démon du feu revenant
Rewards Guardian;Gardien des récompenses
Right head;Tête droite
Romily Weaklax;Romily Weaklax
Saeros;Saéros
San Fan;San Fan
Revenant knight;Chevalier revenant
Rind the gardener;Couenne le jardinier
Robert O'Reilly;Robert O'Reilly
Rock;Rocher
Rocky;Rocheux
Rolad;Rola
Ross;Ross
Sacrifice;Sacrifier
Rocks;Roches
Rokuh;Rokuh
Rolayne Twickit (hard);Rolayne Twickit (dur)
Ruantun;Ruantun
Saba;Saba
Rhyfel;Rhyfel
Richard;Richard
Rionasta;Rionasta
Rock Crab;Crabe commun
Rock Golem;Golem de roche
Rocnar;Rocnar
Rod Fishing spot;Lieu de pêche à la canne
Ross and Ben;Ross et Ben
Rupert the Beard;Rupert la barbe
Rusty;Rouillé
Rick;Meule
Rimae Sirsalis;Rimae Sirsalis
Riyl Shadow;Riyl Ombre
Roavar;Roavar
Robert Boss;Robert Patron
Rooster;Coq
Runite Golem;Golem runique
Runvastr;Runvastr
Sabre-toothed kebbit;Kebbit à dents de sabre
Sagira;Sagira
Sand Crab;Crabe des sables
Riki the sculptor's model;Riki le modèle du sculpteur
Riyl shadow;L'ombre de Riyl
Robin;Robin
Rock pile;Tas de pierres
Rory;Rory
Roy;Roy
Sabre-toothed kyatt;Kyatt à dents de sabre
Rogue;Voyou
Runite ore;Minerai de runite
Runolf;Runolf
Sabeil;Sabeil
Sabreen;Sabreen
Salarin the twisted;Salarin le tordu
Rhonen;Rhônen
Rick Turpentine;Rick Térébenthine
Salgant;Salgant
Rhazien;Rhazien
Rohak;Rohak
Rosie;Rosie
Rowdy slave;Esclave tapageur
Rufus;Rufus
Saeth;Saeth
San Tojalon;San Tojalón
Rogue Guard;Garde voyou
Revenant ork;Ork revenant
Rhiannon;Rhiannon
Richard Flintmaul;Richard Cogne-Flint
Ricketty door;Porte branlante
River troll;Troll de rivière
Rometti;Rometti
Ron Gadderanks;Ron Gadderanks
Rowdy dwarf;Nain tapageur
Safalaan Hallow;Sanctuaire Safalaan
Safta Doc;Doc Safta
Sailor;Marin
Rhoddwr Tan;Rhoddwr Tan
Rift guardian;Gardien de la faille
Robert the Strong;Robert le Fort
Rock lobster;Langouste
Rockslug;Limace-rock
Romeo;Roméo
Root;Racine
Rowdy Guard;Garde tapageur
Rug Merchant;Marchand de tapis
Sammy Servil;Sammy Servil
Revenant imp;Diablotin Revenant
Robyn;Robyn
Rune dragon;Dragon runique
Runite Minor;Runite mineure
Saboteur;Saboteur
Salenab;Salenab
Roachey;Cafard
Rommik;Rommik
Royal Guard;Garde royale
Ruby harvest;Récolte de rubis
Runa;Runa
Sadwrn;Triste
Riyl Shade;Riyl Ombre
Roy jr.;Roy jr.
Sam;Sam
Sandy rocks;Rochers sablonneux
Sassilik;Sassilik
Sergeant Ricardo;Sergent Ricardo
Sheepdog;Chien de berger
Sand Snake (hard);Serpent des sables (dur)
Sapphire glacialis;Saphir glacial
Selena;Séléna
Sergeant Slimetoes;Sergent Slimetoes
Servery assistant;Assistante de serveur
Shark;Requin
Sand Snake;Serpent de sable
Sandwich lady;Dame sandwich
Scorpia's guardian;Le gardien du Scorpia
Scrubfoot;Pied de gommage
Shayzien Infiltrator;Infiltrateur Shayzien
Sawmill operator;Opérateur de scierie
Scorpia's offspring;La progéniture du Scorpia
Seaman Lorris;Matelot Lorris
Seren;Serène
Seth;Seth
Seth Groats;Gruaux Seth
Shade;Ombre
Shadow Hound;Chien de l'Ombre
Shantay Guard;Garde Shantay
Sharimika;Sharimika
Sea slugs display;Exposition de limaces de mer
Sedridor;Sédridor
Shadow Wyrm;Wyrm de l'Ombre
Sherlock;Sherlock
Sawmill Operator;Opérateur de scierie
Scarab mage;Mage scarabée
Screaming twisted banshee;Banshee tordue et hurlante
Sea Troll General;Général des Trolls des Mers
Selene;Séléné
Sergeant Sambur;Sergent Sambur
Shadow warrior;Guerrier de l'ombre
Shanomi;Shanomi
Sani Piliu;Sani Piliu
Santiri;Santiri
Sarah;Sarah
Schoolgirl;Écolière
Secretary;Secrétaire
Sergiu;Serge
Saradomin wizard;Assistant Saradomin
Saro;Saro
Seaman Thresnor;Matelot Thresnor
Seer;Voyant
Sandy;Sablonneux
Saniboch;Saniboch
Saradomin priest;Prêtre Saradomin
Seagull;Mouette
Shadowy figure;Figure sombre
Sarachnis;Sarachnis
Saradominist recruiter;Recruteur saradoministe
Scabaras;Scabaras
Scorpion;Scorpion
Sea Snake Young;Jeune serpent de mer
Sergeant Grimspike;Sergent Grimspike
Shady figure;Chiffre ombragé
Shantay;Shantay
Sheep;Mouton
Sand storm;Tempête de sable
Scarab swarm;Essaim de scarabées
Sea Snake Hatchling;Nouveau-né de serpent de mer
Sea Troll Queen;Reine des Trolls des Mers
Seravel;Seravel
Sergeant Steelwill;Sergent Steelwill
Sarius Guile;Sarius Ruse
Scarg;Cicatrice
Schoolboy;Écolier
Scout;Scout
Sea slug;Limace de mer
Seddu;Séddu
Sergeant Strongstack;Sergent Strongstack
Shade Spirit;Esprit de l'ombre
Sandicrahb;Sandicrahb
Sandy Boulder;Rocher de Sable
Sanfew;Sanfew
Scarabs;Scarabées
Sea troll;Troll de mer
Sergeant Mossfists;Sergent Mossfists
Servant;Serviteur
Shadow;Ombre
Shadow spider;Araignée de l'ombre
Shamus;Shamous
Shayda;Shayda
Scared skavid;Skavid effrayé
Scion;Scion
Security Guard;Agent de sécurité
Sergeant Damien;Sergent Damien
Shaeded Beast;Bête ombragée
Savant;Savant
Sbott;Sbot
Scavenger beast;Bête charognarde
Scavvo;Scavvo
Screaming banshee;Banshee hurlante
Seaman Morris;Matelot Morris
Sarble;Sarbé
Scorpia;Scorpie
Sergeant;Sergent
Sheryl;Sheryl
Siamun;Siamun
Sigismund;Sigismond
Sinister Stranger;Sinistre étranger
Sir Harry;Monsieur Harry
Sister Scarophia;Sœur Scarophia
Skeleton;Squelette
Shop keeper;Commerçant
Shura;Choura
Sigbert the Adventurer;Sigbert l'Aventurier
Sil'as Dahcsnu;Sil'as Dahcsnu
Simona;Simone
Sir Palomedes;Monsieur Palomède
Sister Senga;Sœur Senga
Sister Toen;Sœur Toen
Siegfried Erkle;Siegfried Erkle
Sinclair;Sinclair
Sir Leye;Monsieur Leye
Sir Ren Itchood;Sir Ren Itchhood
Sirsal Banker;Sirsal banquier
Skeleton Hellhound;Chien de l'enfer squelette
Shiratti the Custodian;Shiratti le gardien
Sigmund;Sigmond
Sigmund The Merchant;Sigmund le marchand
Sir Rebral;Monsieur Rebral
Skeleton hero;Héros squelette
Skuli Myrka;Skuli Myrka
Skullball;Boule de crâne
Slagilith;Slagilithe
Shifter;Manette de vitesse
Sin Seer;Voyant du péché
Sir Tiffy Cashien;Monsieur Tiffy Cashien
Sister Soul Jar;Pot d'âme sœur
Sithik Ints;Sithik Ints
Skeleton Mage;Mage Squelette
Skeleton warlord;Seigneur de guerre squelette
Sigmund and Zanik;Sigmond et Zanik
Sinco Doar;Sinco Doar
Sir Carl;Monsieur Carl
Sister Aseret;Sœur Aseret
Sister Salohcin;Sœur Salohcin
Skeleton mage;Mage squelette
Shield master;Maître du bouclier
Shilop;Shilop
Shop assistant;Vendeur
Sir Spishyus;Monsieur Spishyus
Skippy;Skippy
Skogre;Skogre
Skrach Uglogwee;Skrach Uglogwee
Sid;Sidé
Sinclair Guard dog;Chien de garde Sinclair
Sir Tinley;Monsieur Tinley
Skeleton brute;Brute squelette
Slagilith (hard);Slagilith (dur)
Silk merchant;Marchand de soie
Silver merchant;Marchand d'argent
Sir Bedivere;Monsieur Bédivère
Sir Kuam Ferentse;Sir Kuam Ferentsé
Sir Lancelot;Monsieur Lancelot
Sir Lucan;Monsieur Lucan
Sir Mordred;Monsieur Mordred
Sir Vyvin;Monsieur Vyvin
Sister Yram;Sœur Yram
Skeletal Wyvern;Wyverne squelettique
Skullball Trainer;Entraîneur de Skullball
Simon;Simon
Sir Percival;Monsieur Percival
Skraeling;Skraëling
Silk trader;Négociant en soie
Sir Prysin;Monsieur Prysine
Sir Tristram;Monsieur Tristram
Skeleton Hellhound (hard);Chien de l'enfer squelette (difficile)
Skeleton thug;Voyou squelette
Skotizo;Skotizo
Shipyard worker;Ouvrier de chantier naval
Sian;Sian
Silver Cog Director;Directeur du Silver Cog
Sir Renitee;Monsieur Renitée
Sister Naoj;Sœur Naoj
Sister Sevi;Sœur Sévi
Skeletal Mystic;Mystique squelettique
Skeleton fremennik;Fremennik squelette
Skotos;Skotos
Skulgrimen;Skulgrimen
Sir Gawain;Monsieur Gauvain
Sir Jerro;Monsieur Jerro
Sir Kay;Monsieur Kay
Skeletal miner;Mineur squelettique
Skeleton Champion;Champion squelette
Sigli the Huntsman;Sigli le chasseur
Silver Cog Secretary;Secrétaire Cog d'argent
Simon Templeton;Simon Templeton
Skeleton heavy;Squelette lourd
Signy;Signé
Sigurd;Sigurd
Silver ore;Minerai d'argent
Sir Amik Varze;Monsieur Amik Varze
Sir Pelleas;Monsieur Pelléas
Skavid;Skavide
Skullball Boss;Patron de la boule de crâne
Spinner;Fileur
Squirrel;Écureuil
Stone Guardian;Gardien de pierre
Small Lizard;Petit lézard
Smith;Forgeron
Soldier (tier 2);Soldat (niveau 2)
Sorrn;Désolé
Sotetseg;Sotetseg
Spiritual ranger;Ranger spirituel
Squire;Écuyer
Starflower;Étoile de mer
Snowy knight;Chevalier enneigé
Sorceress;Sorcière
Spidine;Spidine
Slash Bash;Coup de barre oblique
Spinolyp;Spinolype
Spitting Wyvern;Wyverne cracheuse
Snow;Neige
Soldier;Soldat
Solus Dellagar;Solus Dellagar
Sophanem guard;Garde Sophanem
Sorebones;Maladies
Sorin;Sorin
Spang;Spang
Squire (Novice);Écuyer (débutant)
Stankers;Stankers
Strange plant;Plante étrange
Soldier (tier 3);Soldat (niveau 3)
Soldier (tier 5);Soldat (niveau 5)
Spawn;Frayer
Spice seller;Vendeur d'épices
Spria;Spria
Star Sprite;Lutin étoilé
Straven;Straven
Sleeping Monkey;Singe endormi
Sleeping guard;Garde endormi
Small ninja monkey;Petit singe ninja
Snakeling;Serpent
Sofiya;Sophie
Spined larupia;Larupia à épines
Stone mason;Tailleur de pierre
Smithing apprentice;Apprenti forgeron
Smolcano;Smolcano
Snake;Serpent
Spectator;Spectateur
Spirit of Scorpius;Esprit du Scorpius
Squire (Veteran);Écuyer (vétéran)
Steel dragon;Dragon d'acier
Slug Hemligssen;Limace Hemligssen
Sourhog;Sourhog
Starlight;Lumière des étoiles
Steve;Steve
Stonemason;Tailleur de pierre
Storm cloud;Nuage d'orage
Smoke devil;Diable de fumée
Solihib;Solhib
Spawn of Sarachnis;Apparition de Sarachnis
Spiked Turoth;Turoth à pointes
Stick;Bâton
Sloane;Sloan
Smokin' Joe;Joe qui fume
Sphinx;Sphinx
Stag;Cerf
Smiddi Ryak (hard);Smiddi Ryak (dur)
Smoggy;Smog
Snowflake;Flocon de neige
Speedy Keith;Keith rapide
Spider;Araignée
Spirit of Zadimus;Esprit de Zadimus
Spit goblin;Cracher gobelin
Stanford;Stanford
Strange watcher;Étrange observateur
Slim Louie;Slim Louie
Smellytoes;Orteils malodorants
Snail display;Présentoir d'escargots
Soulless;Sans âme
Sraracha;Sraracha
Stranger;Étranger
Slieve;Slieve
Slippers;Pantoufles
Smoke Devil;Diable de fumée
Sophia Hughes;Sophie Hughes
Spirit Angler;Pêcheur spirituel
Spiritual warrior;Guerrier spirituel
Spring Elemental;Élémentaire de printemps
Slave;Esclave
Slug Prince;Prince Limace
Solztun;Solztun
Spin Blades;Lames rotatives
Spirit tree;Arbre spirituel
Splatter;Éclabousser
Spotted kebbit;Kebbit tacheté
Sleepwalker;Somnambule
Small zombie monkey;Petit singe zombie
Soldier (tier 1);Soldat (niveau 1)
Soldier (tier 4);Soldat (niveau 4)
Spiritual mage;Mage spirituel
Squire (Intermediate);Écuyer (intermédiaire)
Storm Cloud;Nuage d'orage
Strange Old Man;Étrange vieil homme
Strong Ronny;Ronny fort
Stunted demonic gorilla;Gorille démoniaque rabougri
Swamp frog;Grenouille des marais
Swan;Cygne
Taiman;Taïman
Tangleroot;Racine enchevêtrée
Tea seller;Vendeur de thé
Terror dog;Chien de terreur
Suit of armour;Armure
Superior ghostly thrall;Un esclave fantomatique supérieur
Survival Expert;Expert en survie
Swamp lizard;Lézard des marais
Tamble;Tambler
Tanglefoot;Pied emmêlé
Summoned Zombie;Zombie invoqué
Suspicious water;Eau suspecte
Svetlana;Svetlana
Tempoross;Tempoross
Teodor;Théodore
Stunned Hoop Snake;Serpent cerceau étourdi
Svidi;Svidi
Swamp snake;Serpent des marais
Swamp toad;Crapaud des marais
Tar Monster;Monstre de goudron
Taylor;Taylor
Tekton;Tekton
Terrorbird;Oiseau terroriste
Ted Rehnison;Ted Rehnison
Tegdak;Tegdak
Telekinetic Guardian;Gardien télékinésique
Temple Spider;Araignée du temple
The Draugen;Le Draugen
The Illusive;L'illusoire
Summoned Soul;Âme invoquée
Swamp Priest;Prêtre des marais
Taloned Wyvern;Wyverne à griffes
Tarn;Tarn
Terror dog statue;Statue de chien de terreur
The Beast;La Bête
The Jormungand;Le Jörmungand
Stray dog;Chien errant
Street urchin;Oursin des rues
Sulphur Lizard;Lézard de soufre
Summer Elemental;Élémentaire d'été
Sune;Soleil
Supreme Commander;commandant suprême
Tanglefoot (hard);Tanglefoot (dur)
The Everlasting (hard);L'Éternel (dur)
The Inadequacy (hard);L'insuffisance (difficile)
Stumpy;Courtaud
Superior skeletal thrall;Thrall squelettique supérieur
Surgeon General Tafani;Chirurgien Général Tafani
Surok Magis;Surok Magis
Swamp Crab;Crabe des marais
Tarik;Tarik
Tatie;Tatie
Teacher;Professeur
Tentacle;Tentacule
Terrorchick gnome;Gnome Terrorchick
The Collector;Le collectionneur
Tamayu;Tamayu
Tayten;Tayten
Tekton (enraged);Tekton (enragé)
The Fisher King;Le roi pêcheur
Sylas;Sylas
Tanya;Tanya
Tegid;Tegid
Tektiny;Tectine
Temple guardian;Gardien du temple
Tar Bubbles;Bulles de goudron
Swampy log;Journal marécageux
Talia;Talia
Tarfol quo Maten;Tarfol quo Maten
Tarquin;Tarquin
Tassie Slipcast;Tassie Slipcast
Thakkrad Sigmundson;Thakkrad Sigmundson
Student;Étudiant
Styrmir;Styrmir
Suqah;Souqa
Surma;Surma
Suspect;Suspect
Swarm;Essaim
Sweeper;Balayeuse
Tanner;Tanneur
Target;Cible
The 'Wedge';Le « Coin »
The Everlasting;L'Éternel
Swensen the Navigator;Swensen le navigateur
Swordchick;Poussin d'épée
Taria;Taria
Tati;Tati
Tau;Tau
Tenzing;Tenzing
Terrorbird display;Affichage des oiseaux de terreur
The Inadequacy;L'insuffisance
Stuliette;Stuliette
Superior zombified thrall;Serviteur zombifié supérieur
Taxidermist;Taxidermiste
Teacher and pupil;Enseignant et élève
The Face;Le visage
Thorhild;Thorhild
Tim;Tim
Toban;Tobán
Tok-Xil;Tok-Xil
Tomas Lawry;Thomas Lawry
Torbrund;Torbrund
The Lady of the Lake;La Dame du Lac
Thirus;Thirus
Thomdril;Thomdril
Thrower Troll;Troll lanceur
Tiny Tempor;Petit Tempor
Tjorvi;Tjörvi
The Kendal (hard);Le Kendal (dur)
Thordur;Thordur
Thug;Voyou
Tilt;Inclinaison
Timfraku;Timfraku
Tindar;Tindar
Tortured gorilla;Gorille torturé
The Maiden of Sugadinti;La jeune fille de Sugadinti
Third Age Mage;Mage du troisième âge
Tin ore;Minerai d'étain
Tostig;Tostig
Toy Soldier;Soldat de plomb
The Monkey's Aunt;La tante du singe
Tina;Tina
Tinsay;Tinsay
Torcher;Torcher
Torrcs;Torques
Tortured soul;Âme torturée
Tower Advisor;Conseiller de la tour
The Shaikahan;Le Shaikahan
Thormac;Thormac
Thumpy;Bruyant
Tinse Torpe;Tinse Torpe
Tombar;Tomber
Tower Archer;Archer de la tour
The Kendal;Le Kendal
Thermonuclear smoke devil;Diable de fumée thermonucléaire
Tormented Soul;Âme tourmentée
Thyria;Thyrie
Ticket goblin;Billet gobelin
Tindel Marchant;Tindel Marchant
Toby;Toby
Tower guard;Garde de tour
Trader;Commerçant
The Monkey's Uncle;L'oncle du singe
The Queen of Thieves;La reine des voleurs
Thing under the bed;Un truc sous le lit
Thorgel;Thorgel
Ticket dwarf;Nain de billet
Toy Doll;Poupée jouet
Toy Mouse;Souris jouet
Trader Crewmember;Membre d'équipage commerçant
The Nightmare;Le cauchemar
Thief;Voleur
Thorodin;Thorodine
Thrantax the Mighty;Thrantax le Puissant
Tiadeche;Tiadèche
Timble;Horaires
Third Age Warrior;Guerrier du troisième âge
Thistle;Chardon
Thorvald the Warrior;Thorvald le guerrier
Ticket Merchant;Marchand de billets
Topsy;À l'envers
Tough Guy;Un dur à cuire
Tracker gnome 3;Gnome traqueur 3
The Untouchable;L'Intouchable
Thias Leacke;Thias Leacke
Thora;Thora
Thora the Barkeep;Thora la barman
Thurgo;Thurgo
Tide;Marée
Tiles;Carrelage
Tommy 2-times;Tommy 2 fois
Trade Referee;Arbitre commercial
Third Age Ranger;Ranger du troisième âge
Thrower troll;Troll lanceur
Tolna;Tolna
Tool Leprechaun;Outil Lutin
Toothy;Dents
Town Crier;Crieur public
Tracker gnome 1;Gnome traqueur 1
Thessalia;Thessalie
Torfinn;Torfinn
Tower Mage;Mage de la tour
Thingol;Thingol
Tirrie;Tirrie
Torag the Corrupted;Torag le Corrompu
Tortoise;Tortue
Trader Stan;Le commerçant Stan
Traiborn;Traiborn
The Mimic;Le Mimique
The Untouchable (hard);L'Intouchable (dur)
Thorkel Silkbeard;Thorkel Barbe de Soie
Timallus;Timallus
Torrell;Torrell
Town Guard;Garde de la ville
Tracker gnome 2;Gnome traqueur 2
Trader Sven;Le commerçant Sven
Trainee Guard;Garde stagiaire
Treasure fairy;Fée au trésor
Tree;Arbre
Turoth;Turoth
Twiggy O'Korn;Twiggy O'Korn
Ur-pel;Ur-pel
Trainer Nacklepen;Stylo à main d'entraînement
Trapped Soul;Âme piégée
TzHaar-Hur-Tel;TzHaar-Hur-Tel
Undead Lumberjack;Bûcheron mort-vivant
Unferth;Découvrir
Ungadulu;Ungadulu
Unicorn;Licorne
Ur-meg;Ur-meg
Tree spirit (hard);Esprit de l'arbre (dur)
Trogen Konungarde;Trogen Konungarde
Troll father;Père troll
Turael;Turaël
Unicow;Licorne
Twig;Brindille
Ur-tag;Ur-tag
Ur-vass;Ur-vass
TzHaar-Mej-Dir;TzHaar-Mej-Dir
Tropical wagtail;Bergeronnette tropicale
Tstanon Karlak;Tstanon Karlak
Tyss;Tysse
TzHaar-Ket-Yil;TzHaar-Ket-Yil
Unicorn Foal;Poulain Licorne
Ur-taal;Ur-taal
Tristan;Tristan
Troll;Troll
Two-pints;Deux pintes
Tz-Kih;Tz-Kih
TzHaar-Hur;TzHaar-Hur
Trapped Soul (hard);Âme piégée (dur)
Trefaji;Tréfaji
Tyke;Chien bâtard
Traxi;Traxi
Trees;Arbres
Tribal Weapon Salesman;Vendeur d'armes tribales
Troll child;Enfant troll
Tyras Guard;Garde Tyras
TzKal-Zuk;TzKal-Zuk
Ugthanki;Merci
Ur-lun;Ur-lun
Treus Dayth (hard);Treus Dayth (dur)
Troll general;Général troll
Troll mother;Mère troll
Troll spectator;Spectateur troll
TzHaar-Hur-Lek;TzHaar-Hur-Lek
Undead Druid;Druide mort-vivant
Undead Zealot;Zélote mort-vivant
Tree spirit;Esprit de l'arbre
Turgall;Turgall
Twisted Banshee;Banshee tordue
Typhor;Typhor
Tyras guard;Garde Tyras
TzHaar-Ket-Zuh;TzHaar-Ket-Zuh
TzHaar-Xil;TzHaar-Xil
TzRek-Jad;TzRek-Jad
TzRek-Zuk;TzRek-Zuk
Treus Dayth;Treus Dayth
Tynan;Tynan
TzHaar-Ket;TzHaar-Ket
TzHaar-Ket-Keh;TzHaar-Ket-Keh
TzHaar-Mej-Kah;TzHaar-Mej-Kah
Uglug Nar;Uglug Nar
Ulsquire Shauncy;Écuyer Shauncy
Undead chicken;Poulet mort-vivant
Undor;Undor
Tribesman;Homme de tribu
Trolley;Chariot
Turbogroomer;Turbotoiletteur
Turgok;Tourgok
TzHaar-Mej-Jal;TzHaar-Mej-Jal
TzHaar-Mej-Roh;TzHaar-Mej-Roh
TzTok-Jad;TzTok-Jad
Ug;Ug
Ulfric;Ulfric
Ulizius;Ulizius
Unnamed troll child;Enfant troll sans nom
Tramp;Tramp
Treacle;Mélasse
Trobert;Trobert
Trufitus;Trufitus
Turgon;Tourgon
TzHaar-Hur-Zal;TzHaar-Hur-Zal
TzHaar-Mej-Bal;TzHaar-Mej-Bal
Treznor;Treznor
Trossa;Trossa
Tutab;Tutab
Tz-Kek;Tz-Kek
TzHaar-Hur-Rin;TzHaar-Hur-Rin
TzHaar-Ket-Rak;TzHaar-Ket-Rak
TzHaar-Mej;TzHaar-Mej
Ulifed;Ulifed
Undead cow;Vache morte-vivante
Undead one;Mort-vivant
Undead tree;Arbre mort-vivant
Uodai;Uodai
Vallessia Dracyula;Vallessia Dracyula
Vanstrom Klause;Vanström Klause
Vasa Nistirio;Vasa Nistírio
Veliaf Hurtz;Véliaf Hurtz
Vermundi;Vermundi
Vitreous warped Jelly;Gelée déformée vitreuse
Vyre Orator;Orateur de Vyre
Wally;Wally
Valaine;Valaine
Vampyric hound;Chien vampyrique
Vannah;Vannah
Vannaka;Vannaka
Vespine soldier;Soldat Vespine
Vet'ion Jr.;Vet'ion Jr.
Vlad Bechstein;Vlad Bechstein
Volf Olafson;Volf Olafson
Vorki;Vorki
Vornas quo Maten;Vornas quo Maten
Vyrewatch;Vyregarde
Varrian Sobak;Varrian Sobak
Vespina;Vespine
Vestri;Vestri
Vigr;Vigr
Vritra;Vritra
Wallasalki;Wallasalki
Warped Jelly;Gelée déformée
Warrior of Murahs;Guerrier des Murahs
Vortas quo Keran;Vortas quo Keran
Vulcan Orvoros;Orvoros vulcain
Uri;Uri
Verac the Defiled;Vérac le souillé
Veronica;Véronique
Vertida Sefalatis;Vertida Sefalatis
Wandering impling;Implant errant
Urbi;Urbi
Urium Shade;Ombre d'Urium
Valentin Rasputin;Valentin Raspoutine
Valgerd;Valgerd
Vyrelord;Vyrelord
Usi;Usi
Vaire;Vaire
Vanessa;Vanessa
Velrak the explorer;Velrak l'explorateur
Viyeldi;Viyeldi
Vonnetta Varnis;Vonnetta Varnis
Valentina Diaemus;Valentina Diaemus
Vanligga Gastfrihet;Vanligga Gastfrihet
Vasa Minirio;Vasa Minirio
Vasile;Vasile
Vasquen;Vasquen
Venenatis spiderling;Araignée Venenatis
Vigroy;Vigroy
Voice of Yama;Voix de Yama
Von van Von;Von van Von
Vorkath;Vorkath
Vulture;Vautour
Wanderer;Vagabond
Watchtower Wizard;Assistant de la Tour de Garde
Uwogo;Uwogo
Vanguard;Avant-garde
Velorina;Vélorine
Vormar Vakan;Vormar Vakan
Utrec;Utrec
Uurrak quo Narga;Uurrak quo Narga
Vaeringk;Väeringk
Valeria;Valérie
Vampyressa van Von;Vampyressa van Von
Vet'ion;Vétérinaire
Vlad Diaemus;Vlad Diaemus
Watchman;Gardien
Venenatis;Vénénatis
Verak;Vérak
Victor;Vainqueur
Villager;Villageois
Violetta Sanguine;Violetta Sanguine
Vladimir;Vladimir
Void Knight;Chevalier du Vide
Vyrewatch Sentinel;Sentinelle de Vyrewatch
Vampyre Juvinate;Juvinat de vampire
Vampyrus Diaemus;Vampyrus Diaemus
Verzik Vitur;Verzik Vitur
Vespula;Vespula
Vet'ion Reborn;Vet'ion renaît
Villia;Villa
Vyrelady;Vyrelady
Wagchin;Wagchin
Water elemental;Élémentaire d'eau
Urium Shadow;Ombre d'Urium
Uyoro;Uyoro
Vallessia von Pitt;Vallessia von Pitt
Vanescula Drakan;Vanescula Drakan
Vera;Véra
Vitreous Jelly;Gelée vitreuse
Ur-zek;Ur-zek
Valantay Eppel (medium);Valantay Eppel (moyen)
Vampyre Juvenile;Vampire juvénile
Veos;Véos
Wall beast;Bête murale
Warrior;Guerrier
Warrior woman;Femme guerrière
Wemund;Wemund
Wintertoad;Crapaud d'hiver
Wizard Mizgog;Magicien Mizgog
Yohnus;Yohnus
Ysbeid;Ysbéid
Waterfiend;Démon de l'eau
White wolf;Loup blanc
Yadviga;Yadviga
Ymladd;Ymladd
Ysgawyn;Ysgawyn
Yuri;Youri
White Chisel Secretary;Secrétaire au ciseau blanc
Wily hellcat;Chat de l'enfer rusé
Winter Soldier;Soldat de l'Hiver
Woman;Femme
Wormbrain;Cerveau de ver
Yt-HurKot;Yt-HurKot
Wesley;Wesley
Witch's experiment (hard);Expérience de sorcière (difficile)
Wyson the gardener;Wyson le jardinier
Yellow Snow;Neige jaune
Yt-MejKot;Yt-MejKot
Wilough;Wilough
Witch's experiment (second form) (hard);Expérience de sorcière (deuxième forme) (difficile)
Wizard Distentor;Distendeur sorcier
Woman-at-arms (hard);Femme d'armes (dur)
Workman;Ouvrier
Wise Old Man;Vieil homme sage
Wizard Grayzag;Assistant Grayzag
Wood Dryad;Dryade des bois
Yenrab;Yenrab
Weaponsmaster;Maître d'armes
Witch's cat;Le chat de la sorcière
Witch's experiment (second form);Expérience de sorcière (deuxième forme)
Wolfbone;Os de loup
Wydin;Wydin
Water wizard;Assistant de l'eau
Wayne;Wayne
Weakened Delrith;Delrith affaibli
Werewolf;Loup-garou
Weve;Nous avons
William;Guillaume
Willow;Saule
Wise Young Man;Jeune homme sage
Witch;Sorcière
Witch's experiment (third form);Expérience de sorcière (troisième forme)
Xarpus;Xarpus
Yak;Yak
Yrsa;Yrsa
Weird Old Man;Bizarre vieil homme
Wingstone;Pierre d'aile
Witch's experiment;Expérience de sorcière
Wizard Frumscone;Sorcier Frumscone
Wyvern display;Exposition de wyverne
Yellow Fortune Secretary;Secrétaire de la Fortune Jaune
Yellow Sheep;Mouton jaune
Ystwyth;Ystwyth
White golem;Golem blanc
Wizard;Magicien
Wizard Akutha;Sorcier Akutha
Wolf;Loup
Youngllef;Jeune fille
Wild dog;Chien sauvage
Witch's experiment (fourth form) (hard);Expérience de sorcière (quatrième forme) (difficile)
Wurbel;Würbel
Xorrah quo Sihar;Xorrah quo Sihar
Young impling;Jeune putain
Well-armed Foe;Ennemi bien armé
Wily cat;Chat rusé
Wizard Cromperty;Assistant Cromperty
Woodsman tutor;Professeur de bûcheron
Xamphur;Xamphur
Young 'un;Jeune
Watson;Watson
Wengra quo Sihar;Wengra quo Sihar
White Knight;Chevalier Blanc
Wild kebbit;Kebbit sauvage
Will o' the wisp;Will o' le feu follet
Wizard Sinina;Sorcier Sinina
Yanni Salika;Yanni Salika
Yeti;Yéti
Waydar;Waydar
Winelda;Vinelda
Winkin;Clin d'œil
Witch's experiment (fourth form);Expérience de sorcière (quatrième forme)
Yarsul;Yarsul
White Chisel Director;Directeur du ciseau blanc
Wingman Skree;Ailier Skree
Witch's experiment (third form) (hard);Expérience de sorcière (troisième forme) (difficile)
Wounded soldier;Soldat blessé
Yellow Fortune Director;Directeur de Fortune Jaune
Yulf Squecks;Yulf couine
Waymottin;Waymottin
Whirlpool;Tourbillon
Wilson;Wilson
Winter Elemental;Élémentaire d'hiver
Wiskit;Wiskit
Wistan;Wistan
Witchaven villager;Villageois du Havre des Sorcières
Wyrm;Wyrm
Zakl'n Gritch;Zakl'n Gritch
Zamorak mage;Mage Zamorak
Zoja;Zoja
Zombie;Zombi
Zombie pirate;Pirate zombie
Zamorak ranger;Ranger Zamorak
Zamorak wizard;Sorcier Zamorak
Zombie rat;Rat zombie
Zamorak crafter;Artisan Zamorak
Zogre;Zogre
Zombies Champion;Champion des zombies
Zygomite;Zygomite
Zulrah;Zoulrah
Zamorak warrior;Guerrier Zamorak
Zombified Spawn;Apparition zombifiée
Zalcano;Zalcano
Zombie swab;Écouvillon zombie
