 Sneaky undead fowl;Aves no muertas furtivas
'Beedy-eye' Jones;'Beedy-eye' Jones
'Beefy' Burns;Quemaduras 'fornidas'
'Betty' B.Boppin;'Betty' B. Boppin
'Bird's-Eye' Jack;Jack 'ojo de pájaro'
'Birds-Eye' Jack;Jack 'ojo de pájaro'
'Black-eye';'Ojo morado'
'Currency' The Alchemist;'Moneda' El Alquimista
'Eagle-eye' Shultz;Shultz 'ojo de águila'
'Gummy';'Pegajoso'
'Lecherous' Lee;Lee 'lascivo'
'No fingers';'Sin dedos'
'Picarron' Pete;Pete 'Picarrón'
'Sticky' Sanders;Lijadoras 'pegajosas'
'The Guns';'Las armas'
'Transmute' The Alchemist;'Transmutar' al alquimista
1337sp34kr;1337sp34kr 
50% Luke;50% lucas
? ? ? ?;? ? ? ?
A Doubt;una duda
A pile of broken glass;Un montón de vidrios rotos
A'abla;A'abla
Abbot Langley;Abad Langley
Aberab;Aberab
Aberrant spectre;Espectro aberrante
Abhorrent spectre;Espectro aborrecible
Abidor Crank;Manivela Abidor
Abigaila;abigaila
Abigale;abigale
Abomination;Abominación
Abyssal Sire;Señor abisal
Abyssal demon;Demonio abisal
Abyssal guardian;guardián abisal
Abyssal leech;sanguijuela abisal
Abyssal orphan;Huérfano abisal
Abyssal walker;Caminante abisal
Account Guide;Guía de cuenta
Account security tutor;Tutor de seguridad de cuentas
Achietties;Logros
Acidic Bloodveld;Sabana de sangre ácida
Acorn;Bellota
Adamant dragon;dragón inflexible
Adamantite ore;Mineral de adamantita
Adventurer;Aventurero
Adventurer (easy);Aventurero (fácil)
Adventurer Jon;Jon el aventurero
Advisor Ghrim;Asesor Ghrim
Aemad;Aemad
Aeonisig Raispher;Aeonisig Raispher
Afflicted;Afligido
Afflicted(Razmire);Afligido (Razmire)
Afflicted(Ulsquire);Afligido (Ulsquire)
Afrah;Afrah
Aga;aga
Aggie;aggie
Agility Boss;Jefe de agilidad
Agility Instructor;Instructor de agilidad
Agility Trainer;Entrenador de agilidad
Agmundi;agmundi
Agnar;Agnar
Agrith Naar;Agrith Naar
Agrith Naar (hard);Agrith Naar (duro)
Agrith-Na-Na;Agrith-Na-Na
Agrith-Na-Na (hard);Agrith-Na-Na (duro)
Ahab;Acab
Ahrim the Blighted;Ahrim el Desolado
Air elemental;elemental de aire
Air wizard;mago del aire
Aisles;Pasillos
Aivas;Aivas
Ajjat;ajjat
Ak-Haranu;Ak Haranu
Akthanakos;Aktanakos
Al Shabim;Al Shabim
Al the Camel;Al el camello
Al-Kharid warrior;Guerrero Al-Kharid
Alain;alain
Alan;alan
Albino bat;murciélago albino
Alchemical Hydra;Hidra alquímica
Alchemy Guardian;Guardián de la alquimia
Alec Kincade;Alec Kincade
Aleck;aleck
Alek Constantine;Alex Constantino
Alexander;Alejandro
Alexandra;alejandra
Alexis;alexis
Alfonse the waiter;alfonse el camarero
Ali Morrisane;Ali Morrisane
Ali The barman;Ali el barman
Ali the Camel;Ali el camello
Ali the Camel Man;Ali el hombre camello
Ali the Carter;Ali el carter
Ali the Farmer;Ali el granjero
Ali the Guard;Ali el guardia
Ali the Hag;Ali la bruja
Ali the Kebab seller;Ali el vendedor de kebab
Ali the Leaflet Dropper;Ali el cuentagotas
Ali the Mayor;Alí el alcalde
Ali the Operator;Ali el operador
Ali the Smith;Alí el herrero
Ali the Snake Charmer;Ali el encantador de serpientes
Ali the Tailor;Ali el sastre
Ali the dyer;Ali el tintorero
Alice;Alicia
Alice the Camel;Alicia el camello
Alice's husband;el marido de alicia
Allanna;alana
Almera;Almería
Alomone;alomona
Alrena;alrena
Alrik;Alrik
Alry the Angler;Alry el pescador
Altar;Altar
Altarkiz;Altarkiz
Aluft Gianne snr.;Aluft Gianne snr.
Alviss;alviss
Alwyn;alwyn
Alyssa;alyssa
Ambassador Alvijar;Embajador Alvíjar
Ambassador Ferrnook;Embajador Ferrnook
Ambassador Gimblewap;Embajador Gimblewap
Ambassador Spanfipple;Embajador Spanfipple
Amelia;amelia
Ammonite Crab;Cangrejo Amonita
Amrod;amrod
Amy;amy
An old Dwarf;un viejo enano
Ana;ana
Anaire;anaire
Ancient Fungi;Hongos antiguos
Ancient Ghost;Fantasma antiguo
Ancient Guardian;Guardián antiguo
Ancient Wizard;Mago antiguo
Ancient Wyvern;Wyvern antiguo
Ancient Zygomite;Cigomita antiguo
Ancient monkey;mono antiguo
Andiess Juip;Andy Juip
Andras;András
Andrea;andrea
Andros Mai;Andros Mai
Aneirin;Aneirina
Angel;Ángel
Angelo;ángel
Angry barbarian spirit;Espíritu bárbaro enojado
Angry bear;oso enojado
Angry giant rat;Rata gigante enojada
Angry goblin;duende enojado
Angry unicorn;unicornio enojado
Animated Adamant Armour;Armadura Adamant animada
Animated Black Armour;Armadura negra animada
Animated Bronze Armour;Armadura de bronce animada
Animated Iron Armour;Armadura de hierro animada
Animated Mithril Armour;Armadura de mitril animada
Animated Rune Armour;Armadura de runas animada
Animated Steel Armour;Armadura de acero animada
Animated spade;pala animada
Animated steel armour;Armadura de acero animada
Anita;anita
Anja;Anja
Ankou;Ankou
Anleif;Anleif
Anna;ana
Anna Jones;Anna Jones
Anne Isaakson;Anne Isaakson
Annette;anette
Annoyed guardian mummy;Mamá guardiana molesta
Anton;Antón
Anwen;anwen
Apmeken;Apmeken
Apothecary;Boticario
Apprentice;Aprendiz
Apprentice (medium);Aprendiz (medio)
Apprentice workman;aprendiz de obrero
Aranwe;Aranwe
Archaeological expert;Experto en arqueología
Archaeologist;Arqueólogo
Archeio;Arqueio
Archer;Arquero
Archpriest of the Unicorn;Arcipreste del Unicornio
Arcis;arcis
Aredhel;Aredhel
Aretha;aretha
Arhein;Arhein
Arianwyn;arianwyn
Arianwyn (hard);Arianwyn (duro)
Aristarchus;Aristarco
Armadylean guard;guardia armadyleana
Armod;armadura
Armour salesman;vendedor de armaduras
Armoured Foe;Enemigo blindado
Armourer (tier 1);Armero (nivel 1)
Armourer (tier 2);Armero (nivel 2)
Armourer (tier 3);Armero (nivel 3)
Armourer (tier 4);Armero (nivel 4)
Armourer (tier 5);Armero (nivel 5)
Army Commander;Comandante del ejército
Arno;arno
Arnold Lydspor;Arnold Lydspor
Arnor;arnor
Arrg;Arrg
Arrg (hard);Arrg (duro)
Arsen the Thief;Arsen el ladrón
Art;Arte
Art Critic Jacques;El crítico de arte Jacques
Arthur;Arturo
Arthur the Clue Hunter;Arthur el cazador de pistas
Artimeus;Artimeo
Artur Hosidius;Arturo Hosidio
Arvel;Arvel
Arzinian Avatar of Magic;Avatar Arziniano de la Magia
Arzinian Avatar of Ranging;Avatar arziniano de rango
Arzinian Avatar of Strength;Avatar arziniano de fuerza
Arzinian Being of Bordanzan;Ser arziniano de Bordanzan
Ash;Ceniza
Ashild;ashild
Askeladden;Askeladden
Assassin;Asesino
Assistant;Asistente
Assistant Brock;asistente brock
Assistant Le Smith;Asistente Le Smith
Assistant Lori;asistente lori
Assistant Marrow;Asistente de Médula
Assistant Serf;siervo asistente
Assistant Stan;Asistente Stan
Asteros Arceuus;Asteros Arceuus
Asyff;asyff
Asyn Shade;Sombra Asyn
Asyn Shadow;Sombra asín
Asyn shadow;Sombra asín
Atlas;Atlas
Aubury;Aubury
Auctioneer;Subastador
Audmann;audmann
Auguste;auguste
Aurel;aurel
Austri;Austria
Autumn Elemental;Elemental de Otoño
Ava;ava
Avan;avan
Avatar of Creation;Avatar de la Creación
Avatar of Destruction;Avatar de destrucción
Aviansie;aviansie
Awakened Altar;Altar despierto
Awowogei;Awowogei
Awusah the Mayor;Awusah el alcalde
Ayesha;ayesha
Azzanadra;azzanadra
Baba Yaga;Baba Yagá
Baby Chinchompa;Bebé Chinchompa
Baby Mole;topo bebé
Baby Mole-rat;Bebé rata topo
Baby Roc;bebé roc
Baby black dragon;Dragón negro bebé
Baby blue dragon;Dragón azul bebé
Baby green dragon;Dragón verde bebé
Baby impling;bebé implicando
Baby red dragon;Dragón rojo bebé
Baby tanglefoot;Bebé enredado
Badger;Tejón
Bailey;Muralla exterior
Baker;Panadero
Bakuna;Bakuna
Bald Headed Eagle;Águila calva
Balfrug Kreeyath;Balfrug Kreeyath
Balloon Animal;animales globo
Balloon Toad;Sapo Globo
Bandit;Bandido
Bandit Leader;Líder bandido
Bandit champion;campeón bandido
Bandit shopkeeper;comerciante bandido
Bandosian guard;guardia bandosiana
Banisoch;Banisoch
Bank guard;guardia de banco
Banker;Banquero
Banker tutor;tutor banquero
Banknote Exchange Merchant;Comerciante de cambio de billetes
Banshee;alma en pena
Baraek;Baraek
Barb-tailed kebbit;Kebbit de cola de púas
Barbara;Bárbara
Barbarian;Bárbaro
Barbarian Warlord;Señor de la guerra bárbaro
Barbarian guard;guardia bárbara
Bardur;bardur
Barfy Bill;Bill Barfy
Barge foreman;capataz de barcaza
Barge guard;guardia de barcaza
Barge workman;trabajador de barcaza
Bark Blamish Snail;Caracol de corteza
Barker;Pregonero
Barlak;Barlak
Barmaid;Camarera
Barman;Barman
Barnabus Hurma;Bernabé Hurma
Barrelchest;Cofre de barril
Barrelchest (hard);Cofre de barril (duro)
Barricade;Barricada
Bartak;bartak
Bartender;Barman
Basilisk;Basilisco
Basilisk Knight;Caballero Basilisco
Basilisk Sentinel;Centinela Basilisco
Basilisk Youngling;Joven Basilisco
Bast;Líber
Bat;Murciélago
Batt Mellamy;Batt Mellamy
Battle mage;mago de batalla
Battle tortoise display;Exhibición de tortugas de batalla
Baxtorian;baxtoriano
Bear Cub;Cachorro de oso
Bearded gorilla;gorila barbudo
Beaver;Castor
Bed;Cama
Bedabin Nomad;Nómada Bedabin
Bedabin Nomad Fighter;Luchador nómada Bedabin
Bedabin Nomad Guard;Guardia Nómada Bedabin
Bedread the bold;Leer los atrevidos
Bee keeper;apicultor
Bees!;¡Abejas!
Beggar;Mendigo
Beigarth;Beigarth
Beite;Beita
Bellemorde;Bellamorde
Belona;Belona
Bench;Banco
Benjamin;Benjamín
Benny;Benny
Bentamir;Bentamir
Bernald;Bernardo
Berry;Baya
Berserk barbarian spirit;Espíritu bárbaro enloquecido
Bert;berto
Betty;betty
Biblia;biblia
Big Dave;gran dave
Big Snake;serpiente grande
Big Wolf;gran lobo
Big frog;rana grande
BigRedJapan;BigRedJapón
Bill Teach;factura enseñar
Billy;Porra
Billy Goat;Cabra Billy
Billy Rehnison;Billy Rehnison
Billy, a guard of Falador;Billy, un guardia de Falador
Bird;Pájaro
Bjorn;Björn
Black Cat;gato negro
Black Guard;Guardia Negra
Black Guard Berserker;Berserker de la Guardia Negra
Black Heather;Brezo negro
Black Knight;Caballero Negro
Black Knight Captain;Capitán Caballero Negro
Black Knight Titan;Titán Caballero Negro
Black Knight Titan (hard);Titán Caballero Negro (difícil)
Black bear;Oso negro
Black chinchompa;chinchompa negra
Black demon;demonio negro
Black demon (hard);Demonio negro (difícil)
Black dragon;dragón negro
Black golem;gólem negro
Black knight;caballero negro
Black salamander;salamandra negra
Black swan;cisne negro
Black unicorn;unicornio negro
Black unicorn Foal;Potro unicornio negro
Black warlock;brujo negro
Blackjack seller;Vendedor de veintiuna
Blaec;Blaec
Blair;Blair
Blandebir;Blandebir
Blanin;Blanín
Blasidar the sculptor;Blasidar el escultor
Blast Furnace Foreman;Capataz de Alto Horno
Blessed giant rat;Bendita rata gigante
Blessed spider;Bendita araña
Bloated Toad;Sapo hinchado
Blood Blamish Snail;Caracol manchado de sangre
Blood spawn;engendro de sangre
Bloodhound;Sabueso
Bloodveld;sabana sangrienta
Bloodworm;gusano de sangre
Blue Monkey;mono azul
Blue Opal Director;Directora de ópalo azul
Blue Opal Secretary;Secretaria de ópalo azul
Blue Sheep;oveja azul
Blue dragon;dragón azul
Blurberry;borroso
Boar;Verraco
Boat;Bote
Bob;Chelín
Bob Barter (herbs);Bob Barter (hierbas)
Bob, another guard of Falador;Bob, otro guardia de Falador
Bobawu;Bobawu
Bobbing fossil;Fósil que se balancea
Body Golem;Gólem corporal
Bolkoy;Bolkói
Bologa;Bolonia
Bolongo;bolongo
Bonafido;Bonafido
Boneguard;guardahuesos
Bones;Huesos
Bonzara;Bonzara
Bonzo;Bonzo
Boot;Bota
Border Guard;guardia fronteriza
Boris;boris
Bork Sigmundson;Bork Sigmundson
Borrokar;Borrokar
Boulder;Roca
Bouncer;Bravucón
Bouncer (hard);Gorila (duro)
Bouquet Mac Hyacinth;Ramo Mac Jacinto
Bow and Arrow salesman;Vendedor de arco y flecha
Boy;Chico
Brambickle;Zarzamora
Brana;Braña
Branwen;Branwen
Brassican Mage;Mago Brassicano
Bravek;bravek
Brawler;Alborotador
Bree;bree
Breive;Breive
Brendt;brenda
Breoca;Breoca
Brewer;Cervecero
Brian;brian
Brian O'Richard;Brian O'Richard
Briget;Brigitte
Brimstail;Cola de ala
Brine rat;rata de salmuera
Broddi;Broddi
Broken Handz;Manos rotas
Broken clay golem;Golem de arcilla roto
Bronze dragon;Dragón de bronce
Broodoo victim;Víctima de Broodoo
Brother Aimeri;Hermano Aimeri
Brother Althric;Hermano Althric
Brother Brace;Hermano Brace
Brother Cedric;hermano cedric
Brother Jered;Hermano Jered
Brother Kojo;Hermano Kojo
Brother Maledict;Hermano Maledicto
Brother Omad;Hermano Omad
Brother Tranquility;Hermano Tranquilidad
Brown Engine Director;Director de motores marrones
Brown Engine Secretary;Secretario de motores marrones
Brugsen Bursen;Brugsen Bürsen
Bruise Blamish Snail;Moretón Blamish Caracol
Brundt the Chieftain;Brundt el cacique
Brutal black dragon;Dragón negro brutal
Brutal blue dragon;Dragón azul brutal
Brutal green dragon;Dragón verde brutal
Brutal red dragon;Dragón rojo brutal
Bryn;Bryn
Bryophyta;briófitos
Bugs;Insectos
Builder;Constructor
Buinn;Buinn
Bullrush;junco
Bunkdo;litera
Bunkwicket;litera
Bunny;Conejito
Burkor;burkor
Burntmeat;carne quemada
Burntof;quemado
Bush snake;serpiente arbustiva
Butler;Mayordomo
Butler Jarvis;mayordomo jarvis
Butler Jones;Mayordomo Jones
Butterfly;Mariposa
Cabin Boy Colin;grumete colin
Cabin Boy Herbert;grumete herbert
Cabin boy;Grumete
Cabin boy Jenkins;grumete jenkins
Caden Azro;Caden Azro
Caerwyn;caerwyn
Cage;Jaula
Caleb;caleb
Calin;calín
Callisto;Calisto
Callisto cub;Cachorro de Calisto
Cam the Camel;Cam el camello
Camarst;camarst
Camel;Camello
Camel display;exhibición de camellos
Camorra;camorra
Camp dweller;Habitante del campamento
Candle maker;fabricante de velas
Candle seller;vendedor de velas
Caninelle Draynar;Caninelle Draynar
Cannoneer;Servidor del cañón
Cap'n Hand;Capitán mano
Cap'n Izzy No-Beard;Capitán Izzy sin barba
Capt' Arnav;Capitán Arnav
Captain;Capitán
Captain Barnaby;Capitán Barnaby
Captain Bentley;Capitán Bentley
Captain Bleemadge;Capitán Bleemadge
Captain Braindeath;Capitán muerte cerebral
Captain Bruce;Capitán Bruce
Captain Cain;Capitán Caín
Captain Cleive;Capitán Cleive
Captain Daerkin;Capitán Daerkin
Captain Dalbur;Capitán Dalbur
Captain Donnie;Capitán Donnie
Captain Dudi;Capitán Dudi
Captain Errdo;Capitán Errdo
Captain Ginea;Capitán Ginea
Captain Janaway;Capitán Janaway
Captain Kalt;Capitán Kalt
Captain Khaled;Capitán Khaled
Captain Klemfoodle;Capitán Klemfoodle
Captain Lamdoo;Capitán Lamdoo
Captain Lawgof;Capitán Lawgof
Captain Magoro;Capitán Magoro
Captain Ned;Capitán Ned
Captain Ninto;Capitán Ninto
Captain Pudi;Capitán Pudi
Captain Rachelle;Capitán raquel
Captain Rimor;Capitán Rimor
Captain Rovin;Capitán Rovin
Captain Sdiar;Capitán Sdiar
Captain Shanks;Capitán cañas
Captain Shoracks;Capitán Shoracks
Captain Siad;Capitán Siad
Captain Tobias;Capitán Tobías
Captain Tock;Capitán Tock
Captain Tom;Capitán Tom
Carado;Carado
Caranthir;Caranthir
Carl;carlos
Carla;carla
Carnivorous chinchompa;Chinchompa carnívora
Carnivus Belamorta;Carnivus Belamorta
Carol;Villancico
Caroline;carolino
Carpenter;Carpintero
Carpenter Kjallak;Carpintero Kjallak
Cart Camel;Carro Camello
Cart conductor;Conductor de carro
Cassie;cassie
Cat;Gato
Catablepon;Catablepon
Catalina;Catalina
Cave Scenery;Paisaje de cueva
Cave abomination;Abominación de las cavernas
Cave bug;Insecto de cueva
Cave bug larva;Larva de chinche de las cavernas
Cave crawler;rastreador de cuevas
Cave goblin;duende de las cavernas
Cave goblin child;Niño duende de las cavernas
Cave goblin guard;Guardia duende de las cavernas
Cave goblin miner;Minero duende de las cavernas
Cave horror;Horror de la cueva
Cave kraken;Kraken de cueva
Cave lizard;Lagarto de cueva
Cave monk;Monje de las cavernas
Cave slime;limo de cueva
Cave snake;serpiente de cueva
Cavemouth;boca de cueva
Cavey Davey;Davey Cavey
Cecilia;Cecilia
Celebrian;celebridad
Celegorm;Celegorm
Celyn;Celyn
Centaur;Centauro
Ceolburg;Ceolburgo
Cerberus;Cerbero
Ceril Carnillean;Ceril Carnillean
Cerulean twitch;contracción cerúlea
Ceto;Ceto
Chadwell;chadwell
Chaeldar;chaeldar
Chamber guardian;guardián de la cámara
Chancy;Arriesgado
Chaos Elemental;Elemental del Caos
Chaos Elemental Jr.;Elemental del Caos Jr.
Chaos Fanatic;Fanático del Caos
Chaos Golem;Gólem del Caos
Chaos druid;Druida del caos
Chaos druid warrior;Guerrero druida del caos
Chaos dwarf;enano del caos
Chaotic death spawn;Engendro de muerte caótica
Charles;carlos
Charles Charlington;Carlos Charlington
Charley;Charley
Charlie;charlie
Charlie Brown;charlie marrón
Charlie the Tramp;charlie el vagabundo
Charlie the cook;charlie el cocinero
Charmed Warrior;guerrero encantado
Chasm Crawler;Reptador de abismo
Checkal;comprobar
Cheerleader;Animador
Chef Olivia;Chef Olivia
Chemist;Químico
Cheryl;Cheryl
Chicken;Pollo
Chief Farmer;Granjero jefe
Chief Tess;Jefe Tess
Chief servant;sirviente principal
Child;Niño
Chinchompa;chinchompa
Choke devil;diablo estrangulador
Chompy bird;pájaro masticador
Chompy chick;pollito masticable
Chronozon;cronozon
Chronozon (hard);Cronozón (duro)
Chuck;Arrojar
Cirdan;cirdan
City guard;guardia de la ciudad
Civilian;Civil
Clan Guard;Guardia del clan
Claude;claudio
Claus the chef;Claus el chef
Clay golem;Gólem de arcilla
Cleaner;Limpiador
Cleddyf;Cleddyf
Clerk;Oficinista
Clerris;Clerris
Clivet;Clive
Clockwork cat;gato mecánico
Clothears;ropa
Co-ordinator;Coordinador
Coal;Carbón
Cob;Mazorca
Cockathrice;cacatriz
Cockatrice;Aciano
Coenus;Coeno
Col. O'Niall;Coronel O'Niall
Colonel Grimsson;Coronel Grimsson
Colonel Radick;Coronel Radick
Colossal Hydra;Hidra colosal
Combat Instructor;Instructor de combate
Combat Test;Prueba de combate
Combat Test (maxhit);Prueba de combate (maxhit)
Combat stone;Piedra de combate
Commander Connad;Comandante Connad
Commander Fullore;Comandante Fullore
Commander Montai;Comandante Montai
Commander Veldaban;Comandante Veldaban
Commander Zilyana;Comandante Zilyana
Commissioner Anwar;Comisionado Anwar
Competition Judge;Juez de competición
Confused barbarian;Bárbaro confundido
Confusion beast;Bestia de la confusión
Conrad King;Conrado Rey
Conwenna;Conwenna
Cook;Cocinar
Cooking tutor;Profesor de cocina
Cool Mom227;Mamá genial227
Copper longtail;Cola larga de cobre
Copper ore;Mineral de cobre
Corkat quo Sihar;Corkat quo Sihar
Cormorant;Cormorán
Cornelius;cornelio
Corporeal Beast;Bestia corpórea
Corporeal Critter;Criatura corporal
Corpse;Cadáver
Corrupt Lizardman;Hombre lagarto corrupto
Corrupt Lizardman (hard);Hombre Lagarto corrupto (difícil)
Corrupted Bat;Murciélago corrupto
Corrupted Bear;Oso corrupto
Corrupted Dark Beast;Bestia oscura corrupta
Corrupted Dragon;Dragón corrupto
Corrupted Hunllef;Hunllef corrupto
Corrupted Rat;Rata corrupta
Corrupted Scorpion;Escorpión corrupto
Corrupted Spider;Araña corrupta
Corrupted Unicorn;Unicornio corrupto
Corrupted Wolf;Lobo corrupto
Corrupted Youngllef;Youngllef corrupto
Corrupted scavenger;Carroñero corrupto
Corsair Traitor;Traidor corsario
Corsair Traitor (hard);Corsario Traidor (difícil)
Cosmic Being;Ser Cósmico
Council workman;trabajador del consejo
Councillor Andrews;Concejal Andrews
Councillor Halgrive;Concejal Halgrive
Councillor Orson;Concejal Orson
Councillor Unkar;Concejal Unkar
Count Check;Contar cheque
Count Draynor;Conde Draynor
Count Draynor (hard);Conde Draynor (difícil)
Court judge;juez de la corte
Cow;Vaca
Cow (hard);Vaca (dura)
Cow calf;ternero de vaca
Cow31337Killer;Vaca31337Asesino
Cowardly Bandit;Bandido cobarde
Crab;Cangrejo
Crafting tutor;tutor de manualidades
Crate;Caja
Crate goblin;Duende de caja
Crawling Hand;Mano que se arrastra
Crawling hand;mano que se arrastra
Crazy archaeologist;Arqueólogo loco
Creakyknees;rodillas chirriantes
Crefydd;Crefydd
Crimson swift;veloz carmesí
Crimsonette van Marr;Crimsonette van Marr
Crocodile;Cocodrilo
Crondis;crondis
Crone;Bruja
Crow;Cuervo
Crunchy;Crujiente
Crusher;Trituradora
Crushing hand;mano aplastante
Crust of ice;corteza de hielo
Crypt rat;rata cripta
Crypt spider;Araña cripta
Crystal impling;implicación de cristal
Crystalline Bat;Murciélago cristalino
Crystalline Bear;Oso Cristalino
Crystalline Dark Beast;Bestia Oscura Cristalina
Crystalline Dragon;Dragón cristalino
Crystalline Hunllef;Hunllef cristalina
Crystalline Rat;Rata cristalina
Crystalline Scorpion;Escorpión cristalino
Crystalline Spider;Araña cristalina
Crystalline Unicorn;Unicornio cristalino
Crystalline Wolf;Lobo cristalino
Cuffs;Puños
Culinaromancer;culinaromancer
Culinaromancer (hard);Culinaromancer (duro)
Curator Haig Halen;Comisario Haig Halen
Curly;Ondulado
Curpile Fyod;Fyod curpil
Curufin;Curufín
Customer;Cliente
Customs officer;oficial de aduanas
Cute creature;linda criatura
Cyclops;Cíclope
Cyreg Paddlehorn;Cyreg Cuerno de paleta
Cyrisus;ciris
Da Vinci;Da Vinci
Dad;Papá
Dad (hard);papá (duro)
Daer Krand;Daer Krand
Daero;Daero
Daga;daga
Dagannoth;Dagannot
Dagannoth Prime;Dagannoth Prime
Dagannoth Prime Jr.;Dagannoth Prime Jr.
Dagannoth Rex;Dagannoth Rex
Dagannoth Rex Jr.;Dagannoth Rex Jr.
Dagannoth Supreme;Dagannoth Supremo
Dagannoth Supreme Jr.;Dagannoth Supremo Jr.
Dagannoth fledgeling;Dagannoth novato
Dagannoth mother;madre dagannoth
Dagannoth mother (hard);Madre Dagannoth (duro)
Dagannoth spawn;Engendro de Dagannoth
Dakh'thoulan Aegis;Égida de Dakh'thoulan
Dalal;Dalal
Dalcian Fang (easy);Colmillo dálcico (fácil)
Dalila;dalila
Dallas Jones;Dallas Jones
Dalldav;dalldav
Damaged clay golem;Golem de arcilla dañado
Damien Leucurte;Damien Leucurte
Damis;damis
Damis (hard);damis (duro)
Dampe;humedecer
Damwin;Damwin
Dantaera;dantaera
Darcor quo Narga;Darcor quo Narga
Dark Ankou;Ankou oscuro
Dark Core;Núcleo oscuro
Dark Mage;mago oscuro
Dark Squirrel;Ardilla oscura
Dark beast;bestia oscura
Dark core;Núcleo oscuro
Dark energy core;Núcleo de energía oscura
Dark kebbit;Kebbit oscuro
Dark mage;mago oscuro
Dark warrior;guerrero oscuro
Dark wizard;mago oscuro
Darkmeyer Slave;Esclavo Darkmeyer
Darren;Darren
Dartog;Dartog
Darve;Darve
Daryl;Daryl
Dashing kebbit;Kebbit apresurado
Dave;dave
Davey;davy
David;David
David Andrews;David Andrews
Davon;davón
Dawn;Amanecer
Dead Monk;monje muerto
Deadly red spider;Araña roja mortal
Death;Muerte
Death spawn;Engendro de muerte
Death wing;ala de la muerte
Deathly mage;mago mortal
Deathly ranger;guardabosques mortal
Debra;debra
Defiler;profanador
Del-Monty;Del Monty
Delrith;delrith
Demon;Demonio
Demon butler;mayordomo demonio
Demonic gorilla;gorila demoniaco
Denadu;Denadu
Denath;denath
Denulth;denulth
Deranged archaeologist;Arqueólogo trastornado
Derni;derni
Dernu;dernu
Derrik;derrick
Derse Venator;Derse Venator
Derwen;Derwen
Desert Lizard;Lagarto del desierto
Desert Phoenix;Fénix del desierto
Desert Spirit;Espíritu del desierto
Desert Wolf;lobo del desierto
Desert eagle;Águila del desierto
Desert snake;serpiente del desierto
Desmodus Lasiurus;Desmodus Lasiurus
Despoina Callidra;Despoina Callidra
Dessourt;postre
Dessourt (hard);Postre (duro)
Dessous;Dessous
Dessous (hard);Dessous (duro)
Devan Rutter;Devan Rutter
Deviant spectre;espectro desviado
Devin Mendelberg;David Mendelberg
Dharok the Wretched;Dharok el Desdichado
Diana;Diana
Diango;diango
Dig Site workman;Trabajador del sitio de excavación
Digsite workman;trabajador de excavación
Dimintheis;Dimintheis
Diol;diol
Diphylla Bechstein;Diphylla Bechstein
Dire Wolf;lobo terrible
Disciple of Iban;Discípulo de Iban
Disciple of Yama;Discípulo de Yama
Dobwinkle;Dobwinkle
Dock worker;trabajador portuario
Dockmaster;Maestro de muelle
Doctor Orbon;Doctor Orbón
Dodgy Squire;Escudero dudoso
Dog;Perro
Doll;Muñeca
Dominic Onion;cebolla dominicana
Dommik;dommik
Don;Don
Don't Know What;No se que
Donal;Donal
Dondakan the Dwarf;Dondakan el Enano
Donie;doni
Donny the lad;donny el muchacho
Donovan the Family Handyman;Donovan el manitas de la familia
Doomion;Doomión
Doomsayer;agorero
Door;Puerta
Door man;hombre de la puerta
Door-support;Soporte de puerta
Doric;dórico
Doris;doris
Double agent;agente doble
Doug Deeping;Doug Profundo
Doyen;Decano
Dr Fenkenstrain;Dr. Fenkenstrain
Dr Ford;Dr. Ford
Dr Harlow;Dr. Harlow
Dr Jekyll;doctor jekyll
Draconis Sanguine;Draconis Sanguina
Dragon display;exhibición del dragón
Dragon impling;dragón implicando
Dragonkin;Dragonante
Drain pipe;Tubería de drenaje
Drake;Pato
Drasdan Ranor;Drasdan Ranor
Draul Leptoc;Draul Leptoc
Dreven;dreven
Drew;Dibujó
Drezel;Drezel
Driftwood;Madera flotante
Drill Sergeant;Sargento de instrucción
Droalak;Droalak
Drogo dwarf;Drogo enano
Dromund;Dromund
Dromund's cat;El gato de Dromund
Dron;Dron
Druid;druida
Drunken Ali;Ali borracho
Drunken Dwarf;Enano borracho
Drunken Dwarf's Leg;Pierna de enano borracho
Drunken man;hombre borracho
Drunken soldier;soldado borracho
Dryad;Dríada
Duck;Pato
Duckling;Anadón
Ducklings;patitos
Dugopul;Dugópul
Duke;Duque
Duke Horacio;Duque Horacio
Dummy;Ficticio
Dumpy;Regordete
Dunce;Burro
Dung;Estiércol
Dungeon rat;rata de mazmorra
Dunstan;Dunstan
Duradel;Duradel
Durgok;Durgok
Dusk;Oscuridad
Dust devil;diablo de polvo
Dusty Aliv;Aliv polvoriento
Dusuri;Dusuri
Dwarf;Enano
Dwarf gang member;Miembro de una pandilla enana
Dwarven Boatman;Barquero enano
Dwarven Engineer;Ingeniero enano
Dwarven Ferryman;Barquero enano
Dwarven Miner;Minero enano
Eadburg;Eadburg
Eadgar;Eadgar
Eagle;Águila
Earth Warrior Champion;Campeón guerrero de la tierra
Earth elemental;elemental de tierra
Earth impling;Tierra implicada
Earth warrior;guerrero de la tierra
Earth wizard;mago de la tierra
Earwen;Earwen
Eblis;Eblis
Echned Zekin;Echned Zekin
Eclectic impling;implicación ecléctica
Ed;Ed
Ed Wood;Ed Wood
Edmond;Edmundo
Edrahil;Edrahil
Eduard;Eduardo
Edward;Eduardo
Eebel;Eebel
Eek;Eek
Efa;Efá
Effigy;Efigie
Egg;Huevo
Egg launcher;lanzador de huevos
Einar;Einar
Eira;Eira
Ek'ans Chan;Ek'ans Chan
Ektheme;Ektema
Eldalote;Eldalote
Elder Chaos druid;Druida anciano del Caos
Elder Gnome child;Niño gnomo mayor
Elder Guard;Guardia mayor
Elderly Elf;Elfo anciano
Eldgrim;Eldgrim
Elemental balance;equilibrio elemental
Elemental rock;roca elemental
Elena;elena
Elena Hosidius;Elena Hosidio
Elenwe;Elenwé
Elf Archer;Arquero elfo
Elf Hermit;Ermitaño elfo
Elf Tracker;Rastreador de elfos
Elf Warrior;guerrero elfo
Elfinlocks;Elfinlocks
Elgan;Elgan
Elijah;Elías
Elisabeta;elisabeta
Elise;Elise
Elissa;elisa
Elite Void Knight;Caballero del vacío de élite
Elizabeth;Isabel
Elkoy;elkoy
Elladan;Elladan
Ellen;Elena
Ellena;Elena
Ellie;ellie
Ellis;ellis
Elly the Camel;Elly el camello
Elnock Inquisitor;Inquisidor de Elnock
Elsie;elsie
Elstan;elstan
Eluned;Eluned
Elvarg;Elvarg
Elvarg (hard);Elvarg (duro)
Elven Scout;Explorador élfico
Embalmer;embalsamador
Emblem Trader;Comerciante de emblemas
Emerald Benedict;Esmeralda Benedicto
Emilia;emilia
Emily;emily
Enakhra;Enakhra
Enchanted Broom;Escoba encantada
Enchanted Bucket;Cubo encantado
Enchantment Guardian;Guardián del encantamiento
Enclave guard;guardia del enclave
Enel;enel
Enelye;Enelye
Enerdhil;Enerdhil
Energy focus (blue);Enfoque energético (azul)
Energy focus (green);Enfoque energético (verde)
Energy focus (red);Foco energético (rojo)
Energy focus (white);Enfoque energético (blanco)
Engineer;Ingeniero
Engineering assistant;asistente de ingenieria
Enilly;Enilly
Eniola;Eniola
Enoch;Enoc
Enormous Tentacle;Tentáculo enorme
Enraged Tektiny;Tektiny enfurecido
Enraged barbarian spirit;Espíritu bárbaro enfurecido
Ent;ent
Entomologist;Entomólogo
Entrana firebird;pájaro de fuego entrana
Entrance Guardian;Guardián de entrada
Eodan;Eodan
Eohric;Eohrico
Eoin;Eoin
Episcula Helsing;Episcula Helsing
Erdan;erdan
Erestor;Erestor
Eric;eric
Ermin;armiño
Ernest;Ernesto
Erodoeht;Erodoeht
Escaping slave;Esclavo escapando
Essence impling;esencia implicada
Essyllt;Essyllt
Essyllt (hard);Essyllt (duro)
Estate agent;Agente inmobiliario
Esther;Ester
Ethereal Expert;Experto etéreo
Ethereal Fluke;casualidad etérea
Ethereal Guide;Guía etérea
Ethereal Lady;dama etérea
Ethereal Man;Hombre etéreo
Ethereal Mimic;Mímica etérea
Ethereal Numerator;Numerador etéreo
Ethereal Perceptive;Perceptivo etéreo
Eudav;eudav
Eve;Víspera
Evil Bob;Bob malvado
Evil Chicken;Pollo Malvado
Evil Chicken (hard);Pollo malvado (duro)
Evil Dave;Dave malvado
Evil creature;criatura malvada
Evil spirit;Espíritu maligno
Ewesey;Ewesey
Examiner;Examinador
Executioner;Verdugo
Experiment;Experimento
Experiment No.2;Experimento No.2
Ezekial Lovecraft;Ezequiel Lovecraft
Factory Manager;Gerente de fábrica
Factory Worker;Trabajador de fábrica
Fadli;Fadli
Fairy;Hada
Fairy Aeryka;Hada Aeryka
Fairy Fixit;Arreglo de hadas
Fairy Godfather;Hada Padrino
Fairy Nuff;Hada Nuff
Fairy Queen;reina de las hadas
Fairy Very Wise;Hada muy sabia
Fairy chef;Cocinero de hadas
Fairy shop assistant;Asistente de tienda de hadas
Fairy shop keeper;Tendero de hadas
Fake Man;hombre falso
Fallen Man;hombre caido
Falo the Bard;falo el bardo
Fancy Dan;Dan elegante
Fanellaman;Fanellaman
Fareed;Fareed
Fareed (hard);Fareed (difícil)
Farid Morrisane (ores and bars);Farid Morrisane (minerales y barras)
Farmer;Agricultor
Farmer Brumty;granjero brumty
Farmer Fromund;Granjero Fromund
Farmer Gricoller;Agricultor Gricoller
Farmer Hayfield;Granjero Hayfield
Farmer's wife;esposa del granjero
Farolt;farolt
Fat Rocco;Rocco gordo
Fat Tony;tony gordo
Father Aereck;Padre Aereck
Father Badden;Padre Badden
Father Eysseric;Padre Eysseric
Father Jean;padre jean
Father Lawrence;Padre Lorenzo
Father Reen;padre reen
Father Urhney;Padre Urhney
Fayeth;Fayeth
Feanor;Feanor
Fear reaper;segador de miedo
Felfiz Yaryus;Felifiz Yaryus
Felkrash;Felkrash
Female slave;esclava
Femi;Femi
Fenkenstrain's Monster;El monstruo de Fenkenstrain
Feral Vampyre;Vampiro salvaje
Ferd;Ferd
Fernahei;Fernahei
Ferocious barbarian spirit;Espíritu bárbaro feroz
Ferox;Ferox
Ferret;Hurón
Ferryman Nathwood;Barquero Nathwood
Ferryman Sathwood;Barquero Sathwood
Fever spider;Araña fiebre
Ffoni;Ffoni
Fidelio;Fidelio
Fightslave;esclavo de lucha
Filamina;filamina
Filliman Tarlock;Filiman Tarlock
Financial Seer;Vidente financiero
Financial Wizard;Asistente financiero
Finarfin;Finarfin
Findis;encontrar
Finduilas;Finduilas
Fingolfin;fingolfin
Fingon;Fingón
Finn;finlandés
Fionella;Fionella
Fior;Fior
Fire Warrior of Lesarkus;Guerrero del Fuego de Lesarkus
Fire elemental;elemental de fuego
Fire giant;gigante de fuego
Fire wizard;mago de fuego
First Mate Deri;Primer oficial Deri
First Mate Peri;Primer oficial Peri
First mate 'Davey-boy';Primer oficial 'Davey-boy'
Fish;Pez
Fish monger;pescadero
Fish shoal;banco de peces
Fishbowl;pecera
Fisherman;Pescador
Fisherman Frodi;Pescador Frodi
Fishing spot;Lugar de pesca
Fishing tutor;Profesor de pesca
Fishmonger;Pescadero
Fiyr Shade;Sombra Fiyr
Fiyr Shadow;Sombra de Fiyr
Flambeed;flambeado
Flambeed (hard);Flambeado (duro)
Flaming pyrelord;Señor del piro llameante
Flawed Golem;Golem defectuoso
Flax keeper;guardián del lino
Flaygian Screwte;Screwte Flaygio
Flesh Crawler;Reptador de carne
Flies;moscas
Flight Kilisa;Vuelo Kilisa
Flippa;flippa
Flockleader Geerin;Líder de rebaño Geerin
Floki;floki
Florin;Florín
Flosi Dalksson;Flosi Dalksson
Flower;Flor
Flower Girl;niña de las flores
Fly trap;trampa para moscas
Flying Book;Libro volador
Flying Vespina;Vespina voladora
Flying female vampire;Vampiro femenino volador
Flynn;Flynn
Foreman;Capataz
Forester;Guardabosque
Forester (hard);Forestal (difícil)
Forgotten Soul;alma olvidada
Former Vampyre;Ex vampiro
Fornek quo Maten;Fornek quo Maten
Fortress Guard;Guardia de la Fortaleza
Fortunato;Fortunato
Fossegrimen;Fossegrimen
Fossil Collector;Coleccionista de fósiles
Fossil Rock;Roca fósil
Fox;Zorro
Fragment of Seren;Fragmento de Seren
Francis;Francisco
Francois;francisco
Frank;Franco
Frankie;Franky
Franklin Caranos;Franklin Caranos
Freaky Forester;guardabosques extraño
Freald;frealdo
Fred the Farmer;Fred el granjero
Freja;freja
Fremennik Warrior;Guerrero Fremennik
Frenita;Frenita
Freygerd;freygerd
Fridgeir;Nevera
Fridleif Shieldson;Fridleif Shieldson
Frincos;frincos
Fritz the Glassblower;Fritz el soplador de vidrio
Frizzy Skernip;Skernip rizado
Frog;Rana
Frog prince;príncipe rana
Frog princess;princesa rana
Frogeel;rana
Froono;froono
Fuggy;Viciado
Fullangr;Fullangr
Fungi;Hongos
Fur trader;comerciante de pieles
Furnace grate;parrilla del horno
Fycie;Fycie
Fyiona Fray (easy);Fyiona Fray (fácil)
G.L.O. Caranock;G.L.O. caranock
GPDT employee;Empleado de GPDT
Gabooty;gaboty
Gabriela;gabriela
Gadderanks;Gadderanks
Gadrin;Gadrin
Gaius;Cayo
Galahad;Galahad
Galana;galana
Galathil;galatil
Galina;Galina
Gallow;horca
Galvek;Gálvek
Gamer;jugador
Gamfred;Gamfred
Gang boss;jefe de pandilla
Gangster;Gángster
Garai;garai
Garbek quo Maten;Garbek quo Maten
Garden supplier;Proveedor de jardín
Gardener;Jardinero
Gardener Ghost;Fantasma del jardinero
Gardener Gunnhild;Jardinero Gunnhild
Gardener Jay Jr.;Jardinero Jay Jr.
Gargh;gargh
Gargoyle;Gárgola
Garkor;garkor
Garl;ajo
Garth;garth
Garv;garv
Gate of War;Puerta de guerra
Gatekeeper;Portero
Gauss;Gauss
Gee;Caramba
Gelatinnoth Mother;Madre de gelatinnoth
Gelatinnoth Mother (hard);Madre Gelatinnoth (dura)
Gelin;Gelín
Gelmir;Gelmir
Gem;Joya
Gem merchant;comerciante de gemas
Gem trader;comerciante de gemas
Gene;Gene
General Babacus;General Bábaco
General Bentnoze;General Bentnoze
General Graardor;Graardor General
General Graardor Jr.;General Graardor Jr.
General Hining;Hining general
General Khazard;general jázard
General Kilian;General Kilian
General Salara;General Salara
General Vir;General Vir
General Wartface;cara de verruga general
Generic Diplomat;Diplomático genérico
Genie;Genio
George Laxmeister;George Laxmeister
Georgy;georgia
Gerald;gerald
Gerrant;Gerrante
Gertrude;gertrudis
Gertrude's cat;El gato de Gertrudis
Gethin;Gethin
Ghaslor the Elder;Ghaslor el Viejo
Ghast;fantasmal
Ghommal;Ghommal
Ghost;Fantasma
Ghost (?);Fantasma (?)
Ghost banker;banquero fantasma
Ghost captain;Capitán fantasma
Ghost disciple;discípulo fantasma
Ghost farmer;granjero fantasma
Ghost guard;guardia fantasma
Ghost innkeeper;Posadero fantasma
Ghost sailor;Marinero fantasma
Ghost shopkeeper;comerciante fantasma
Ghost villager;Aldeano fantasma
Ghoul;Demonio necrófago
Ghoul Champion;Campeón necrófago
Gianne jnr.;Gianne jn.
Giant;Gigante
Giant Champion;Campeón gigante
Giant Lobster;Langosta Gigante
Giant Mole;Topo gigante
Giant Roc;Roc gigante
Giant Roc (hard);Roc gigante (difícil)
Giant Rock Crab;Cangrejo de roca gigante
Giant Sea Snake;Serpiente marina gigante
Giant Squirrel;Ardilla gigante
Giant bat;Murciélago gigante
Giant crypt rat;Rata de cripta gigante
Giant crypt spider;Araña de cripta gigante
Giant frog;rana gigante
Giant lobster;langosta gigante
Giant mosquito;mosquito gigante
Giant rat;rata gigante
Giant rockslug;Babosa de roca gigante
Giant scarab;escarabajo gigante
Giant scarab (hard);Escarabajo gigante (duro)
Giant skeleton;esqueleto gigante
Giant snail;caracol gigante
Giant spider;araña gigante
Gielinor Guide;Guía de Gielinor
Giles;Giles
Gileth;Gileth
Gillie Groats;Gillie Granos
Giral bat;murciélago giral
Gita Prymes;Gita Prymes
Gladiator;Gladiador
Glenda;Glenda
Glod;oro
Glod (hard);oro (duro)
Glorfindel;glorfindel
Glough;Glough
Glouphrie the Untrusted;Gloufrie el Inconfiable
Gnocci the Cook;Gnocci el cocinero
Gnome;Gnomo
Gnome Archer;Arquero gnomo
Gnome Coach;Entrenador de gnomos
Gnome Driver;Conductor gnomo
Gnome Mage;Mago gnomo
Gnome Waiter;Camarero gnomo
Gnome ball referee;Árbitro de pelota gnomo
Gnome baller;bailarín gnomo
Gnome banker;banquero gnomo
Gnome child;niño gnomo
Gnome companion;Compañero gnomo
Gnome emissary;Emisario de gnomos
Gnome guard;guardia gnomo
Gnome shop keeper;Tendero de gnomos
Gnome soldier;Soldado gnomo
Gnome trainer;Entrenador de gnomos
Gnome traveller;viajero gnomo
Gnome troop;tropa de gnomos
Gnome winger;Extremo gnomo
Gnome woman;mujer gnomo
Gnormadium Avlafrim;Gnormadium Avlafrim
Gnosi;Gnosi
Goat;Cabra
Goat Poo;Caca de cabra
Goblin;Duende
Goblin Champion;Campeón duende
Goblin Cook;cocinero duende
Goblin fish;pez duende
Goblin guard;guardia duende
Goblin scribe;escriba duende
Godric;Godric
Gold ore;mineral de oro
Golden sheep;oveja dorada
Golden warbler;reinita dorada
Golem;gólem
Golova;Golova
Golrie;Golrie
Gorad;Gorad
Gorak;Gorak
Gordon;gordon
Goreu;Goreu
Gorhak quo Narga;Gorhak quo Narga
Gorilla;Gorila
Gossip;Chisme
Gourmet;Gastrónomo
Gourmet impling;Implicación gourmet
Grace;Gracia
Grail Maiden;Doncella del Grial
Grand Exchange Clerk;Gran empleado de cambio
Grandpa Jack;abuelo jack
Grave;Tumba
Grave digger;sepulturero
Grave scorpion;escorpión tumba
Graveyard Guardian;Guardián del cementerio
Gravingas;Gravingas
Greasycheeks;Mejillas grasosas
Great Olm;gran olmo
Great Olm (Left claw);Gran Olm (garra izquierda)
Great Olm (Right claw);Gran Olm (garra derecha)
Great blue heron;Gran garza azul
Greater Nechryael;Gran Nechryael
Greater Skeleton Hellhound;Perro del infierno esqueleto mayor
Greater abyssal demon;Demonio abisal mayor
Greater demon;Demonio mayor
Greater ghostly thrall;Mayor esclavitud fantasmal
Greater skeletal thrall;Esclavo esquelético mayor
Greater zombified thrall;Mayor esclavo zombificado
Green Gemstone Director;Director de Gema Verde
Green Gemstone Secretary;Secretaria de piedras preciosas verdes
Green Sheep;oveja verde
Green dragon;dragón verde
Green fireflies;Luciérnagas verdes
Greengrocer;Verdulero
Greldo;greldo
Grew;Creció
Grey golem;gólem gris
Grigor Rasputin;Grigor Rasputín
Grigore;Grigor
Grimesquit;Grimesquit
Grimgnash;Grimgnash
Grinka Krast;Grinka Krast
Grip;Agarre
Grish;Grish
Grizzly bear;Oso pardo
Grizzly bear cub;Cachorro de oso grizzly
Growler;gruñidor
Growthling;Crecimiento
Grubfoot;Pie de larva
Grubor;Grubor
Gruff McScruff;Gruff McScruff
Grug;Grug
Gruh;Gruh
Grum;gruñón
Grundt;Grundt
Grunsh;grunsh
Gruva Patrull;Gruva Patrull
Guanic bat;Murciélago guanico
Guard;Guardia
Guard Bandit;Bandido de la guardia
Guard Captain;Capitán de guardia
Guard Recruiter;Reclutador de guardia
Guard Vemmeldo;Guardia Vemmeldo
Guard dog;perro guardián
Guardian Drake;Dragón guardián
Guardian mummy;momia guardiana
Guardian of Armadyl;Guardián de Armadyl
Guidor;guidor
Guildmaster;Maestro del gremio
Guildmaster Jane;Maestra del gremio Jane
Guildmaster Lars;Maestro del gremio Lars
Guilin;guilin
Guinevere;Ginebra
Gujuo;gujuo
Gull;Gaviota
Gulldamar;Gulldamar
Gulluck;Gulluck
Gundai;gundai
Gundik;Gundik
Gunnar Holdstrom;Gunnar Holdström
Gunnjorn;Gunnjörn
Gunslik;Gunslik
Gunthor the brave;gunthor el valiente
Guthan the Infested;Guthan el Infestado
Gwallter;Gwallter
Gwerin Hapus;Hapus Gwerin
Gwindor;Gwindor
Gwyl;Gwyl
Gwyn;gwyn
Gypsy;gitano
Gypsy Aris;Aris gitana
Gyr Falcon;Halcón Gyr
H.A.M. Archer;JAMÓN. Arquero
H.A.M. Deacon;JAMÓN. Diácono
H.A.M. Guard;JAMÓN. Guardia
H.A.M. Mage;JAMÓN. mago
H.A.M. Member;JAMÓN. Miembro
HAM member;miembro de jamón
HRH Hrafn;SAR Hrafn
Habibah;Habibá
Hadley;hadley
Haemas Lamescus;Haemas Lamescus
Haera;Haera
Hafuba;Hafuba
Hairdresser;Peluquero
Hajedy;hajedy
Haldor quo Keran;Haldor quo Keran
Half-Zombie;Medio zombi
Half-soulless;Medio sin alma
Halla;Halla
Hallak;hallak
Hamab;Hamab
Hamal the Chieftain;Hamal el cacique
Hameln the Jester;Hamelín el bufón
Hamid;Hamid
Haming;Haming
Hammerspike Stoutbeard;Barba fuerte de pico de martillo
Hanchen the Hound;Hanchen el sabueso
Hangman game;juego del ahorcado
Hans;Hans
Hari;hari
Haris;haris
Harold;harold
Harold Evans;Harold Evans
Harpert;Harpert
Harpie Bug Swarm;Enjambre de insectos arpías
Harrallak Menarous;Harrallak Menarous
Harry;Acosar
Haskell;Haskell
Hassan;Hassan
Hatius Cosaintus;Hatius Cosainto
Haze;Bruma
Hazeel;avellana
Hazeel Cultist;Cultista Hazeel
Hazelmere;avellana
Head;Cabeza
Head Guard;Guardia de cabeza
Head Mourner;Jefe de luto
Head Thief;ladrón principal
Head chef;jefe de cocina
Headless Beast;Bestia sin cabeza
Headless Beast (hard);Bestia sin cabeza (difícil)
Healthorg and tortoise;Healthorg y tortuga
Heckel Funch;Heckel Funch
Hegir;Hégir
Helemos;Helemos
Helena;elena
Helga;helga
Hell-Rat;Rata del infierno
Hell-Rat Behemoth;Gigante rata infernal
Hell-kitten;gatito del infierno
Hellcat;gato infernal
Hellhound;Perro del infierno
Hellpuppy;Cachorro infernal
Hendor;Hendor
Hengel;hengel
Hengrad;Hengrado
Henja;henja
Henryeta Carnillean;Henryeta Carnillean
Herbi;herbí
Herbiboar;herbívoro
Herman Caranos;Herman Caranos
Hero;Héroe
Heron;Garza
Herquin;Herquín
Hervi;Herví
Heskel;Heskel
Hespori;hespori
Het;él
Hetty;hetty
Hewey;Hewey
Hickton;Hickton
Hieve;colmena
High Priest;Sumo sacerdote
High Priestess Zul-Harcinqa;Suma Sacerdotisa Zul-Harcinqa
Highwayman;Salteador de caminos
Hild;Hilda
Hill Giant;Gigante de la colina
Hirko;Hirko
Historian Duffy;Historiador Duffy
Historian Minas;Historiador Minas
Hiylik Myna;Hiylik Myna
Hobbes;hobbes
Hobgoblin;Duende
Hobgoblin Champion;Campeón hobgoblin
Hofuthand (weapons and armour);Hofuthand (armas y armaduras)
Hole in the wall;Agujero en la pared
Holgart;Holgart
Holoy;Holo
Holthion;Holtion
Homunculus;homúnculo
Honest Jimmy;Jimmy honesto
Honour guard;guardia de honor
Hooded Figure;Figura encapuchada
Hooknosed Jack;Jack de nariz ganchuda
Hoop Snake;Serpiente de aro
Hopeless beast;Bestia desesperada
Hopeless creature;Criatura desesperada
Hopleez;Hopleez
Hops;Lúpulo
Horace;horacio
Horacio;Horacio
Horned graahk;Graahk con cuernos
Horphis;Horfis
Horvik;Horvik
Hosa;hosa
House;Casa
Hring Hring;Hring Hring
Hudo;Hudo
Hudon;Hudón
Huge spider;Araña enorme
Hugor;Hugor
Hunding;hundiendo
Hunting expert;Experto en caza
Hura;hura
Husk;Cáscara
Hydra;Hidra
Hygd;Hygd
Ian;ian
Iban;iban
Ice Queen;reina de hielo
Ice Troll;Trol de hielo
Ice Troll King;Rey Troll de Hielo
Ice Troll King (hard);Rey Troll de Hielo (difícil)
Ice block;bloque de hielo
Ice demon;demonio de hielo
Ice giant;gigante de hielo
Ice spider;Araña de hielo
Ice troll;troll de hielo
Ice troll female;Hembra troll de hielo
Ice troll grunt;Gruñido de troll de hielo
Ice troll male;Macho troll de hielo
Ice troll runt;Enano troll de hielo
Ice warrior;guerrero de hielo
Ice wolf;lobo de hielo
Iceberg;Iceberg
Icefiend;demonio de hielo
Icelord;señor de hielo
Icicle;Carámbano
Icthlarin;Ictlarina
Idril;idril
Idris;Idris
Iestin;Iestin
Ifaba;Ifaba
Iffie;iffie
Ignatius Vulcan;Ignacio Vulcano
Ignisia;Ignisia
Ikkle Hydra;Hidra Ikkle
Ileana;ileana
Ilfeen;ilfeen
Ima;soy
Imerominia;Imerominia
Imiago;Imiago
Imin;Imín
Iminye;Iminye
Immenizz;Immenizz
Imp;Diablillo
Imp Champion;Campeón diablillo
Imp defender;Defensor del diablillo
Imre;imre
Incapacitated Pyromancer;Piromante incapacitado
Indis;indios
Infernal Mage;Mago infernal
Infernal pyrelord;Señor del piro infernal
Information clerk;empleado de información
Inga;inga
Ingrid;Ingrid
Ingrid Hradson;Ingrid Hradson
Ingwe;Ingwe
Ingwion;Ingwion
Inn Keeper;Guardián de la posada
Innocent-looking key;Llave de aspecto inocente
Insatiable Bloodveld;Veld de sangre insaciable
Insatiable mutated Bloodveld;Bloodveld mutado insaciable
Invrigar the Necromancer;Invrigar el Nigromante
Iona;iona
Iorwerth Archer;Arquero Iorwerth
Iorwerth Warrior;Guerrero Iorwerth
Irena;Irene
Irene;irene
Irina;irina
Irksol;Irksol
Iron Man tutor;tutor de hombre de hierro
Iron dragon;dragón de hierro
Iron ore;mineral de hierro
Iron pickaxe;pico de hierro
Irvig Senay;Irvig Senay
Irwin Feaselbaum;Irwin Feaselbaum
Ish the Navigator;ish el navegante
Ishmael;Ismael
Islwyn;islwyn
Istoria;istoria
Ithoi the Navigator;Ithoi el Navegante
Ivan;Iván
Ivan Strom;Ivan Strom
Iwan;Iwán
Iwazaru;Iwazaru
Jack;Jacobo
Jack Sails;Jack Velas
Jack Seagull;Jack Gaviota
Jackal;Chacal
Jacky Jester;Jacky Bufón
Jade;Jade
Jadid;jadid
Jagbakoba;Jagbakoba
Jail guard;guardia de la cárcel
Jailer;Carcelero
Jake;jake
Jal-Ak;Jal-Ak
Jal-AkRek-Ket;Jal-AkRek-Ket
Jal-AkRek-Mej;Jal-AkRek-Mej
Jal-AkRek-Xil;Jal-AkRek-Xil
Jal-ImKot;Jal-ImKot
Jal-MejJak;Jal-MejJak
Jal-MejRah;Jal-MejRah
Jal-Nib;Jal-Nib
Jal-Nib-Rek;Jal-Nib-Rek
Jal-Xil;Jal-Xil
Jal-Zek;Jal-Zek
JalRek-Jad;JalRek-Jad
JalTok-Jad;JalTok-Jad
James;Jaime
Jamila;jamila
Jaraah;Jaraah
Jardric;Jardric
Jari;jari
Jarr;Jarr
Jarvald;Jarvald
Jatix;Jatix
Jayene Kliyn (medium);Jayene Kliyn (mediano)
Jeb;jeb
Jeed;Jeed
Jeff;jeff
Jelly;Gelatina
Jennella;jennella
Jennifer;jennifer
Jenny Blade;Jenny Blade
Jeremy Clerksin;Jeremy Clerksin
Jerico;Jericó
Jess;Cadena
Jessie;Jessie
Jethick;Jethick
Jewelled Crab;Cangrejo enjoyado
Jewelled Crab (blue);Cangrejo enjoyado (azul)
Jewelled Crab (green);Cangrejo enjoyado (verde)
Jewelled Crab (red);Cangrejo enjoyado (rojo)
Jex;jex
Jig cart;Carro de plantilla
Jill;Jill
Jiminua;Jiminúa
Jimmy;Palanqueta
Jimmy Dazzler;Jimmy Dazzler
Jimmy the Chisel;Jimmy el cincel
Joe;José
Jofridr Mordstatter;Jofridr Mordstätter
Jogre;Jogre
Jogre Champion;Campeón jogre
Johanhus Ulsbrecht;Johanhus Ulsbrecht
John;John
Johnathon;Johnathon
Jokul;Jokul
Jon;jon
Jonathan;jonathan
Jonny the beard;Jonny la barba
Jorra;jorra
Jorral;Joral
Jorzik;jorzik
Joseph;José
Joshua;Josué
Jossik;Josik
Jubbly bird;pájaro alegre
Jubster;jubster
Judge of Yama;Juez de Yama
Jukat;jukat
Julie;julia
Juliet;julieta
Jumaane;jumaane
Juna;juana
Jungle Demon;Demonio de la selva
Jungle Demon (hard);Demonio de la jungla (difícil)
Jungle Wolf;lobo de la selva
Jungle eagle;águila de la selva
Jungle forester;guardabosques de la selva
Jungle horror;Terror en la jungla
Jungle savage;Salvaje de la selva
Jungle spider;Araña de la selva
Junior Navigator;Navegante Junior
Jury;Jurado
Justiciar Zachariah;Justicia Zachariah
Justin Servil;Justin Servil
Justine;justine
Jyn;Jyn
K'klik;k'klik
K'ril Tsutsaroth;K'ril Tsutsaroth
K'ril Tsutsaroth Jr.;K'ril Tsutsaroth Jr.
KGP Agent;Agente KGP
KGP Guard;Guardia KGP
Kaal-Ket-Jor;Kaal-Ket-Jor
Kaal-Mej-San;Kaal-Mej-San
Kaal-Xil-Dar;Kaal-Xil-Dar
Kael Forshaw;Kael Forshaw
Kaht B'alam;Kaht B'alam
Kai;Kai
Kaleb Paramaya;Kaleb Paramaya
Kalphite Guardian;Guardián calfita
Kalphite Larva;Larva de calfita
Kalphite Princess;Princesa calfita
Kalphite Queen;Reina calfita
Kalphite Soldier;Soldado calfita
Kalphite Worker;Trabajador calfita
Kalrag;Kalrag
Kalron;Kalron
Kamen;kamen
Kamfreena;kamfreena
Kamil;Kamil
Kamil (hard);Kamil (duro)
Kanel;kanel
Kangai Mau;Kangai Mau
Kaqemeex;Kaqemeex
Karaday;Karaday
Karam;Karam
Karamel;karamela
Karamel (hard);Caramelo (duro)
Karamthulhu;Karamthulhu
Kardia;Kardia
Karil the Tainted;Karil el Contaminado
Karim;karim
Karl;carlos
Kaston;kaston
Kathy Corkat;Kathy Corkat
Katrine;katrina
Kaylee;kalee
Kazemde;Kazemdé
Kazgar;Kazgar
Kebbit;kebbit
Keef;Keef
Keepa Kettilon;Keepa Kettilon
Keith;keith
Kelvin;kélvin
Kelyn;Kelyn
Kendall;Kendall
Kenelme;Kenelme
Kennith;Kennith
Kent;kent
Ket'sal K'uk;Ket'sal K'uk
Ket-Zek;Ket-Zek
Key Master;Maestro clave
Kharid Scorpion;Escorpión Kharid
Khazard Guard;Guardia de Khazard
Khazard Ogre;Ogro Khazard
Khazard Scorpion;Escorpión Khazard
Khazard barman;camarero de Khazard
Khazard commander;comandante jázardo
Khazard trooper;Soldado Khazard
Khazard warlord;Señor de la guerra Khazard
Khazard warlord (hard);Señor de la guerra Khazard (difícil)
Khorvak, a dwarven engineer;Khorvak, un ingeniero enano
Kikazaru;kikazaru
Killer;Asesino
Killerwatt;Vatio asesino
Kilron;Kilrón
Kineer;cineer
King Arthur;Rey Arturo
King Artur Hosidius;Rey Arturo Hosidio
King Awowogei;Rey Awowogei
King Black Dragon;Rey Dragón Negro
King Bolren;Rey Bolren
King Gjuki Sorvott IV;Rey Gjuki Sorvott IV
King Healthorg;Rey Saludorg
King Kandur Hosidius;Rey Kandur Hosidio
King Lathas;Rey Lathas
King Narnode Shareen;Rey Narnode Shareen
King Percival;Rey Percival
King Roald;Rey Roaldo
King Roald (hard);Rey Roald (difícil)
King Sand Crab;Cangrejo Rey de Arena
King Scorpion;Rey Escorpión
King Thoros;Rey Thoros
King Vargas;Rey Vargas
King kurask;Rey Kurask
King rat;rata rey
King's Messenger;Mensajero del Rey
Kitten;Gatito
Kjedelig Uppsen;Kjedelig Uppsen
Kjut;kjut
Klank;Klank
Klarense;klarense
Klenter;klenter
Knight;Caballero
Knight of Ardougne;Caballero de Ardouña
Knight of Saradomin;Caballero de Saradomin
Knight of Varlamore;Caballero de Varlamore
Knight of the Lion;Caballero del León
Knight of the Owl;Caballero del Búho
Knight of the Unicorn;Caballero del Unicornio
Knight of the Wolf;caballero del lobo
Koanee;Koanee
Kob;kob
Koftik;koftik
Kolodion;kolodion
Konar quo Maten;Konar quo Maten
Konoo;konoo
Kormar quo Maten;Kormar quo Maten
Kortan;cortán
Koschei the deathless;Koschei el inmortal
Kragen;Kragen
Kraka;Cracovia
Kraken;Kraken
Krato;Krató
Kree'arra;Kree'arra
Kree'arra Jr.;Kree'arra Jr.
Kroy;kroy
Kruk;Kruk
Kryket bat;Murciélago kryket
Krystilia;krystilia
Ksenia;ksenia
Kualti;kualti
Kubec Unkar;Kubec Unkar
Kurask;Kurask
Kurt;kurt
Kylie Minnow;Kylie Minnow
Lacey;encaje
Lady Carys Hefin;Lady Carys Hefin
Lady Crombwick;señora crombwick
Lady Ffion Meilyr;Señora Ffion Meilyr
Lady Keli;señora keli
Lady Kelyn Ithell;Lady Kelyn Ithell
Lady Nadezhda Shadum;Señora Nadezhda Shadum
Lady Servil;Señora Servil
Lady Shauna Piscarilius;Señora Shauna Piscarilius
Lady Table;Mesa de dama
Lady Tangwen Trahaearn;Señora Tangwen Trahaearn
Lady Vulcana Lovakengj;Señora Vulcana Lovakengj
Lahsram;Lahsram
Lalli;lali
Lamb;Cordero
Lammy Langle;Lammy Langle
Lan the Butcher;Lan el carnicero
Lanthus;Lanthus
Lanzig;Lanzig
Large mosquito;mosquito grande
Large zombie monkey;Mono zombie grande
Larran;Larrán
Larrissa;larissa
Larry;larry
Larxus;Larxo
Lasenna Rasputin;Lasenna Rasputín
Lathas;Lathas
Latlink Fastbell;Campana rápida Latlink
Launa;launa
Lauretta;laureta
Lava beast;bestia de lava
Lava dragon;dragón de lava
Layleen;layleen
Lazim;Lazim
Lazy cat;gato perezoso
Lazy hellcat;gato perezoso
Le-sabrè;le-sabré
Lead Navigator;Navegador principal
Leagues Assistant;Asistente de ligas
Leagues Tutor;Tutor de ligas
Leatherworker;peletero
Lector Gura;Lector Gura
Leech;Sanguijuela
Leech display;Pantalla de sanguijuela
Leela;leela
Leenz;Leenz
Left head;cabeza izquierda
Legends guard;guardia de leyendas
Leke quo Keran;Leke quo Keran
Lenny;lenny
Lensa;lente
Lenwe;lenwe
Lenyig Karna;Lenyig Karna
Leo;León
Leon;León
Leon d'Cour;León d'Cour
Lesser Demon Champion;Campeón Demonio Menor
Lesser Fanatic;Fanático menor
Lesser demon;demonio menor
Lesser ghostly thrall;Esclavo fantasmal menor
Lesser skeletal thrall;Esclavo esquelético menor
Lesser zombified thrall;Esclavo zombificado menor
Lev;Lev
Li'l lamb;pequeño cordero
Liam;Liam
Librarian;Bibliotecario
Lidio;lidio
Lieutenant Schepbur;Teniente Schepbur
Lieve McCracken;Lieve McCracken
Light creature;Criatura ligera
Lil' Bloat;Pequeña hinchazón
Lil' Creator;Pequeño creador
Lil' Destructor;Pequeño destructor
Lil' Maiden;pequeña doncella
Lil' Nylo;Lil' Nylo
Lil' Sot;pequeño sot
Lil' Xarp;Lil' Xarp
Lil' Zik;pequeño zik
Lilifang;Lilifang
Liliwen;Liliwen
Liliya;Lilia
Lillia;lilia
Lilly;lirio
Lindir;Lindir
Linen worker;trabajador de lino
Lisa;Lisa
Lisse Isaakson;Lisse Isaakson
Litara;Litara
Lithil;litil
Little Nightmare;pequeña pesadilla
Little Parasite;pequeño parásito
Lizard;Lagarto
Lizard display;exhibición de lagarto
Lizardman;hombre lagarto
Lizardman brute;hombre lagarto bruto
Lizardman shaman;chamán hombre lagarto
Lleidr Golau;Lleidr Golau
Lliann;Lliann
Llio;Llio
Loading crane;Grúa de carga
Loar Shade;Sombra Loar
Loar Shadow;Sombra Loar
Lobstrosity;langosta
Local;Local
Local Gnome;Gnomo local
Locust;Langosta
Locust rider;Jinete de langostas
Lofu;lofu
Logava;Logava
Logios;Logios
Logosia;Logosía
Loinur;loinur
Lokar Searunner;Corredor marino Lokar
Loki;Loki
Lokraa quo Sihar;Lokraa quo Sihar
Lollk;Lolk
Long-tailed Wyvern;Wyvern de cola larga
Longbow Ben;Ben arco largo
Longhall Bouncer;Gorila de Longhall
Look-out;Estar atento
Looming shadow;Sombra que se avecina
Lord Alexei Jovkai;Señor Alexei Jovkai
Lord Baxtorian Cadarn;Señor Baxtorian Cadarn
Lord Crombwick;Señor Crombwick
Lord Daquarius;Señor Dacuario
Lord Iestin Iorwerth;Señor Iestin Iorwerth
Lord Ieuan Amlodd;Señor Ieuan Amlodd
Lord Iorwerth;Señor Iorwerth
Lord Kandur Hosidius;Señor Kandur Hosidio
Lord Marshal Brogan;Lord Mariscal Brogan
Lord Mischa Myrmel;Señor Mischa Myrmel
Lord Pandur Hosidius;Señor Pandur Hosidio
Lord Piquan Crwys;Señor Piquan Crwys
Lord Rologarth;Señor Rologarth
Lord Shiro Shayzien;Señor Shiro Shayzien
Lord Trobin Arceuus;Señor Trobin Arceuus
Lorelai;lorelai
Lornor quo Narga;Lornor quo Narga
Lorraine;lorena
Lost barbarian;bárbaro perdido
Louie Legs;Piernas de Louie
Louisa;luisa
Lovada;Lovada
Lovakengj Engineer;Ingeniero Lovakengj
Love Cats;Amo a los gatos
Lowe;Lowe
Lowerniel Drakan;Lowerniel Drakan
Lubufu;Lubufu
Lucien;lucien
Lucky impling;implicación suerte
Lucy;lucía
Lumberjack Leif;Leif leñador
Lumbridge Guide;Guía de Lumbridge
Lumdo;lumdo
Lumiere;Lumière
Luminata;Luminata
Lumo;lumo
Luna;luna
Lundail;Lundail
Lunderwin;lunderwin
Lurgon;Lurgón
Luscion;luscion
Luthas;lutas
Lutwidge;Lutwidge
Lux grub;comida de lujo
Lynx;Lince
Lynx Tamer;Domador de lince
Lyra;Lira
Mac;Impermeable
Macaroni Penguin;pingüino macarrones
Mad skavid;skavid loco
Madame Caldarium;Señora Caldarium
Maedhros;Maedros
Maeglin;Maeglin
Mage (easy);Mago (fácil)
Mage of Zamorak;Mago de Zamorak
Magic Instructor;Instructor de magia
Magic axe;hacha magica
Magic combat tutor;Tutor de combate mágico
Magnus Gram;Magnus Gramo
Magpie impling;Urraca implícita
Mahtan;Mahtán
Maid;Mucama
Mairin;Mairín
Maisa;Maisa
Major Attack;Ataque mayor
Major Collect;Coleccion mayor
Major Defend;Defensa mayor
Major Heal;Curación mayor
Make-over mage;Mago de cambio de imagen
Malak;Malak
Male slave;esclavo masculino
Malevolent Mage;Mago malévolo
Malignius Mortifer;Maligno Mortifer
Mallak quo Keran;Mallak quo Keran
Mama;Mamá
Mamma Bufetta;Mamá Bufetta
Mammoth;Mamut
Man;Hombre
Mandrith;mandrith
Mandy;mandi
Maniacal Monkey Archer;Arquero mono maníaco
Maniacal monkey;mono maníaco
Manni the Reveller;Manni el juerguista
Marble gargoyle;Gárgola de mármol
Marfet;marfet
Maria Gadderanks;Maria Gadderanks
Maria Gunnars;María Gunnars
Mariah;maria
Marisi;marisi
Marius;Mario
Marius Giste;Marius Giste
Mark;Marca
Market Guard;Guardia del mercado
Market seller;vendedor de mercado
Markog;Markog
Marley;Marley
Marlo;marlo
Marmor quo Narga;Marmor quo Narga
Marten;Marta
Martha Rehnison;Marta Rehnison
Martin Holt;Martín Holt
Martin Thwait;Martín Thwait
Martin the Master Gardener;Martín el maestro jardinero
Martina Scorsby;martina scorseby
Marwolaeth Dawnsio;Marwolaeth Dawnsio
Mary;María
Master Chef;Maestro cocinero
Master Crafter;Maestro artesano
Master Farmer;Maestro granjero
Master Navigator;Maestro Navegante
Master fisher;Maestro pescador
Master smithing tutor;Tutor maestro herrería
Matilda;matilda
Matthew;Mateo
Matthias;Matías
Mattimeo;mattimeo
Mawnis Burowgar;Mawnis Burowgar
Mawrth;Mawrth
Mayor Hobb;alcalde hobb
Maz;maz
Mazchna;Mazchna
Maze Guardian;guardián del laberinto
Mazion;Mazión
Me;A mí
Me (hard);Yo (duro)
Meddwl Ymlaen Llaw;Meddwl Ymlaen Llaw
Medium ninja monkey;Mono ninja mediano
Meegle;Meegle
Megan;megan
Meiyerditch citizen;ciudadano de Meiyerditch
Meiyerditch miner;Minero de Meiyerditch
Mekritus A'hara;Mekritus A'hara
Melana Moonlander;Melana Luna Lunar
Melee combat tutor;Tutor de combate cuerpo a cuerpo
Meleti;Meleti
Melina;melina
Melvin;Melvin
Melzar the Mad;Melzar el Loco
Memory of Seren;Memoria de Seren
Menaphite Leader;Líder menafita
Menaphite Thug;Matón menafita
Menaphite guard;guardia menafita
Mercenary;Mercenario
Mercenary Captain;Capitán mercenario
Mercy;Merced
Meredith;Meredith
Merlin;Esmerejón
Mernia;mernia
Mernik;Mérnik
Meskhenet;mesjenet
Metarialus;Metarialus
Meteora;Meteora
Mi-Gor;Mi Gor
Mia;Desaparecido en combate
Miala;Miala
Miazrqa;Miazrqa
Middle head;cabeza media
Midnight;Medianoche
Mihail;mihail
Mike;Micro
Miles;Millas
Milla;milla
Milli Rehnison;Milli Rehnison
Millie Miller;Millie Miller
Miltog;Miltog
Mime;Mímica
Mimm;mimm
Mind Golem;Gólem mental
Mine Cart;Carro de mina
Mine cart;Carro de mina
Mine cart driver;Conductor de carro minero
Mine supervisor;supervisor de mina
Miner;Minero
Miner Magnus;Magnus minero
Miniature chaotic clouds;Nubes caóticas en miniatura
Mining Instructor;Instructor de Minería
Mining tutor;profesor de minería
Minotaur;Minotauro
Miodvetnir;Miodvetnir
Miriam;Miriam
Miriel;Miriel
Mischievous ghost;fantasma travieso
Misdrievus Shadum;Misdrievus Shadum
Mishkal'un Dorn;Mishkal'un Dorn
Miss Cheevers;señorita cheevers
Miss Schism;Señorita cisma
Mist;Neblina
Mistag;Error de etiqueta
Mithrellas;mitrellas
Mithril dragon;dragón de mitril
Mithril ore;mineral de mitril
Mittens;Guantes de boxeo
Mizaru;mizaru
Moe;moe
Mofina;mofina
Moggy;Gatito
Mogre;Mogre
Mogre Guard;Guardia Mogre
Mogrim;Mogrím
Molanisk;molanisco
Moldof;Moldof
Mole display;visualización de lunares
Molly;muchacha
Monk;Monje
Monk of Entrana;Monje de Entradana
Monk of Zamorak;Monje de Zamorak
Monkey;Mono
Monkey Archer;Arquero mono
Monkey Child;niño mono
Monkey Guard;Guardia mono
Monkey Zombie;mono zombi
Monkey display;exhibición de mono
Monkey guard;guardia mono
Monkey minder;cuidador de monos
Monkey on unicorn;Mono sobre unicornio
Monstrous Basilisk;Basilisco monstruoso
Monstrous basilisk;Basilisco monstruoso
Mord Gunnars;Mord Gunnars
Mordan Nikazsi;Mordan Nikazsi
Morgan;morgan
Morgan Le Faye;Morgan Le Faye
Mori;mori
Morris;morris
Mort Nightshade;Mort Belladona
Mort'ton Local;Mort'ton Local
Mort'ton local;Mort'ton local
Morten Holdstrom;Morten Holdström
Mortina Daubenton;Mortina Daubenton
Morvran;Morvran
Mosol Rei;Mosol Rey
Mosquito swarm;enjambre de mosquitos
Moss Giant;Gigante de musgo
Moss Guardian;guardián del musgo
Moss Guardian (hard);Guardián del musgo (difícil)
Moss giant;gigante musgo
Most of a Zombie;La mayor parte de un zombi
Mother;Madre
Mother Mallum;Madre Mallum
Moths;polillas
Mountain Dwarf;Enano de montaña
Mountain Goat;Cabra Montés
Mountain Guide;Guía de Montaña
Mountain goat;cabra montesa
Mountain troll;troll de montaña
Mounted terrorbird gnome;Gnomo pájaro terror montado
Mounted terrorchick gnome;Gnomo terrorchick montado
Mourner;Doliente
Mouse;Ratón
Movario;Movario
Mr. Mordaut;Sr. Mordaut
Ms. Hynn Terprett;Sra. Hynn Terprett
Mubariz;Mubáriz
Mudskipper;saltador de barro
Mugger;Asaltador
Mummy;Momia
Mummy ashes;Cenizas de momia
Munty;Munty
Murcaily;Murcaily
Murfet;murfet
Murky Matt (runes);Murky Matt (runas)
Murky Pat;Pat turbia
Murng bat;murciélago murng
Murphy;murphy
Muruwoi;Muruwoi
Museum guard;guardia del museo
Mushroom;Champiñón
Mutant tarn;Tarn mutante
Mutated Bloodveld;Veld sangriento mutado
Muttadile;Muttadile
My Arm;mi brazo
Myndill;Myndill
Myre Blamish Snail;Caracol Myre Blamish
Mysterious Adventurer;Aventurero misterioso
Mysterious Figure;figura misteriosa
Mysterious Old Man;Viejo misterioso
Mysterious Stranger;Extraño misterioso
Mysterious Voice;voz misteriosa
Mysterious ghost;fantasma misterioso
Mystery figure;figura misteriosa
Naghead;Naghead
Nail beast;Bestia de uñas
Nakasa Jovkai;Nakasa Jovkai
Nardah Banker;banquero nardah
Nardok;nardok
Narf;Narf
Natalidae Shadum;Natalidae Shadum
Nathifa;Nathifa
Natural Historian;Historiador natural
Natural historian;historiador natural
Nature Spirit;Espíritu de la naturaleza
Nature impling;naturaleza implicada
Nazastarool;Nazastarool
Nazastarool (hard);Nazastarool (duro)
Nechryael;Necriael
Nechryarch;Necriarca
Necromancer;Nigromante
Necrovarus;Necrovaro
Ned;ned
Neferti the Camel;Neferti el camello
Neil;neil
Neite;Neite
Nellas;Nellas
Nemishka;Nemishka
Nerdanel;Nerdanel
Nesty;Nesty
New Recruit Tony;Nuevo recluta Tony
Newtroost;Nuevo troost
Nezikchened;Nezikchened
Nezikchened (hard);Nezikchened (duro)
Nia;nia
Nicholas;nicolás
Nick;Mella
Nickolaus;nicolás
Nicoleta;nicoleta
Nieve;nieva
Nigel;nigel
Night beast;bestia nocturna
Nikita;nikita
Nikkie;nikkie
Nikolai;nicolás
Niles;niles
Niloof;Niloof
Nimloth;Nimloth
Nimrodel;Nimrodel
Ninja impling;Ninja implicando
Nipper;Chiquillo
Nirrie;nirri
Nisha;nisha
Nkuku;Nkuku
Noctillion Lugosi;Nocillion Lugosi
Noella;noella
Nolar;Nolar
Nomad;Nómada
Noodle;Cabeza
Noon;Mediodía
Nora T. Hagg;Nora Hagg
Noranna Tytanin;Noranna Tytanin
Norman;normando
Not Bob;no bob
Noterazzo;Notarazzo
Novice;Principiante
Nuclear smoke devil;Diablo de humo nuclear
Nulodion;nulodión
Numpty;Numpty
Nung;Nung
Nurmof;Nurmof
Nurse Boubou;Enfermera Boubou
Nurse Emma Gentsy;Enfermera Emma Gentsy
Nurse Inn'Juree;Enfermera Inn'Juree
Nurse Sarah;enfermera sara
Nurse Wooned;enfermera cortejada
Nylocas;Nylocas
Nylocas Athanatos;Nylocas Athánatos
Nylocas Hagios;Nylocas Hagios
Nylocas Ischyros;Nylocas Isquiros
Nylocas Matomenos;Nylocas Matomenos
Nylocas Prinkipas;Nylocas Prinkipas
Nylocas Queen;Reina Nylocas
Nylocas Toxobolos;Nylocas Toxobolos
Nylocas Vasilias;Nylocas Vasilias
Oaknock the Engineer;Oaknock el ingeniero
Oath Lord D'rows;Juramento Señor D'rows
Oathbreaker B'ats;B'ats rompejuramentos
Oathbreaker E'piws;E'piws rompejuramentos
Oathbreaker M'als;M'als rompejuramentos
Obli;Oblí
Obor;Obor
Observatory assistant;asistente de observatorio
Observatory professor;profesor del observatorio
Ocga;ocga
Ochre Blamish Snail;Caracol Blamish Ocre
Odd Mushroom;Hongo extraño
Odd Old Man;Viejo extraño
Odd Stone;Piedra extraña
Odmar;Odmar
Odovacar;Odovacar
Odysseus;Odiseo
Og;og
Ogre;Ogro
Ogre boat;barco ogro
Ogre chieftain;Cacique ogro
Ogre guard;guardia ogro
Ogre merchant;comerciante ogro
Ogre shaman;chamán ogro
Ogre trader;comerciante de ogros
Ogress Shaman;Ogresa chamán
Ogress Warrior;Guerrero Ogresa
Oipuis;Oipuis
Olaf Hradson;Olaf Hradson
Olaf the Bard;Olaf el bardo
Olbertus;Olbertus
Old Man Ral;viejo ral
Old Man Yarlo;Viejo Yarlo
Old crone;vieja bruja
Old dwarf;viejo enano
Old man;Viejo
Oldak;viejo
Olivia;Olivia
Ollie the Camel;Ollie el camello
Olmlet;Olmlet
Omart;omart
Oneiromancer;oniromante
Oobapohk;Oobapohk
Oomlie bird;pájaro oomlie
Oozing barrier;Barrera rezumante
Operator;Operador
Oracle;Oráculo
Orange salamander;salamandra naranja
Ordan;Ordan
Ork;Orko
Orlando Smith;Orlando Smith
Oronwen;Oronwen
Oropher;oropher
Orophin;Orofín
Orrvor quo Maten;Orrvor quo Maten
Osian;osiano
Osman;Osmán
Ospak;Ospak
Osten;Osten
Osvald;Osvaldo
Oswald;Osvaldo
Oswallt;Oswallt
Othainian;othainiano
Other Half-Zombie;Otro medio zombi
Otherworldly being;ser de otro mundo
Otto Godblessed;Otto bendito
Ouditor;auditor
Ouhai;Ohai
Outlaw;Proscrito
Overgrown cat;gato demasiado grande
Overgrown hellcat;Gato infernal demasiado grande
Owl;Búho
Oxi;oxi
Oziach;Ozíach
PKMaster0036;PKMaster0036
Padulah;padulah
Pagida;Pagida
Painted One;uno pintado
Paladin;Paladín
Palmer;Palmero
Pandur Hosidius;Pandur Hosidio
Panning guide;Guía de panorámica
Parasite;Parásito
Parrot;Loro
Parrots;loros
Parroty Pete;Pete loro
Party Pete;fiesta pete
Passive Tar Monster;Monstruo de alquitrán pasivo
Patchy;Irregular de
Patrick;Patricio
Patrolman;Patrullero
Patrolwoman;Guardia
Pauline Polaris;Paulina Polaris
Peaceful barbarian spirit;Espíritu bárbaro pacífico
Peasant;Campesino
Pebble;Guijarro
Pee Hat;Sombrero de orina
Peer the Seer;Mira al vidente
Peksa;peksa
Pelican;Pelícano
Penance Fighter;Luchador de la penitencia
Penance Healer;Sanador de penitencia
Penance Pet;Mascota de penitencia
Penance Queen;Reina de la Penitencia
Penance Ranger;Guardabosques de penitencia
Penance Runner;Corredor de penitencia
Penda;Penda
Penguin;Pingüino
Penguin display;exhibición de pingüinos
Penguin suit;traje de pingüino
Pennant;Banderín
Pentyn;pentyn
Penwie;Penwie
Perdu;Perdón
Perfect gold ore;Mineral de oro perfecto
Perrdur;Perrdur
Perry;Sidra de pera
Pescaling Pax;Pescando Pax
Pestilent Bloat;Hinchazón pestilente
Pet rock;Roca mascota
Peter;Pedro
Petra Fiyed;Petra Fiyed
Petrified Pete;Pete petrificado
Phabelle Bile;Phabelle Bilis
Phantom Hand;Mano fantasma
Phantuwti Fanstuwi Farsight;Phantuwti Fanstuwi Visión lejana
Pheasant;Faisán
Phials;ampollas
Phileas Rimor;Phileas Rimor
Philipe Carnillean;Philippe Carnillean
Phillipa;felipa
Philop;filope
Phingspet;Phingspet
Phluxia bat;Murciélago Phluxia
Phoenix;Fénix
Phosani's Nightmare;La pesadilla de Phosani
Phrin Shade;Sombra Phrin
Phrin Shadow;Sombra Phrin
Pierre;Pedro
Pieve;Pieve
Pig;Cerdo
Pig Thing;cosa del cerdo
Piglet;Cerdito
Pile of bones;montón de huesos
Piles;Hemorroides
Pilg;peregrino
Piliar;Piliar
Pillory Guard;Guardia de picota
Ping;Silbido
Pipistrelle Draynar;Pipistrelle Draynar
Pirate;Pirata
Pirate Guard;Guardia Pirata
Pirate Jackie the Fruit;Pirata Jackie la fruta
Pirate Pete;Pete pirata
Pit Scorpion;Escorpión de pozo
Pizazz Hat;Sombrero de pizzazz
Plague cow;vaca plaga
Plague frog;rana plaga
Poison Salesman;Vendedor de veneno
Poison Scorpion;escorpión venenoso
Poison spider;araña venenosa
Polar eagle;Águila polar
Polmafi Ferdygris;Polmafi Ferdygris
Poltenip;Poltenip
Pong;Apestar
Pontak;Pontak
Ponts the Bridgemaster;Ponts el maestro de puentes
Poor looking man;hombre de pobre aspecto
Poor looking woman;mujer de aspecto pobre
Porazdir;Porazdir
Port Official;Oficial Portuario
Port worker;trabajador portuario
Portal;Portal
Portal of Death;Portal de la muerte
Portobello;Portobello
Possessed Priest;Sacerdote poseído
Possessed pickaxe;pico poseído
Postie Pete;Pete Postie
Pox;Viruela
Prael bat;murciélago prael
Praistan Ebola;Ébola en Praistán
Prayer tutor;tutor de oración
Preswylwyr Dall;Preswylwyr Dall
Prickly kebbit;Kebbit espinoso
Priest;Sacerdote
Priestess Zul-Gwenwynig;Sacerdotisa Zul-Gwenwynig
Prifddinas guard;Guardia de Prifddina
Primula;Prímula
Prince Ali;Príncipe Alí
Prince Black Dragon;Príncipe Dragón Negro
Prince Brand;Marca Príncipe
Princess Astrid;princesa astrid
Prison Pete;prisión pete
Prisoner;Prisionero
Prissy Scilla;Scilla remilgada
Private Paldo;Privado Paldo
Private Paldon;Paldón privado
Private Pendron;Pendrón privado
Private Pierreb;Privado Pierreb
Probita;probita
Professor Gracklebone;Profesor Gracklebone
Professor Imblewyn;Profesor Imblewyn
Professor Manglethorp;Profesor Manglethorp
Professor Oddenstein;Profesor Oddenstein
Professor Onglewip;Profesor Onglewip
Prosecutor;Fiscal
Prospector Percy;Prospector Percy
Protest Leader;Líder de la protesta
Protester;Protestador
Psykk bat;murciélago psikk
Puffer Fish;Pez globo
Puffin;Frailecillo
Pumpy;bombeo
Puppadile;cachorro
Purepker895;Purepker895
Purple Pewter Director;Director de peltre morado
Purple Pewter Secretary;Secretario de peltre morado
Pusskins;puskins
Pyramid block;bloque piramidal
Pyrefiend;Pyrefiend
Pyrelord;Pyrelord
Pyromancer;piromante
Quartermaster;Oficial de intendencia
Queen Ellamaria;Reina Ellamaría
Queen Sigrid;Reina Sigrid
Queen Zyanyi Arkan;Reina Zyanyi Arkan
Queen spawn;engendro de reina
Quest Guide;Guía de misiones
Quiz Master;Maestro de pruebas
Qutiedoll;Qutiedoll
R4ng3rNo0b889;R4ng3rNo0b889
Rabbit;Conejo
Raccoon;Mapache
Rachael;raquel
Radat;Radat
Radigad Ponfit;Radigad Ponfit
Radimus Erkle;Radimus Erkle
Radu;radu
Raeli;raeli
Raetul;Raetul
Ragnar;ragnar
Ragnvald;Ragnvald
Rakkar;Rakkar
Ram;RAM
Ramara du Croissant;Ramara del Croissant
Ramarno;ramarno
Ramocean;ramoceano
Ranael;raniel
Ranalph Devere;Ranalph Devere
Randivor;Randivor
Ranged combat tutor;Tutor de combate a distancia
Ranger;Guardabosque
Ranger (medium);Guardabosques (mediano)
Ranging Guild Doorman;Portero del gremio a distancia
Ranis Drakan;Ranis Drakan
Rannveig;Rannveig
Rantz;Rantz
Raqueel;raquel
Rashiliyia;Rashiliyia
Rasolo;rasolo
Rassain;rassain
Rat;Rata
Rat Burgiss;Burgiss rata
Rauborn;Rauborn
Raulyn;Raulyn
Raum Urda-Stein;Raum Urda-Stein
Ravager;devastador
Raven;Cuervo
Razmire Keelgan;Razmire Keelgan
Razvan;Razván
Reach;Alcanzar
Reacher;Alcanzador
Reanimated TzHaar;TzHaar reanimado
Reanimated abyssal;Abisal reanimado
Reanimated aviansie;Aviana reanimada
Reanimated bear;oso reanimado
Reanimated bloodveld;Manto de sangre reanimado
Reanimated chaos druid;Druida del caos reanimado
Reanimated dagannoth;Dagannoth reanimado
Reanimated demon;Demonio reanimado
Reanimated demon spawn;Engendro de demonio reanimado
Reanimated dog;perro reanimado
Reanimated dragon;dragón reanimado
Reanimated elf;Elfo reanimado
Reanimated giant;Gigante reanimado
Reanimated goblin;duende reanimado
Reanimated horror;Terror reanimado
Reanimated imp;diablillo reanimado
Reanimated kalphite;Calfita reanimada
Reanimated minotaur;Minotauro reanimado
Reanimated monkey;mono reanimado
Reanimated ogre;Ogro reanimado
Reanimated scorpion;Escorpión reanimado
Reanimated troll;troll reanimado
Reanimated unicorn;Unicornio reanimado
Rebel Archer;Arquero rebelde
Rebel Scout;Explorador rebelde
Rebel Warrior;guerrero rebelde
Recruiter;Reclutador
Red;Rojo
Red Axe Cat;Gato hacha roja
Red Axe Director;Director del hacha roja
Red Axe Henchman;Secuaz del hacha roja
Red Axe Secretary;Secretario del hacha roja
Red Monkey;mono rojo
Red Panda;panda rojo
Red Sheep;oveja roja
Red dragon;dragón rojo
Red fireflies;Luciérnagas rojas
Red salamander;salamandra roja
Redbeard Frank;Frank Barba Roja
Reese;reese
Reeso;reeso
Ref;Árbitro
Refugee;Refugiado
Regath;Regath
Reginald;reginald
Reinald;Reinaldo
Reinn;reinn
Reldak;Reldák
Reldo;Reldo
Relobo Blinyo (logs);Relobo Blinyo (troncos)
Remsai;Remsai
Remus Kaninus;Remus Kanino
Renegade Knight;Caballero renegado
Renegade knight;caballero renegado
Repugnant spectre;Espectro repugnante
Researcher;Investigador
Reshi;Reshi
Resistance Fighter;Luchador de la Resistencia
Respiratory system;Sistema respiratorio
Restless ghost;Fantasma inquieto
Retired sailor;marinero jubilado
Revenant cyclops;cíclope renacido
Revenant dark beast;Bestia oscura retornada
Revenant demon;Demonio aparecido
Revenant dragon;dragón aparecido
Revenant goblin;Duende aparecido
Revenant hellhound;Perro del infierno renacido
Revenant hobgoblin;Duende renacido
Revenant imp;diablillo aparecido
Revenant knight;Caballero renacido
Revenant ork;Orko aparecido
Revenant pyrefiend;Pyrefiend retornado
Rewards Guardian;Guardián de recompensas
Rhazien;Razien
Rhiannon;Rhiannon
Rhoddwr Tan;Rhoddwr Tan
Rhonen;Ródano
Rhyfel;Rhyfel
Richard;ricardo
Richard Flintmaul;Richard Flintmaul
Rick;Almiar
Rick Turpentine;Rick trementina
Ricketty door;puerta desvencijada
Rift guardian;guardián de la grieta
Right head;cabeza derecha
Riki the sculptor's model;Riki el modelo del escultor
Rimae Sirsalis;Rimae Sirsalis
Rind the gardener;Corteza al jardinero
Rionasta;Rionasta
River troll;troll de río
Riyl Shade;Sombra Riyl
Riyl Shadow;Sombra Riyl
Riyl shadow;sombra riyl
Roachey;cucaracha
Roavar;Roavar
Robert Boss;Roberto Boss
Robert O'Reilly;Robert O'Reilly
Robert the Strong;Roberto el fuerte
Robin;Petirrojo
Robyn;Robyn
Rock;Roca
Rock Crab;Cangrejo de roca
Rock Golem;Gólem de roca
Rock lobster;langosta de roca
Rock pile;pila de rocas
Rocks;rocas
Rockslug;babosa de roca
Rocky;Rocoso
Rocnar;Rocnar
Rod Fishing spot;Lugar de pesca con caña
Rogue;Pícaro
Rogue Guard;Guardia pícaro
Rohak;Rohak
Rokuh;Rokuh
Rolad;rolad
Rolayne Twickit (hard);Rolayne Twickit (duro)
Romeo;Romeo
Rometti;Rometti
Romily Weaklax;Romily Weaklax
Rommik;rommik
Ron Gadderanks;Ron Gadderanks
Rooster;Gallo
Root;Raíz
Rory;rory
Rosie;Rosie
Ross;ross
Ross and Ben;ross y ben
Rowdy Guard;Guardia ruidosa
Rowdy dwarf;enano ruidoso
Rowdy slave;esclavo ruidoso
Roy;roy
Roy jr.;Roy jr.
Royal Guard;Guardia Real
Ruantun;Ruantún
Ruby harvest;Cosecha de rubíes
Rufus;Rufo
Rug Merchant;Comerciante de alfombras
Runa;runa
Rune dragon;dragón runa
Runite Golem;Golem de runita
Runite Minor;Runita menor
Runite ore;mineral de runita
Runolf;Runolf
Runvastr;Runvastr
Rupert the Beard;Ruperto la Barba
Rusty;Oxidado
Saba;Sabá
Sabeil;Sabil
Saboteur;Saboteador
Sabre-toothed kebbit;Kebbit dientes de sable
Sabre-toothed kyatt;Kyatt dientes de sable
Sabreen;sable
Sacrifice;Sacrificio
Sadwrn;triste
Saeros;Saeros
Saeth;Saeth
Safalaan Hallow;Reliquia de Safalaan
Safta Doc;Doctor Safta
Sagira;sagira
Sailor;Marinero
Salarin the twisted;salarín el retorcido
Salenab;Salenab
Salgant;salgante
Sam;Sam
Sammy Servil;Sammy Servil
San Fan;San Fan
San Tojalon;San Tojalón
Sand Crab;Cangrejo de arena
Sand Snake;Serpiente de arena
Sand Snake (hard);Serpiente de arena (difícil)
Sand storm;tormenta de arena
Sandicrahb;sandicrahb
Sandwich lady;señora sándwich
Sandy;Arenoso
Sandy Boulder;Roca arenosa
Sandy rocks;Rocas arenosas
Sanfew;sanfew
Sani Piliu;Sani Piliu
Saniboch;saniboch
Santiri;Santiri
Sapphire glacialis;Zafiro glacial
Sarachnis;sarachnis
Saradomin priest;sacerdote saradomin
Saradomin wizard;mago saradomin
Saradominist recruiter;Reclutador saradominista
Sarah;sara
Sarble;Sarble
Sarius Guile;Sarius Guile
Saro;saro
Sassilik;sassilik
Savant;Sabio
Sawmill Operator;Operador de Aserradero
Sawmill operator;operador de aserradero
Sbott;sbott
Scabaras;Scabaras
Scarab mage;mago escarabajo
Scarab swarm;enjambre de escarabajos
Scarabs;escarabajos
Scared skavid;Skavid asustado
Scarg;cicatriz
Scavenger beast;bestia carroñera
Scavvo;scavvo
Schoolboy;Colegial
Schoolgirl;Colegiala
Scion;Vástago
Scorpia;Escorpio
Scorpia's guardian;guardián de escorpia
Scorpia's offspring;La descendencia de Escorpia
Scorpion;Escorpión
Scout;Explorar
Screaming banshee;alma en pena gritando
Screaming twisted banshee;Gritando alma en pena retorcida
Scrubfoot;Pie de fregado
Sea Snake Hatchling;Cría de serpiente marina
Sea Snake Young;Serpiente Marina Joven
Sea Troll General;General trol marino
Sea Troll Queen;Reina trol marino
Sea slug;babosa de mar
Sea slugs display;Exhibición de babosas marinas
Sea troll;troll de mar
Seagull;Gaviota
Seaman Lorris;marinero lorris
Seaman Morris;marinero morris
Seaman Thresnor;Marinero Thresnor
Secretary;Secretario
Security Guard;Guardia de seguridad
Seddu;sedu
Sedridor;Sedridor
Seer;Vidente
Selena;selena
Selene;selene
Seravel;Seravel
Seren;serenidad
Sergeant;Sargento
Sergeant Damien;Sargento Damián
Sergeant Grimspike;Sargento Grimspike
Sergeant Mossfists;Sargento Puños de Moss
Sergeant Ricardo;sargento ricardo
Sergeant Sambur;Sargento Sambur
Sergeant Slimetoes;Sargento Slimetoes
Sergeant Steelwill;Sargento Steelwill
Sergeant Strongstack;Sargento Strongstack
Sergiu;Sergio
Servant;Servidor
Servery assistant;asistente de servicio
Seth;set
Seth Groats;Seth Granos
Shade;Sombra
Shade Spirit;Espíritu de sombra
Shadow;Sombra
Shadow Hound;Sabueso de las sombras
Shadow Wyrm;Vermis de las Sombras
Shadow spider;Araña sombra
Shadow warrior;guerrero de las sombras
Shadowy figure;figura sombría
Shady figure;figura sombría
Shaeded Beast;Bestia sombreada
Shamus;Shamus
Shanomi;Shanomi
Shantay;shantay
Shantay Guard;Guardia Shantay
Sharimika;sharimika
Shark;Tiburón
Shayda;Shayda
Shayzien Infiltrator;Infiltrado Shayzien
Sheep;Oveja
Sheepdog;Perro pastor
Sherlock;sherlock
Sheryl;sheryl
Shield master;Maestro del escudo
Shifter;palanca de cambios
Shilop;Shilop
Shipyard worker;trabajador de astillero
Shiratti the Custodian;Shiratti el Custodio
Shop assistant;Asistente de tienda
Shop keeper;encargado de la tienda
Shura;Shura
Siamun;Siamón
Sian;Sian
Sid;sid
Siegfried Erkle;Siegfried Erkle
Sigbert the Adventurer;Sigberto el Aventurero
Sigismund;Segismundo
Sigli the Huntsman;Sigli el cazador
Sigmund;Sigmund
Sigmund The Merchant;Sigmund el mercader
Sigmund and Zanik;Sigmund y Zanik
Signy;signy
Sigurd;Sigurd
Sil'as Dahcsnu;Sil'as Dahcsnu
Silk merchant;comerciante de seda
Silk trader;comerciante de seda
Silver Cog Director;Director de plata
Silver Cog Secretary;Secretario de plata
Silver merchant;comerciante de plata
Silver ore;mineral de plata
Simon;Simón
Simon Templeton;Simón Templeton
Simona;simona
Sin Seer;Vidente del pecado
Sinclair;Sinclair
Sinclair Guard dog;Perro guardián Sinclair
Sinco Doar;Sinco Doar
Sinister Stranger;Extraño siniestro
Sir Amik Varze;Sir Amik Varze
Sir Bedivere;Señor Bedivere
Sir Carl;señor carl
Sir Gawain;Señor Gawain
Sir Harry;señor harry
Sir Jerro;señor jerro
Sir Kay;señor kay
Sir Kuam Ferentse;Sir Kuam Ferentse
Sir Lancelot;Señor Lanzarote
Sir Leye;señor leye
Sir Lucan;señor lucano
Sir Mordred;Señor Mordred
Sir Palomedes;señor palomedes
Sir Pelleas;Señor Pelléas
Sir Percival;señor percival
Sir Prysin;Señor Prysin
Sir Rebral;Señor Rebral
Sir Ren Itchood;Señor Ren Itchhood
Sir Renitee;Señor Renitee
Sir Spishyus;Señor Spishyus
Sir Tiffy Cashien;Señor Tiffy Cashien
Sir Tinley;señor tinley
Sir Tristram;Señor Tristram
Sir Vyvin;señor vyvin
Sirsal Banker;banquero sirsal
Sister Aseret;Hermana Aseret
Sister Naoj;hermana naoj
Sister Salohcin;Hermana Salohcin
Sister Scarophia;Hermana Scarofía
Sister Senga;Hermana Senga
Sister Sevi;Hermana Sevi
Sister Soul Jar;Tarro del alma hermana
Sister Toen;hermana toen
Sister Yram;hermana yram
Sithik Ints;Ints Sithik
Skavid;escavido
Skeletal Mystic;Místico esquelético
Skeletal Wyvern;Wyvern esquelético
Skeletal miner;minero esquelético
Skeleton;Esqueleto
Skeleton Champion;Campeón esqueleto
Skeleton Hellhound;Perro del infierno esqueleto
Skeleton Hellhound (hard);Perro del infierno esqueleto (difícil)
Skeleton Mage;Mago esqueleto
Skeleton brute;esqueleto bruto
Skeleton fremennik;esqueleto fremennik
Skeleton heavy;esqueleto pesado
Skeleton hero;Héroe esqueleto
Skeleton mage;Mago esqueleto
Skeleton thug;matón esqueleto
Skeleton warlord;señor de la guerra esqueleto
Skippy;saltarín
Skogre;skogre
Skotizo;Skotizo
Skotos;skotos
Skrach Uglogwee;Skrach Uglogwee
Skraeling;Skraeling
Skulgrimen;skulgrimen
Skuli Myrka;Skuli Myrka
Skullball;bola de calavera
Skullball Boss;Jefe bola de calavera
Skullball Trainer;Entrenador de bolas de calavera
Slagilith;eslagilita
Slagilith (hard);Slagilith (duro)
Slash Bash;Golpe de barra
Slave;Esclavo
Sleeping Monkey;Mono durmiente
Sleeping guard;guardia durmiendo
Sleepwalker;Sonámbulo
Slieve;Slieve
Slim Louie;louie delgado
Slippers;Zapatillas
Sloane;sloan
Slug Hemligssen;Babosa Hemligssen
Slug Prince;Príncipe babosa
Small Lizard;pequeño lagarto
Small ninja monkey;Pequeño mono ninja
Small zombie monkey;Pequeño mono zombie
Smellytoes;Dedos malolientes
Smiddi Ryak (hard);Smiddi Ryak (duro)
Smith;Herrero
Smithing apprentice;aprendiz de herrería
Smoggy;niebla tóxica
Smoke Devil;Diablo de humo
Smoke devil;diablo de humo
Smokin' Joe;Joe fumando
Smolcano;Smolcano
Snail display;exhibición de caracol
Snake;Serpiente
Snakeling;serpiente
Snow;Nieve
Snowflake;Copo de nieve
Snowy knight;caballero nevado
Sofiya;Sofía
Soldier;Soldado
Soldier (tier 1);Soldado (nivel 1)
Soldier (tier 2);Soldado (nivel 2)
Soldier (tier 3);Soldado (nivel 3)
Soldier (tier 4);Soldado (nivel 4)
Soldier (tier 5);Soldado (nivel 5)
Solihib;solihib
Solus Dellagar;Solus Dellagar
Solztun;Solztún
Sophanem guard;guardia sophanem
Sophia Hughes;Sofía Hughes
Sorceress;Hechicera
Sorebones;dolor de huesos
Sorin;Sorín
Sorrn;Sorrn
Sotetseg;Sotetseg
Soulless;Sin alma
Sourhog;marmota
Spang;Spang
Spawn;Desovar
Spawn of Sarachnis;Engendro de Sarachnis
Spectator;Espectador
Speedy Keith;Keith veloz
Sphinx;Esfinge
Spice seller;vendedor de especias
Spider;Araña
Spidine;espidina
Spiked Turoth;Turoth con púas
Spin Blades;Cuchillas giratorias
Spined larupia;Larupia espinosa
Spinner;Hilandero
Spinolyp;espinolipo
Spirit Angler;Espíritu pescador
Spirit of Scorpius;Espíritu de Escorpio
Spirit of Zadimus;Espíritu de Zadimo
Spirit tree;árbol espiritual
Spiritual mage;mago espiritual
Spiritual ranger;Guardabosques espiritual
Spiritual warrior;guerrero espiritual
Spit goblin;escupir duende
Spitting Wyvern;Wyvern escupiendo
Splatter;Salpicar
Spotted kebbit;Kebbit manchado
Spria;spria
Spring Elemental;Elemental de primavera
Squire;Escudero
Squire (Intermediate);Escudero (intermedio)
Squire (Novice);Escudero (novato)
Squire (Veteran);Escudero (veterano)
Squirrel;Ardilla
Sraracha;Sraracha
Stag;Ciervo
Stanford;stanford
Stankers;apestosos
Star Sprite;Duende estelar
Starflower;flor de estrella
Starlight;Luz de las estrellas
Steel dragon;dragón de acero
Steve;esteban
Stick;Palo
Stone Guardian;Guardián de piedra
Stone mason;albañil
Stonemason;Albañil
Storm Cloud;Nube de tormenta
Storm cloud;Nube de tormenta
Strange Old Man;Viejo extraño
Strange plant;Planta extraña
Strange watcher;observador extraño
Stranger;Extraño
Straven;Straven
Stray dog;perro callejero
Street urchin;pilluelo de la calle
Strong Ronny;ronny fuerte
Student;Alumno
Stuliette;estuliette
Stumpy;Achaparrado
Stunned Hoop Snake;Serpiente de aro aturdida
Stunted demonic gorilla;Gorila demoníaco atrofiado
Styrmir;Styrmir
Suit of armour;traje de armadura
Sulphur Lizard;Lagarto de azufre
Summer Elemental;Elemental de verano
Summoned Soul;Alma invocada
Summoned Zombie;Zombi invocado
Sune;sol
Superior ghostly thrall;Esclavo fantasmal superior
Superior skeletal thrall;Esclavo esquelético superior
Superior zombified thrall;Esclavo zombificado superior
Supreme Commander;Comandante Supremo
Suqah;Suqa
Surgeon General Tafani;Cirujano General Tafani
Surma;Surma
Surok Magis;Surok Magis
Survival Expert;Experto en supervivencia
Suspect;Sospechar
Suspicious water;Agua sospechosa
Svetlana;svetlana
Svidi;Svidi
Swamp Crab;Cangrejo de pantano
Swamp Priest;Sacerdote del pantano
Swamp frog;Rana de pantano
Swamp lizard;Lagarto de pantano
Swamp snake;serpiente de pantano
Swamp toad;sapo de pantano
Swampy log;tronco pantanoso
Swan;Cisne
Swarm;Enjambre
Sweeper;Barrendero
Swensen the Navigator;Swensen el navegante
Swordchick;pollito espadachín
Sylas;Sylas
Taiman;Taimán
Talia;talía
Taloned Wyvern;Wyvern con garras
Tamayu;Tamayu
Tamble;tambalear
Tanglefoot;Pie enredado
Tanglefoot (hard);Pie enredado (duro)
Tangleroot;raíz de enredo
Tanner;Curtidor
Tanya;tania
Tar Bubbles;Burbujas de alquitrán
Tar Monster;Monstruo de alquitrán
Tarfol quo Maten;Tarfol quo Maten
Target;Objetivo
Taria;taria
Tarik;Tarik
Tarn;Tarn
Tarquin;Tarquín
Tassie Slipcast;Tassie Slipcast
Tati;tati
Tatie;tati
Tau;tau
Taxidermist;taxidermista
Taylor;taylor
Tayten;tayten
Tea seller;vendedor de té
Teacher;Maestro
Teacher and pupil;Maestro y alumno
Ted Rehnison;Ted Rehnison
Tegdak;Tegdak
Tegid;tegid
Tektiny;Tektiny
Tekton;tektón
Tekton (enraged);Tekton (enfurecido)
Telekinetic Guardian;Guardián telequinético
Temple Spider;Araña del templo
Temple guardian;guardián del templo
Tempoross;Temporal
Tentacle;Tentáculo
Tenzing;Tenzing
Teodor;Teodoro
Terror dog;perro terror
Terror dog statue;Estatua del perro terror
Terrorbird;pájaro terrorífico
Terrorbird display;Exhibición del pájaro terror
Terrorchick gnome;gnomo terrorchick
Thakkrad Sigmundson;Thakkrad Sigmundson
The 'Wedge';La 'cuña'
The Beast;la bestia
The Collector;El coleccionista
The Draugen;El Draugen
The Everlasting;El eterno
The Everlasting (hard);El Eterno (difícil)
The Face;la cara
The Fisher King;El rey pescador
The Illusive;lo ilusorio
The Inadequacy;La insuficiencia
The Inadequacy (hard);La insuficiencia (difícil)
The Jormungand;El Jormungand
The Kendal;El Kendall
The Kendal (hard);El Kendal (duro)
The Lady of the Lake;La dama del lago
The Maiden of Sugadinti;La doncella de Sugadinti
The Mimic;La mímica
The Monkey's Aunt;La tía del mono
The Monkey's Uncle;El tío del mono
The Nightmare;La pesadilla
The Queen of Thieves;La reina de los ladrones
The Shaikahan;El Shaikahan
The Untouchable;El intocable
The Untouchable (hard);El intocable (difícil)
Thermonuclear smoke devil;Diablo de humo termonuclear
Thessalia;Tesalia
Thias Leacke;Thias Leacke
Thief;Ladrón
Thing under the bed;cosa debajo de la cama
Thingol;Thingol
Third Age Mage;Mago de la Tercera Edad
Third Age Ranger;Guardabosques de la tercera edad
Third Age Warrior;Guerrero de la Tercera Edad
Thirus;Thirus
Thistle;Cardo
Thomdril;tomdril
Thora;tóra
Thora the Barkeep;Thora la tabernera
Thordur;Tórdur
Thorgel;Thorgel
Thorhild;Thorhild
Thorkel Silkbeard;Thorkel Barba de Seda
Thormac;Thormac
Thorodin;Thorodin
Thorvald the Warrior;Thorvald el guerrero
Thrantax the Mighty;Thrantax el Poderoso
Thrower Troll;Troll lanzador
Thrower troll;troll lanzador
Thug;Matón
Thumpy;Golpeador
Thurgo;Turgo
Thyria;tiria
Tiadeche;Tiadeche
Ticket Merchant;Comerciante de boletos
Ticket dwarf;billete enano
Ticket goblin;Duende del billete
Tide;Marea
Tiles;Azulejos
Tilt;Inclinación
Tim;Timo
Timallus;Timalo
Timble;Timble
Timfraku;Timfrakú
Tin ore;mineral de estaño
Tina;tina
Tindar;Tíndar
Tindel Marchant;Tindel Marchant
Tinsay;tinsay
Tinse Torpe;Torpe de hojalata
Tiny Tempor;Temporal diminuto
Tirrie;tirri
Tjorvi;Tjorvi
Toban;Toban
Toby;toby
Tok-Xil;Tok-Xil
Tolna;Tolná
Tomas Lawry;Tomás Lawry
Tombar;tumbar
Tommy 2-times;tommy 2 veces
Tool Leprechaun;Duende de herramientas
Toothy;con dientes
Topsy;revuelto
Torag the Corrupted;Torag el corrupto
Torbrund;Torbrund
Torcher;Antorcha
Torfinn;Torfinn
Tormented Soul;Alma atormentada
Torrcs;torres
Torrell;torrell
Tortoise;Tortuga
Tortured gorilla;gorila torturado
Tortured soul;alma torturada
Tostig;Tostig
Tough Guy;chico duro
Tower Advisor;Asesor de la torre
Tower Archer;Arquero de la torre
Tower Mage;Mago de la torre
Tower guard;guardia de la torre
Town Crier;Pregonero
Town Guard;Guardia de la ciudad
Toy Doll;muñeca de juguete
Toy Mouse;Ratón de juguete
Toy Soldier;Soldado de juguete
Tracker gnome 1;Gnomo rastreador 1
Tracker gnome 2;Gnomo rastreador 2
Tracker gnome 3;Gnomo rastreador 3
Trade Referee;Árbitro comercial
Trader;Comerciante
Trader Crewmember;Miembro de la tripulación comerciante
Trader Stan;Comerciante Stan
Trader Sven;Comerciante Sven
Traiborn;Traiborn
Trainee Guard;Guardia en prácticas
Trainer Nacklepen;Entrenador Nacklepen
Tramp;Vagabundo
Trapped Soul;Alma atrapada
Trapped Soul (hard);Alma atrapada (difícil)
Traxi;traxi
Treacle;Melaza
Treasure fairy;hada del tesoro
Tree;Árbol
Tree spirit;Espíritu del árbol
Tree spirit (hard);Espíritu de árbol (difícil)
Trees;Árboles
Trefaji;Trefaji
Treus Dayth;Treus Dayth
Treus Dayth (hard);Treus Dayth (difícil)
Treznor;Treznor
Tribal Weapon Salesman;Vendedor de armas tribales
Tribesman;Miembro de una tribu
Tristan;Tristán
Trobert;troberto
Trogen Konungarde;Trogen Konungarde
Troll;Gnomo
Troll child;niño troll
Troll father;padre troll
Troll general;general troll
Troll mother;madre troll
Troll spectator;Espectador troll
Trolley;Carretilla
Tropical wagtail;lavandera tropical
Trossa;Trosa
Trufitus;Trufitus
Tstanon Karlak;Tstanon Karlak
Turael;tural
Turbogroomer;turboafilador
Turgall;Turgal
Turgok;Turgok
Turgon;Turgón
Turoth;turot
Tutab;Tutab
Twig;Ramita
Twiggy O'Korn;Twiggy O'Korn
Twisted Banshee;alma en pena retorcida
Two-pints;Dos pintas
Tyke;Perro de calle
Tynan;Tynan
Typhor;tíforo
Tyras Guard;Guardia de Tyras
Tyras guard;Guardia de Tyra
Tyss;tiss
Tz-Kek;Tz-Kek
Tz-Kih;Tz-Kih
TzHaar-Hur;TzHaar-Hur
TzHaar-Hur-Lek;TzHaar-Hur-Lek
TzHaar-Hur-Rin;TzHaar-Hur-Rin
TzHaar-Hur-Tel;TzHaar-Hur-Tel
TzHaar-Hur-Zal;TzHaar-Hur-Zal
TzHaar-Ket;TzHaar-Ket
TzHaar-Ket-Keh;TzHaar-Ket-Keh
TzHaar-Ket-Rak;TzHaar-Ket-Rak
TzHaar-Ket-Yil;TzHaar-Ket-Yil
TzHaar-Ket-Zuh;TzHaar-Ket-Zuh
TzHaar-Mej;TzHaar-Mej
TzHaar-Mej-Bal;TzHaar-Mej-Bal
TzHaar-Mej-Dir;TzHaar-Mej-Dir
TzHaar-Mej-Jal;TzHaar-Mej-Jal
TzHaar-Mej-Kah;TzHaar-Mej-Kah
TzHaar-Mej-Roh;TzHaar-Mej-Roh
TzHaar-Xil;TzHaar-Xil
TzKal-Zuk;TzKal-Zuk
TzRek-Jad;TzRek-Jad
TzRek-Zuk;TzRek-Zuk
TzTok-Jad;TzTok-Jad
Ug;ug
Uglug Nar;Uglug Nar
Ugthanki;ugthanki
Ulfric;Ulfrico
Ulifed;Ulifedo
Ulizius;Ulizius
Ulsquire Shauncy;Ulsquire Shauncy
Undead Druid;Druida no muerto
Undead Lumberjack;Leñador no muerto
Undead Zealot;Fanático no-muerto
Undead chicken;pollo no-muerto
Undead cow;vaca no muerta
Undead one;uno no-muerto
Undead tree;árbol no-muerto
Undor;Undor
Unferth;Unferth
Ungadulu;Ungadulu
Unicorn;Unicornio
Unicorn Foal;Potro Unicornio
Unicow;Unicow
Unnamed troll child;Niño troll sin nombre
Uodai;Uodai
Ur-lun;Ur-lun
Ur-meg;Ur-meg
Ur-pel;Urpel
Ur-taal;Ur-taal
Ur-tag;etiqueta ur
Ur-vass;Ur-vass
Ur-zek;Ur-zek
Urbi;urbí
Uri;uri
Urium Shade;Sombra de uranio
Urium Shadow;Sombra de uranio
Usi;usi
Utrec;Utrec
Uurrak quo Narga;Uurrak quo Narga
Uwogo;uwogo
Uyoro;Uyoro
Vaeringk;Väeringk
Vaire;vaire
Valaine;valaine
Valantay Eppel (medium);Valantay Eppel (mediano)
Valentin Rasputin;Valentín Rasputín
Valentina Diaemus;Valentina Diaemus
Valeria;valeria
Valgerd;Valgerd
Vallessia Dracyula;Vallesia Dracyula
Vallessia von Pitt;Vallesia von Pitt
Vampyre Juvenile;vampiro juvenil
Vampyre Juvinate;Juvinate vampiro
Vampyressa van Von;Vampyressa van Von
Vampyric hound;Perro vampírico
Vampyrus Diaemus;Vampiro Diaemus
Vanescula Drakan;Vanescula Drakan
Vanessa;vanessa
Vanguard;Vanguardia
Vanligga Gastfrihet;Vanligga Gastfrihet
Vannah;Vanna
Vannaka;vannaka
Vanstrom Klause;Klause Vanstrom
Varrian Sobak;Varrian Sobak
Vasa Minirio;Vasa Minirio
Vasa Nistirio;Vasa Nistirio
Vasile;Vasile
Vasquen;Vasquén
Veliaf Hurtz;Velia Hurtz
Velorina;velorina
Velrak the explorer;Velrak el explorador
Venenatis;venenatis
Venenatis spiderling;Arañita Venenatis
Veos;veos
Vera;vera
Verac the Defiled;Verac el Profanado
Verak;Verak
Vermundi;vermundi
Veronica;Verónica
Vertida Sefalatis;Vertida Sefalatis
Verzik Vitur;Verzik Vitur
Vespina;vespina
Vespine soldier;soldado vespino
Vespula;vespula
Vestri;vestir
Vet'ion;Veterinaria
Vet'ion Jr.;Vet'ion Jr.
Vet'ion Reborn;Vet'ion Reborn
Victor;Vencedor
Vigr;Vigr
Vigroy;Vigroy
Villager;Aldeano
Villia;villa
Violetta Sanguine;Violetta Sanguina
Vitreous Jelly;Jalea vítrea
Vitreous warped Jelly;Jalea vítrea deformada
Viyeldi;Viyeldi
Vlad Bechstein;Vlad Bechstein
Vlad Diaemus;Vlad Diaemus
Vladimir;Vladímir
Voice of Yama;Voz de Yama
Void Knight;Caballero del Vacío
Volf Olafson;Volf Olafson
Von van Von;von van von
Vonnetta Varnis;Vonnetta Varnis
Vorkath;Vorkath
Vorki;Vorki
Vormar Vakan;Vormar Vakan
Vornas quo Maten;Vornas quo Maten
Vortas quo Keran;Vortas quo Keran
Vritra;Vritra
Vulcan Orvoros;Vulcano Orvoros
Vulture;Buitre
Vyre Orator;Orador de Vyre
Vyrelady;Vyrelady
Vyrelord;Vyrelord
Vyrewatch;Vyrewatch
Vyrewatch Sentinel;Centinela Vyrewatch
Wagchin;wagchin
Wall beast;Bestia de la pared
Wallasalki;Wallasálki
Wally;Criajo
Wanderer;Vagabundo
Wandering impling;implicación errante
Warped Jelly;Jalea deformada
Warrior;Guerrero
Warrior of Murahs;Guerrero de Murahs
Warrior woman;mujer guerrera
Watchman;Sereno
Watchtower Wizard;Asistente de la Atalaya
Water elemental;elemental de agua
Water wizard;mago del agua
Waterfiend;demonio del agua
Watson;watson
Waydar;waydar
Waymottin;waymottin
Wayne;Wayne
Weakened Delrith;Delrith debilitado
Weaponsmaster;Maestro de armas
Weird Old Man;viejo raro
Well-armed Foe;Enemigo bien armado
Wemund;Wemund
Wengra quo Sihar;Wengra quo Sihar
Werewolf;Hombre-lobo
Wesley;wesley
Weve;Hemos
Whirlpool;Torbellino
White Chisel Director;Director de cincel blanco
White Chisel Secretary;Secretaria de cincel blanco
White Knight;Caballero Blanco
White golem;golem blanco
White wolf;lobo blanco
Wild dog;perro salvaje
Wild kebbit;Kebbit salvaje
Will o' the wisp;Voluntad del fuego fatuo
William;Guillermo
Willow;Sauce
Wilough;Wilough
Wilson;wilson
Wily cat;gato astuto
Wily hellcat;gato astuto
Winelda;vinilda
Wingman Skree;Wingman Skree
Wingstone;Piedra de ala
Winkin;guiño
Winter Elemental;Elemental de invierno
Winter Soldier;Soldado de invierno
Wintertoad;sapo de invierno
Wise Old Man;Viejo sabio
Wise Young Man;joven sabio
Wiskit;wiskit
Wistan;wistán
Witch;Bruja
Witch's cat;gato de bruja
Witch's experiment;El experimento de la bruja.
Witch's experiment (fourth form);Experimento de la bruja (cuarto curso)
Witch's experiment (fourth form) (hard);Experimento de la bruja (cuarta forma) (difícil)
Witch's experiment (hard);El experimento de la bruja (difícil)
Witch's experiment (second form);Experimento de la bruja (segunda forma)
Witch's experiment (second form) (hard);Experimento de la bruja (segunda forma) (difícil)
Witch's experiment (third form);Experimento de la bruja (tercera forma)
Witch's experiment (third form) (hard);Experimento de la bruja (tercera forma) (difícil)
Witchaven villager;Aldeano de Witchaven
Wizard;Mago
Wizard Akutha;Mago Akutha
Wizard Cromperty;Mago Cromperty
Wizard Distentor;Distentor mago
Wizard Frumscone;Mago Frumscone
Wizard Grayzag;Mago Grayzag
Wizard Mizgog;Mago Mizgog
Wizard Sinina;Mago Sinina
Wolf;Lobo
Wolfbone;Hueso de lobo
Woman;Mujer
Woman-at-arms (hard);Mujer de armas (duro)
Wood Dryad;Dríada de madera
Woodsman tutor;Profesor de leñador
Workman;Obrero
Wormbrain;cerebro de gusano
Wounded soldier;soldado herido
Wurbel;Wurbel
Wydin;Wydin
Wyrm;Wyrm
Wyson the gardener;Wyson el jardinero
Wyvern display;Exhibición de wyvern
Xamphur;Xamphur
Xarpus;Xarpus
Xorrah quo Sihar;Xorrah quo Sihar
Yadviga;Yadviga
Yak;Yak
Yanni Salika;Yanni Salika
Yarsul;yarsul
Yellow Fortune Director;Directora de la Fortuna Amarilla
Yellow Fortune Secretary;Secretario de la Fortuna Amarilla
Yellow Sheep;oveja amarilla
Yellow Snow;Nieve Amarilla
Yenrab;yenrab
Yeti;yeti
Ymladd;ymlad
Yohnus;Yohnus
Young 'un;jovencito
Young impling;joven implicado
Youngllef;jovenllef
Yrsa;yrsa
Ysbeid;Ysbeid
Ysgawyn;ysgawyn
Ystwyth;Ystwyth
Yt-HurKot;Yt-HurKot
Yt-MejKot;Yt-MejKot
Yulf Squecks;Yulf chillidos
Yuri;yuri
Zakl'n Gritch;Zakl'n Gritch
Zalcano;Zalcano
Zamorak crafter;Artesano zamorak
Zamorak mage;mago zamorak
Zamorak ranger;guardabosques zamorak
Zamorak warrior;guerrero zamorak
Zamorak wizard;mago zamorak
Zogre;zogre
Zoja;zoya
Zombie;Zombi
Zombie pirate;Pirata zombi
Zombie rat;rata zombi
Zombie swab;hisopo zombie
Zombies Champion;Campeón de zombis
Zombified Spawn;Engendro zombificado
Zulrah;Zulra
Zygomite;cigomita
