 Sneaky undead fowl;Smygande odöda höns
'Beedy-eye' Jones;"Beedy-eye" Jones
'Beefy' Burns;"Beefy" Burns
'Betty' B.Boppin;"Betty" B.Boppin
'Bird's-Eye' Jack;"Fågelperspektiv" Jack
'Birds-Eye' Jack;"Birds-Eye" Jack
'Black-eye';"Black-eye"
'Currency' The Alchemist;"Valuta" Alkemisten
'Eagle-eye' Shultz;'Eagle-eye' Shultz
'Gummy';'Klibbig'
'Lecherous' Lee;"Lecherous" Lee
'No fingers';"Inga fingrar"
'Picarron' Pete;"Picarron" Pete
'Sticky' Sanders;"Sticky" Sanders
'The Guns';"The Guns"
'Transmute' The Alchemist;"Omvandla" Alkemisten
1337sp34kr;1337sp34kr 
50% Luke;50% Luke
? ? ? ?;? ? ? ?
A Doubt;Ett tvivel
A pile of broken glass;En hög med krossat glas
A'abla;A'abla
Abbot Langley;Abbot Langley
Aberab;Aberab
Aberrant spectre;Avvikande spöke
Abhorrent spectre;Avskyvärt spöke
Abidor Crank;Abidor Crank
Abigaila;Abigaila
Abigale;Abigale
Abomination;Avsky
Abyssal Sire;Abyssal Sire
Abyssal demon;Abyssal demon
Abyssal guardian;Abyssal väktare
Abyssal leech;Abyssal igel
Abyssal orphan;Abyssal föräldralös
Abyssal walker;Abyssal vandrare
Account Guide;Kontoguide
Account security tutor;Handledare för kontosäkerhet
Achietties;Prestationer
Acidic Bloodveld;Surt blodfält
Acorn;Ekollon
Adamant dragon;Adamant drake
Adamantite ore;Adamantitmalm
Adventurer;Äventyrare
Adventurer (easy);Äventyrare (lätt)
Adventurer Jon;Äventyraren Jon
Advisor Ghrim;Rådgivare Ghrim
Aemad;Aemad
Aeonisig Raispher;Aeonisig Raispher
Afflicted;Drabbad
Afflicted(Razmire);Drabbad (Razmire)
Afflicted(Ulsquire);Drabbad (Ulsquire)
Afrah;Afrah
Aga;Aga
Aggie;Aggie
Agility Boss;Agility Boss
Agility Instructor;Agility instruktör
Agility Trainer;Agility tränare
Agmundi;Agmundi
Agnar;Agnar
Agrith Naar;Agrith Naar
Agrith Naar (hard);Agrith Naar (hård)
Agrith-Na-Na;Agrith-Na-Na
Agrith-Na-Na (hard);Agrith-Na-Na (hårt)
Ahab;Ahab
Ahrim the Blighted;Ahrim den fördärvade
Air elemental;Elementär luft
Air wizard;Air wizard
Aisles;Gångar
Aivas;Aivas
Ajjat;Ajjat
Ak-Haranu;Ak-Haranu
Akthanakos;Akthanakos
Al Shabim;Al Shabim
Al the Camel;Al kamelen
Al-Kharid warrior;Al-Kharid krigare
Alain;Alain
Alan;Alan
Albino bat;Albino fladdermus
Alchemical Hydra;Alkemisk Hydra
Alchemy Guardian;Alchemy Guardian
Alec Kincade;Alec Kincade
Aleck;Aleck
Alek Constantine;Alek Constantine
Alexander;Alexander
Alexandra;Alexandra
Alexis;Alexis
Alfonse the waiter;Kyparen Alfonse
Ali Morrisane;Ali Morrisane
Ali The barman;Ali Barman
Ali the Camel;Kamelen Ali
Ali the Camel Man;Kamelmannen Ali
Ali the Carter;Carter Ali
Ali the Farmer;Bonden Ali
Ali the Guard;Vakten Ali
Ali the Hag;Hagen Ali
Ali the Kebab seller;Kebabsäljaren Ali
Ali the Leaflet Dropper;Broschyrdropparen Ali
Ali the Mayor;Borgmästaren Ali
Ali the Operator;Operatören Ali
Ali the Smith;Smeden Ali
Ali the Snake Charmer;Ormtjusaren Ali
Ali the Tailor;Skräddaren Ali
Ali the dyer;Färgaren Ali
Alice;Alice
Alice the Camel;Kamelen Alice
Alice's husband;Alices man
Allanna;Allana
Almera;Almera
Alomone;Alomone
Alrena;Alrena
Alrik;Alrik
Alry the Angler;Alry sportfiskaren
Altar;Altare
Altarkiz;Altarkiz
Aluft Gianne snr.;Aluft Gianne snr.
Alviss;Alviss
Alwyn;Alwyn
Alyssa;Alyssa
Ambassador Alvijar;Ambassadör Alvijar
Ambassador Ferrnook;Ambassadör Ferrnook
Ambassador Gimblewap;Ambassadör Gimblewap
Ambassador Spanfipple;Ambassadör Spanfipple
Amelia;Amelia
Ammonite Crab;Ammonitkrabba
Amrod;Amrod
Amy;Amy
An old Dwarf;En gammal dvärg
Ana;Ana
Anaire;Anaire
Ancient Fungi;Gamla svampar
Ancient Ghost;Forntida spöke
Ancient Guardian;Forntida väktare
Ancient Wizard;Forntida trollkarl
Ancient Wyvern;Forntida Wyvern
Ancient Zygomite;Forntida Zygomit
Ancient monkey;Forntida apa
Andiess Juip;Andiess Juip
Andras;Andras
Andrea;Andrea
Andros Mai;Andros Mai
Aneirin;Aneirin
Angel;Ängel
Angelo;Angelo
Angry barbarian spirit;Arg barbaranda
Angry bear;Arg björn
Angry giant rat;Arg jätteråtta
Angry goblin;Arg troll
Angry unicorn;Arg enhörning
Animated Adamant Armour;Animerad Adamant Armor
Animated Black Armour;Animerad svart rustning
Animated Bronze Armour;Animerad bronsrustning
Animated Iron Armour;Animerad järnrustning
Animated Mithril Armour;Animerad Mithril Armor
Animated Rune Armour;Animerad Rune Armor
Animated Steel Armour;Animerad stålrustning
Animated spade;Animerad spade
Animated steel armour;Animerad stålpansar
Anita;Anita
Anja;Anja
Ankou;Ankou
Anleif;Anleif
Anna;Anna
Anna Jones;Anna Jones
Anne Isaakson;Anne Isaakson
Annette;Annette
Annoyed guardian mummy;Irriterad vårdnadshavare
Anton;Anton
Anwen;Anwen
Apmeken;Apmeken
Apothecary;Apotekare
Apprentice;Lärling
Apprentice (medium);Lärling (medium)
Apprentice workman;Lärling arbetare
Aranwe;Aranwe
Archaeological expert;Arkeologisk expert
Archaeologist;Arkeolog
Archeio;Archeio
Archer;Archer
Archpriest of the Unicorn;Enhörningens ärkepräst
Arcis;Arcis
Aredhel;Aredhel
Aretha;Aretha
Arhein;Arhein
Arianwyn;Arianwyn
Arianwyn (hard);Arianwyn (hård)
Aristarchus;Aristarchus
Armadylean guard;Armadylean vakt
Armod;Armod
Armour salesman;Pansarförsäljare
Armoured Foe;Pansarfiende
Armourer (tier 1);Armourer (nivå 1)
Armourer (tier 2);Armourer (nivå 2)
Armourer (tier 3);Armourer (tier 3)
Armourer (tier 4);Armourer (tier 4)
Armourer (tier 5);Armourer (tier 5)
Army Commander;Arméchef
Arno;Arno
Arnold Lydspor;Arnold Lydspor
Arnor;Arnor
Arrg;Arrg
Arrg (hard);Arrg (hårt)
Arsen the Thief;Arsen tjuven
Art;Konst
Art Critic Jacques;Konstkritiker Jacques
Arthur;Arthur
Arthur the Clue Hunter;Arthur ledtrådsjägaren
Artimeus;Artimeus
Artur Hosidius;Artur Hosidius
Arvel;Arvel
Arzinian Avatar of Magic;Arzinian Avatar of Magic
Arzinian Avatar of Ranging;Arzinian Avatar of Ranging
Arzinian Avatar of Strength;Arzinian Avatar of Strength
Arzinian Being of Bordanzan;Arzinian Being of Bordanzan
Ash;Aska
Ashild;Ashild
Askeladden;Askeladden
Assassin;Mördare
Assistant;Assistent
Assistant Brock;Assistent Brock
Assistant Le Smith;Assistent Le Smith
Assistant Lori;Assistent Lori
Assistant Marrow;Assistent Märg
Assistant Serf;Assisterande Serf
Assistant Stan;Assistent Stan
Asteros Arceuus;Asteros Arceuus
Asyff;Asyff
Asyn Shade;Asyn Shade
Asyn Shadow;Asyn Shadow
Asyn shadow;Asyn skugga
Atlas;Atlas
Aubury;Aubury
Auctioneer;Auktionsförrättare
Audmann;Audmann
Auguste;Auguste
Aurel;Aurel
Austri;Österrike
Autumn Elemental;Höstens elementära
Ava;Ava
Avan;Avan
Avatar of Creation;Avatar av skapelsen
Avatar of Destruction;Avatar av förstörelse
Aviansie;Aviansie
Awakened Altar;Uppvaknat altare
Awowogei;Awowogei
Awusah the Mayor;Awusah borgmästaren
Ayesha;Ayesha
Azzanadra;Azzanadra
Baba Yaga;Baba Yaga
Baby Chinchompa;Baby Chinchompa
Baby Mole;Baby mullvad
Baby Mole-rat;Baby mullvadsråtta
Baby Roc;Baby Roc
Baby black dragon;Baby svart drake
Baby blue dragon;Baby blå drake
Baby green dragon;Baby grön drake
Baby impling;Baby impling
Baby red dragon;Baby röd drake
Baby tanglefoot;Baby trasselfot
Badger;Grävling
Bailey;Bailey
Baker;Bagare
Bakuna;Bakuna
Bald Headed Eagle;Skallig örn
Balfrug Kreeyath;Balfrug Kreeyath
Balloon Animal;Ballongdjur
Balloon Toad;Ballongpadda
Bandit;Bandit
Bandit Leader;Banditledare
Bandit champion;Banditmästare
Bandit shopkeeper;Banditaffärsägare
Bandosian guard;Bandosian vakt
Banisoch;Banisoch
Bank guard;Bankvakt
Banker;Bankman
Banker tutor;Bankman handledare
Banknote Exchange Merchant;Sedelväxlingshandlare
Banshee;Banshee
Baraek;Baraek
Barb-tailed kebbit;Taggstjärtad kebbit
Barbara;Barbara
Barbarian;Barbar
Barbarian Warlord;Barbarisk krigsherre
Barbarian guard;Barbarvakt
Bardur;Bårdur
Barfy Bill;Barfy Bill
Barge foreman;Pråmförman
Barge guard;Pråmvakt
Barge workman;Pråm arbetare
Bark Blamish Snail;Bark Blamish Snigel
Barker;Barker
Barlak;Barlak
Barmaid;Bartender
Barman;Bartender
Barnabus Hurma;Barnabus Hurma
Barrelchest;Barrelchest
Barrelchest (hard);Barrelchest (hård)
Barricade;Barrikad
Bartak;Bartak
Bartender;Bartender
Basilisk;Basilisk
Basilisk Knight;Basilisk Knight
Basilisk Sentinel;Basilisk Sentinel
Basilisk Youngling;Basilisk Youngling
Bast;Bast
Bat;Slagträ
Batt Mellamy;Batt Mellamy
Battle mage;Kampmage
Battle tortoise display;Slagsköldpaddsvisning
Baxtorian;Baxtorian
Bear Cub;Björnunge
Bearded gorilla;Skäggig gorilla
Beaver;Bäver
Bed;Säng
Bedabin Nomad;Bedabin Nomad
Bedabin Nomad Fighter;Bedabin Nomad Fighter
Bedabin Nomad Guard;Bedabin nomadvakt
Bedread the bold;Bäddläs det djärva
Bee keeper;Biodlare
Bees!;Bin!
Beggar;Tiggare
Beigarth;Beigarth
Beite;Beite
Bellemorde;Bellemorde
Belona;Belona
Bench;Bänk
Benjamin;Benjamin
Benny;Benny
Bentamir;Bentamir
Bernald;Bernald
Berry;Bär
Berserk barbarian spirit;Bersärk barbaranda
Bert;Bert
Betty;Betty
Biblia;Biblia
Big Dave;Big Dave
Big Snake;Stor orm
Big Wolf;Stor varg
Big frog;Stor groda
BigRedJapan;BigRedJapan
Bill Teach;Bill Teach
Billy;Billy
Billy Goat;Billy Goat
Billy Rehnison;Billy Rehnison
Billy, a guard of Falador;Billy, en vakt från Falador
Bird;Fågel
Bjorn;Björn
Black Cat;Svart katt
Black Guard;Black Guard
Black Guard Berserker;Black Guard Berserker
Black Heather;Svart Ljung
Black Knight;Black Knight
Black Knight Captain;Black Knight Kapten
Black Knight Titan;Black Knight Titan
Black Knight Titan (hard);Black Knight Titan (hård)
Black bear;Svart björn
Black chinchompa;Svart chinchompa
Black demon;Svart demon
Black demon (hard);Svart demon (hård)
Black dragon;Svart drake
Black golem;Svart golem
Black knight;Svart riddare
Black salamander;Svart salamander
Black swan;Svart svan
Black unicorn;Svart enhörning
Black unicorn Foal;Svart enhörningsföl
Black warlock;Svart trollkarl
Blackjack seller;Blackjack säljare
Blaec;Blaec
Blair;Blair
Blandebir;Blandebir
Blanin;Blanin
Blasidar the sculptor;Blasidar skulptören
Blast Furnace Foreman;Masugnsförman
Blessed giant rat;Välsignade jätteråtta
Blessed spider;Välsignad spindel
Bloated Toad;Uppsvälld padda
Blood Blamish Snail;Blood Blamish Snigel
Blood spawn;Blod leker
Bloodhound;Blodhund
Bloodveld;Bloodveld
Bloodworm;Blodmask
Blue Monkey;Blå apa
Blue Opal Director;Blue Opal Director
Blue Opal Secretary;Blå Opal Sekreterare
Blue Sheep;Blå får
Blue dragon;Blå drake
Blurberry;Blurberry
Boar;Vildsvin
Boat;Båt
Bob;Guppa
Bob Barter (herbs);Bob Barter (örter)
Bob, another guard of Falador;Bob, en annan vakt från Falador
Bobawu;Bobawu
Bobbing fossil;Gubbande fossil
Body Golem;Kropp Golem
Bolkoy;Bolköy
Bologa;Bologa
Bolongo;Bolongo
Bonafido;Bonafido
Boneguard;Benvakt
Bones;Ben
Bonzara;Bonzara
Bonzo;Bonzo
Boot;Känga
Border Guard;Gränsbevakning
Boris;Boris
Bork Sigmundson;Bork Sigmundson
Borrokar;Borrokar
Boulder;Flyttblock
Bouncer;Baddare
Bouncer (hard);Bouncer (hård)
Bouquet Mac Hyacinth;Bukett Mac Hyacinth
Bow and Arrow salesman;Pilbågeförsäljare
Boy;Pojke
Brambickle;Brambickle
Brana;Brana
Branwen;Branwen
Brassican Mage;Brassisk magiker
Bravek;Bravek
Brawler;Brawler
Bree;Bree
Breive;Breive
Brendt;Brendt
Breoca;Breoca
Brewer;Bryggare
Brian;Brian
Brian O'Richard;Brian O'Richard
Briget;Briget
Brimstail;Brimstail
Brine rat;saltlake råtta
Broddi;Broddi
Broken Handz;Broken Handz
Broken clay golem;Bruten lergolem
Bronze dragon;Brons drake
Broodoo victim;Broodoo offer
Brother Aimeri;Broder Aimeri
Brother Althric;Broder Althric
Brother Brace;Broder Brace
Brother Cedric;Broder Cedric
Brother Jered;Broder Jered
Brother Kojo;Bror Kojo
Brother Maledict;Broder Maledict
Brother Omad;Broder Omad
Brother Tranquility;Broder Tranquility
Brown Engine Director;Brown Engine Director
Brown Engine Secretary;Brun motorsekreterare
Brugsen Bursen;Brugsen Bursen
Bruise Blamish Snail;Blåmärke Blamish Snigel
Brundt the Chieftain;Hövdingen Brundt
Brutal black dragon;Brutal svart drake
Brutal blue dragon;Brutal blå drake
Brutal green dragon;Brutal grön drake
Brutal red dragon;Brutal röd drake
Bryn;Bryn
Bryophyta;Bryophyta
Bugs;Buggar
Builder;Byggmästare
Buinn;Buinn
Bullrush;Bullrush
Bunkdo;Bunkdo
Bunkwicket;Bunkwicket
Bunny;Kanin
Burkor;Burkor
Burntmeat;Bränt kött
Burntof;Burntof
Bush snake;Bush orm
Butler;Butler
Butler Jarvis;Butler Jarvis
Butler Jones;Butler Jones
Butterfly;Fjäril
Cabin Boy Colin;Cabin Boy Colin
Cabin Boy Herbert;Cabin Boy Herbert
Cabin boy;Stugapojke
Cabin boy Jenkins;Hyttpojke Jenkins
Caden Azro;Caden Azro
Caerwyn;Caerwyn
Cage;Bur
Caleb;Caleb
Calin;Calin
Callisto;Callisto
Callisto cub;Callisto unge
Cam the Camel;Cam the Camel
Camarst;Camarst
Camel;Kamel
Camel display;Camel display
Camorra;Camorra
Camp dweller;Lägerbo
Candle maker;Ljusmakare
Candle seller;Ljusförsäljare
Caninelle Draynar;Caninelle Draynar
Cannoneer;Cannoneer
Cap'n Hand;Cap'n Hand
Cap'n Izzy No-Beard;Cap'n Izzy No-Beard
Capt' Arnav;Kapten Arnav
Captain;Kapten
Captain Barnaby;Kapten Barnaby
Captain Bentley;Kapten Bentley
Captain Bleemadge;Kapten Bleemadge
Captain Braindeath;Kapten Braindeath
Captain Bruce;Kapten Bruce
Captain Cain;Kapten Kain
Captain Cleive;Kapten Cleive
Captain Daerkin;Kapten Daerkin
Captain Dalbur;Kapten Dalbur
Captain Donnie;Kapten Donnie
Captain Dudi;Kapten Dudi
Captain Errdo;Kapten Errdo
Captain Ginea;Kapten Ginea
Captain Janaway;Kapten Janaway
Captain Kalt;Kapten Kalt
Captain Khaled;Kapten Khaled
Captain Klemfoodle;Kapten Klemfoodle
Captain Lamdoo;Kapten Lamdoo
Captain Lawgof;Kapten Lawgof
Captain Magoro;Kapten Magoro
Captain Ned;Kapten Ned
Captain Ninto;Kapten Ninto
Captain Pudi;Kapten Pudi
Captain Rachelle;Kapten Rachelle
Captain Rimor;Kapten Rimor
Captain Rovin;Kapten Rovin
Captain Sdiar;Kapten Sdiar
Captain Shanks;Kapten Shanks
Captain Shoracks;Kapten Shoracks
Captain Siad;Kapten Siad
Captain Tobias;Kapten Tobias
Captain Tock;Kapten Tock
Captain Tom;Kapten Tom
Carado;Carado
Caranthir;Caranthir
Carl;Carl
Carla;Carla
Carnivorous chinchompa;Köttätande chinchompa
Carnivus Belamorta;Carnivus Belamorta
Carol;Carol
Caroline;Caroline
Carpenter;Snickare
Carpenter Kjallak;Snickare Kjallak
Cart Camel;Cart Camel
Cart conductor;Vagnledare
Cassie;Cassie
Cat;Katt
Catablepon;Catablepon
Catalina;Catalina
Cave Scenery;Grottlandskap
Cave abomination;Grottans styggelse
Cave bug;Grotta bugg
Cave bug larva;Grottbugglarv
Cave crawler;Grottkrypare
Cave goblin;Grotttroll
Cave goblin child;Cave goblin barn
Cave goblin guard;Grotttrollvakt
Cave goblin miner;Grottgoblin gruvarbetare
Cave horror;Grottskräck
Cave kraken;Cave kraken
Cave lizard;Grottödla
Cave monk;Grottmunk
Cave slime;Grottslem
Cave snake;Grottorm
Cavemouth;Cavemouth
Cavey Davey;Cavey Davey
Cecilia;Cecilia
Celebrian;Kändis
Celegorm;Celegorm
Celyn;Celyn
Centaur;Centaur
Ceolburg;Ceolburg
Cerberus;Cerberus
Ceril Carnillean;Ceril Carnillean
Cerulean twitch;Cerulean ryckning
Ceto;Ceto
Chadwell;Chadwell
Chaeldar;Chaeldar
Chamber guardian;Kammarvårdare
Chancy;Chancy
Chaos Elemental;Kaos Elemental
Chaos Elemental Jr.;Chaos Elemental Jr.
Chaos Fanatic;Kaosfanatiker
Chaos Golem;Kaos Golem
Chaos druid;Kaos druid
Chaos druid warrior;Kaos druid krigare
Chaos dwarf;Kaos dvärg
Chaotic death spawn;Kaotisk dödsbild
Charles;Charles
Charles Charlington;Charles Charlington
Charley;Charley
Charlie;Charlie
Charlie Brown;Charlie Brown
Charlie the Tramp;Luffaren Charlie
Charlie the cook;Kocken Charlie
Charmed Warrior;Charmed Warrior
Chasm Crawler;Chasm Crawler
Checkal;Checkal
Cheerleader;Cheerleader
Chef Olivia;Kocken Olivia
Chemist;Kemist
Cheryl;Cheryl
Chicken;Kyckling
Chief Farmer;Huvudbonde
Chief Tess;Chef Tess
Chief servant;Övertjänare
Child;Barn
Chinchompa;Chinchompa
Choke devil;Kväva djävulen
Chompy bird;Chompy fågel
Chompy chick;Chompy brud
Chronozon;Chronozon
Chronozon (hard);Chronozon (hårt)
Chuck;Chuck
Cirdan;Cirdan
City guard;Stadsvakt
Civilian;Civil
Clan Guard;Klanvakt
Claude;Claude
Claus the chef;Kocken Claus
Clay golem;Lera golem
Cleaner;Rengöringsmedel
Cleddyf;Cleddyf
Clerk;Kontorist
Clerris;Clerris
Clivet;Clivet
Clockwork cat;Urverk katt
Clothears;Kläder
Co-ordinator;Samordnare
Coal;Kol
Cob;Majskolv
Cockathrice;Cockathrice
Cockatrice;Basilisk
Coenus;Coenus
Col. O'Niall;Överste O'Niall
Colonel Grimsson;Överste Grimsson
Colonel Radick;Överste Radick
Colossal Hydra;Kolossal Hydra
Combat Instructor;Stridsinstruktör
Combat Test;Stridstest
Combat Test (maxhit);Stridstest (maxhit)
Combat stone;Stridssten
Commander Connad;Kommendör Connad
Commander Fullore;Kommendör Fullore
Commander Montai;Kommendör Montai
Commander Veldaban;Kommendör Veldaban
Commander Zilyana;Kommendör Zilyana
Commissioner Anwar;Kommissionär Anwar
Competition Judge;Tävlingsdomare
Confused barbarian;Förvirrad barbar
Confusion beast;Förvirring best
Conrad King;Konrad kung
Conwenna;Conwenna
Cook;Laga mat
Cooking tutor;Matlagning handledare
Cool Mom227;Cool mamma227
Copper longtail;Koppar longtail
Copper ore;Kopparmalm
Corkat quo Sihar;Corkat quo Sihar
Cormorant;Skarv
Cornelius;Cornelius
Corporeal Beast;Corporale odjuret
Corporeal Critter;Korporell Critter
Corpse;Lik
Corrupt Lizardman;Korrupt Lizardman
Corrupt Lizardman (hard);Corrupt Lizardman (hård)
Corrupted Bat;Korrupt Bat
Corrupted Bear;Korrupt björn
Corrupted Dark Beast;Korrupt Dark Beast
Corrupted Dragon;Korrupt drake
Corrupted Hunllef;Fördärvade Hunllef
Corrupted Rat;Korrupt råtta
Corrupted Scorpion;Korrupt skorpion
Corrupted Spider;Korrupt spindel
Corrupted Unicorn;Korrupt Unicorn
Corrupted Wolf;Korrupt varg
Corrupted Youngllef;Korrupt Youngllef
Corrupted scavenger;Korrupt asätare
Corsair Traitor;Corsair Traitor
Corsair Traitor (hard);Corsair Traitor (hård)
Cosmic Being;Kosmiskt väsen
Council workman;Rådsarbetare
Councillor Andrews;Rådman Andrews
Councillor Halgrive;Rådman Halgrive
Councillor Orson;Rådman Örson
Councillor Unkar;Rådman Unkar
Count Check;Räkna Check
Count Draynor;Greve Draynor
Count Draynor (hard);Greve Draynor (hård)
Court judge;Domare
Cow;Ko
Cow (hard);Ko (hård)
Cow calf;Ko kalv
Cow31337Killer;Cow31337Mördare
Cowardly Bandit;Feg bandit
Crab;Krabba
Crafting tutor;Hantverkslärare
Crate;Spjällåda
Crate goblin;Crate goblin
Crawling Hand;Krypande Hand
Crawling hand;Krypande hand
Crazy archaeologist;Galen arkeolog
Creakyknees;Creakyknees
Crefydd;Crefydd
Crimson swift;Crimson swift
Crimsonette van Marr;Crimsonette van Marr
Crocodile;Krokodil
Crondis;Crondis
Crone;Kärring
Crow;Gala
Crunchy;Knaprig
Crusher;Kross
Crushing hand;Krossande hand
Crust of ice;Skorpa av is
Crypt rat;Kryptråtta
Crypt spider;Kryptspindel
Crystal impling;Kristall impling
Crystalline Bat;Kristallinsk fladdermus
Crystalline Bear;Kristallin björn
Crystalline Dark Beast;Kristallint mörkt odjur
Crystalline Dragon;Kristallin drake
Crystalline Hunllef;Kristallin Hunllef
Crystalline Rat;Kristallin råtta
Crystalline Scorpion;Kristallin skorpion
Crystalline Spider;Kristallin spindel
Crystalline Unicorn;Kristallin enhörning
Crystalline Wolf;Kristallin varg
Cuffs;Manschetter
Culinaromancer;Kulinaromantiker
Culinaromancer (hard);Culinromancer (hård)
Curator Haig Halen;Kurator Haig Halen
Curly;Lockig
Curpile Fyod;Curpile Fyod
Curufin;Curufin
Customer;Kund
Customs officer;tulltjänsteman
Cute creature;Söt varelse
Cyclops;Cyklop
Cyreg Paddlehorn;Cyreg Paddlehorn
Cyrisus;Cyrisus
Da Vinci;Da Vinci
Dad;Pappa
Dad (hard);Pappa (hårt)
Daer Krand;Daer Krand
Daero;Daero
Daga;Daga
Dagannoth;Dagannoth
Dagannoth Prime;Dagannoth Prime
Dagannoth Prime Jr.;Dagannoth Prime Jr.
Dagannoth Rex;Dagannoth Rex
Dagannoth Rex Jr.;Dagannoth Rex Jr.
Dagannoth Supreme;Dagannoth Supreme
Dagannoth Supreme Jr.;Dagannoth Supreme Jr.
Dagannoth fledgeling;Dagannoth nybörjare
Dagannoth mother;Dagannoth mamma
Dagannoth mother (hard);Dagannoth mamma (hård)
Dagannoth spawn;Dagannoth spawn
Dakh'thoulan Aegis;Dakh'thoulan Aegis
Dalal;Dalal
Dalcian Fang (easy);Dalcian Fang (lätt)
Dalila;Dalila
Dallas Jones;Dallas Jones
Dalldav;Dalldav
Damaged clay golem;Skadad lergolem
Damien Leucurte;Damien Leucurte
Damis;Damis
Damis (hard);Damis (hård)
Dampe;Dampe
Damwin;Damwin
Dantaera;Dantaera
Darcor quo Narga;Darcor quo Narga
Dark Ankou;Mörk Ankou
Dark Core;Mörk kärna
Dark Mage;Mörk Mage
Dark Squirrel;Mörk ekorre
Dark beast;Mörkt odjur
Dark core;Mörk kärna
Dark energy core;Mörk energikärna
Dark kebbit;Mörk kebbit
Dark mage;Mörk magi
Dark warrior;Mörk krigare
Dark wizard;Mörk trollkarl
Darkmeyer Slave;Darkmeyer slav
Darren;Darren
Dartog;Dartog
Darve;Darve
Daryl;Daryl
Dashing kebbit;Knäckande kebbit
Dave;Dave
Davey;Davey
David;David
David Andrews;David Andrews
Davon;Davon
Dawn;Gryning
Dead Monk;Död munk
Dead swamp snake;Död träsk orm
Deadly red spider;Dödlig röd spindel
Death;Död
Death spawn;Death spawn
Death wing;Dödsvingen
Deathly mage;Dödlig mage
Deathly ranger;Dödlig ranger
Debra;Debra
Defiler;Defiler
Del-Monty;Del-Monty
Delrith;Delrith
Demon;Demon
Demon butler;Demon butler
Demonic gorilla;Demonisk gorilla
Denadu;Denadu
Denath;Denath
Denulth;Denulth
Deranged archaeologist;Förvirrad arkeolog
Derni;Derni
Dernu;Dernu
Derrik;Derrik
Derse Venator;Derse Venator
Derwen;Derwen
Desert Lizard;Öknen ödla
Desert Phoenix;Desert Phoenix
Desert Spirit;Ökenanda
Desert Wolf;Desert Wolf
Desert eagle;Ökenörn
Desert snake;Öken orm
Desmodus Lasiurus;Desmodus Lasiurus
Despoina Callidra;Despoina Callidra
Dessourt;Dessourt
Dessourt (hard);Dessourt (hårt)
Dessous;Dessous
Dessous (hard);Dessous (hårt)
Devan Rutter;Devan Rutter
Deviant spectre;Avvikande spöke
Devin Mendelberg;Devin Mendelberg
Dharok the Wretched;Dharok den eländiga
Diana;Diana
Diango;Diango
Dig Site workman;Gräv plats arbetare
Digsite workman;Digsite arbetare
Dimintheis;Dimintheis
Diol;Diol
Diphylla Bechstein;Diphylla Bechstein
Dire Wolf;Dire Wolf
Disciple of Iban;Lärjunge till Iban
Disciple of Yama;Lärjunge till Yama
Dobwinkle;Dobwinkle
Dock worker;Hamnarbetare
Dockmaster;Dockmaster
Doctor Orbon;Doktor Orbon
Dodgy Squire;Dodgy Squire
Dog;Hund
Doll;Docka
Dominic Onion;Dominic Lök
Dommik;Dommik
Don;Don
Don't Know What;Vet inte vad
Donal;Donal
Dondakan the Dwarf;Dvärgen Dondakan
Donie;Donie
Donny the lad;Donny pojken
Donovan the Family Handyman;Familjehantverkaren Donovan
Doomion;Doomion
Doomsayer;Doomsayer
Door;Dörr
Door man;Dörrman
Door-support;Dörrstöd
Doric;Doriska
Doris;Doris
Double agent;Dubbelagent
Doug Deeping;Doug Deeping
Doyen;Doyen
Dr Fenkenstrain;Dr Fenkenstrain
Dr Ford;Dr Ford
Dr Harlow;Dr Harlow
Dr Jekyll;Dr Jekyll
Draconis Sanguine;Draconis Sanguine
Dragon display;Dragon display
Dragon impling;Dragon impling
Dragonkin;Dragonkin
Drain pipe;Avloppsrör
Drake;Ankbonde
Drasdan Ranor;Drasdan Ranor
Draul Leptoc;Draul Leptoc
Dreven;Dreven
Drew;Drew
Drezel;Drezel
Driftwood;Drivved
Drill Sergeant;Drill Sergeant
Droalak;Droalak
Drogo dwarf;Drogo dvärg
Dromund;Dromund
Dromund's cat;Dromunds katt
Dron;Dron
Druid;Druid
Drunken Ali;Berusade Ali
Drunken Dwarf;Berusad dvärg
Drunken Dwarf's Leg;Drunken Dwarf's Leg
Drunken man;Berusad man
Drunken soldier;Berusad soldat
Dryad;Dryad
Duck;Anka
Duckling;Ankunge
Ducklings;Ankungar
Dugopul;Dugopul
Duke;Hertig
Duke Horacio;Hertig Horacio
Dummy;Dummy
Dumpy;Kort och tjock
Dunce;Dumhuvud
Dung;Dynga
Dungeon rat;Dungeon råtta
Dunstan;Dunstan
Duradel;Duradel
Durgok;Durgok
Dusk;Skymning
Dust devil;Damm djävulen
Dusty Aliv;Dusty Aliv
Dusuri;Dusuri
Dwarf;Dvärg
Dwarf gang member;Dvärggängmedlem
Dwarven Boatman;Dwarven Boatman
Dwarven Engineer;Dvärg ingenjör
Dwarven Ferryman;Dwarven Ferryman
Dwarven Miner;Dwarven Miner
Eadburg;Eadburg
Eadgar;Eadgar
Eagle;Örn
Earth Warrior Champion;Earth Warrior Champion
Earth elemental;Jorden elementär
Earth impling;Jorden implar
Earth warrior;Jordkrigare
Earth wizard;Earth wizard
Earwen;Earwen
Eblis;Eblis
Echned Zekin;Echned Zekin
Eclectic impling;Eklektisk impling
Ed;Ed
Ed Wood;Ed Wood
Edmond;Edmond
Edrahil;Edrahil
Eduard;Eduard
Edward;Edward
Eebel;Eebel
Eek;Eek
Efa;Efa
Effigy;Avbildning
Egg;Ägg
Egg launcher;Äggkastare
Einar;Einar
Eira;Eira
Ek'ans Chan;Ek'ans Chan
Ektheme;Ektema
Eldalote;Eldalote
Elder Chaos druid;Äldste Chaos druid
Elder Gnome child;Äldre Gnome barn
Elder Guard;Äldregardet
Elderly Elf;Äldre tomte
Eldgrim;Eldgrim
Elemental balance;Elementär balans
Elemental rock;Elementär sten
Elena;Elena
Elena Hosidius;Elena Hosidius
Elenwe;Elenwe
Elf Archer;Elf Archer
Elf Hermit;Elf Eremit
Elf Tracker;Elf Tracker
Elf Warrior;Elf Warrior
Elfinlocks;Elfinlocks
Elgan;Elgan
Elijah;Elia
Elisabeta;Elisabeta
Elise;Elise
Elissa;Elissa
Elite Void Knight;Elit Void Knight
Elizabeth;Elizabeth
Elkoy;Elkoy
Elladan;Elladan
Ellen;Ellen
Ellena;Ellena
Ellie;Ellie
Ellis;Ellis
Elly the Camel;Kamelen Elly
Elnock Inquisitor;Elnock inkvisitor
Elsie;Elsie
Elstan;Elstan
Eluned;Eluned
Elvarg;Elvarg
Elvarg (hard);Elvarg (hård)
Elven Scout;alvscout
Embalmer;Balsamerar
Emblem Trader;Emblem Trader
Emerald Benedict;Emerald Benedict
Emilia;Emilia
Emily;Emily
Enakhra;Enakhra
Enchanted Broom;Förtrollad kvast
Enchanted Bucket;Enchanted Bucket
Enchantment Guardian;Enchantment Guardian
Enclave guard;Enklavvakt
Enel;Enel
Enelye;Enelye
Enerdhil;Enerdhil
Energy focus (blue);Energifokus (blått)
Energy focus (green);Energifokus (grön)
Energy focus (red);Energifokus (röd)
Energy focus (white);Energifokus (vit)
Energy sprite;Energisprite
Engineer;Ingenjör
Engineering assistant;Ingenjörsassistent
Enilly;Enilly
Eniola;Eniola
Enoch;Enoch
Enormous Tentacle;Enorm tentakel
Enraged Tektiny;Upprörd Tektiny
Enraged barbarian spirit;Rasande barbaranda
Ent;Ent
Entomologist;Entomolog
Entrana firebird;Entrana eldfågel
Entrance Guardian;Entréväktare
Eodan;Eodan
Eohric;Eohric
Eoin;Eoin
Episcula Helsing;Episcula Helsing
Erdan;Erdan
Erestor;Erestor
Eric;Erik
Ermin;Ermin
Ernest;Ernest
Erodoeht;Erodoeht
Escaping slave;Flyende slav
Essence impling;Essens impling
Essyllt;Essyllt
Essyllt (hard);Essyllt (hårt)
Estate agent;Fastighetsmäklare
Esther;Esther
Ethereal Expert;Eterisk expert
Ethereal Fluke;Eterisk Fluke
Ethereal Guide;Eterisk guide
Ethereal Lady;Eterisk dam
Ethereal Man;Eterisk man
Ethereal Mimic;Eterisk mimik
Ethereal Numerator;Eterisk täljare
Ethereal Perceptive;Eterisk Perceptive
Eudav;Eudav
Eve;Eve
Evil Bob;Onda Bob
Evil Chicken;Ond kyckling
Evil Chicken (hard);Evil Chicken (hård)
Evil Dave;Onda Dave
Evil creature;Ond varelse
Evil spirit;Ond ande
Ewesey;Ewesey
Examiner;Examinator
Executioner;Bödel
Experiment;Experimentera
Experiment No.2;Experiment nr 2
Ezekial Lovecraft;Ezekial Lovecraft
Factory Manager;Fabrikschef
Factory Worker;Fabriksarbetare
Fadli;Fadli
Fairy;Fe
Fairy Aeryka;Fairy Aeryka
Fairy Fixit;Fairy Fixit
Fairy Godfather;Fairy Godfather
Fairy Nuff;Fairy Nuff
Fairy Queen;Fairy Queen
Fairy Very Wise;Fairy Mycket klok
Fairy chef;Feekock
Fairy shop assistant;Fairy butiksbiträde
Fairy shop keeper;Fairy shopkeeper
Fake Man;Falsk man
Fallen Man;Fallen man
Falo the Bard;Falo the Bard
Fancy Dan;Fina Dan
Fanellaman;Fanellaman
Fareed;Fareed
Fareed (hard);Fareed (hårt)
Farid Morrisane (ores and bars);Farid Morrisane (malmer och barer)
Farmer;Jordbrukare
Farmer Brumty;Bonde Brumty
Farmer Fromund;Bonde Fromund
Farmer Gricoller;Bonde Gricoller
Farmer Hayfield;Bonde Hayfield
Farmer's wife;Bondens hustru
Farolt;Farolt
Fat Rocco;Feta Rocco
Fat Tony;Fett Tony
Father Aereck;Fader Aereck
Father Badden;Fader Badden
Father Eysseric;Fader Eysseric
Father Jean;Fader Jean
Father Lawrence;Fader Lawrence
Father Reen;Pappa Reen
Father Urhney;Fader Urhney
Fayeth;Fayeth
Feanor;Feanor
Fear reaper;Skräckskördare
Felfiz Yaryus;Felfiz Yaryus
Felkrash;Felkrash
Female slave;Kvinnlig slav
Femi;Femi
Fenkenstrain's Monster;Fenkenstrains monster
Feral Vampyre;Vild vampyr
Ferd;Ferd
Fernahei;Fernahei
Ferocious barbarian spirit;Grym barbaranda
Ferox;Ferox
Ferret;Snoka
Ferryman Nathwood;Färjman Nathwood
Ferryman Sathwood;Färjeman Sathwood
Fever spider;Feberspindel
Ffoni;Ffoni
Fidelio;Fidelio
Fightslave;Fightslave
Filamina;Filamina
Filliman Tarlock;Filliman Tarlock
Financial Seer;Finansiell seer
Financial Wizard;Finansiell guide
Finarfin;Finarfin
Findis;Findis
Finduilas;Finduilas
Fingolfin;Fingolfin
Fingon;Fingon
Finn;Finn
Fionella;Fionella
Fior;Fior
Fire Warrior of Lesarkus;Eldkrigare från Lesarkus
Fire elemental;Eldelement
Fire giant;Eldjätte
Fire wizard;Brandguide
First Mate Deri;Förste styrman Deri
First Mate Peri;Förste styrman Peri
First mate 'Davey-boy';Förste styrman 'Davey-boy'
Fish;Fisk
Fish monger;Fiskhandlare
Fish shoal;Fiskstim
Fishbowl;Fiskskål
Fisherman;Fiskare
Fisherman Frodi;Fiskaren Frodi
Fishing spot;Fiskeplats
Fishing tutor;Fiskehandledare
Fishmonger;Fiskhandlare
Fiyr Shade;Fiyr Shade
Fiyr Shadow;Fiyr Shadow
Flambeed;Flambeed
Flambeed (hard);Flambeed (hård)
Flaming pyrelord;Flammande pyrelord
Flawed Golem;Felaktig Golem
Flax keeper;Linhållare
Flaygian Screwte;Flaigian Screwte
Flesh Crawler;Flesh Crawler
Flies;Flugor
Flight Kilisa;Flyg Kilisa
Flippa;Flippa
Flockleader Geerin;Flockledaren Geerin
Floki;Floki
Florin;Florin
Flosi Dalksson;Flosi Dalksson
Flower;Blomma
Flower Girl;Blomsterflicka
Fly trap;Flugfälla
Flying Book;Flygande bok
Flying Vespina;Flygande Vespina
Flying female vampire;Flygande kvinnlig vampyr
Flynn;Flynn
Foreman;Förman
Forester;Skogvaktare
Forester (hard);Forester (hård)
Forgotten Soul;Glömd själ
Former Vampyre;Tidigare vampyr
Fornek quo Maten;Fornek quo Maten
Fortress Guard;Fästningsvakt
Fortunato;Fortunato
Fossegrimen;Fossegrimen
Fossil Collector;Fossilsamlare
Fossil Rock;Fossil sten
Fox;Räv
Fragment of Seren;Fragment av Seren
Francis;Francis
Francois;Francois
Frank;Frank
Frankie;Frankie
Franklin Caranos;Franklin Caranos
Freaky Forester;Galna skogsmästare
Freald;Freald
Fred the Farmer;Bonden Fred
Freidir;Freidir
Freja;Freja
Fremennik Warrior;Fremennik Warrior
Frenita;Frenita
Freygerd;Freygerd
Fridgeir;Fridgeir
Fridleif Shieldson;Fridleif Shieldson
Frincos;Frincos
Fritz the Glassblower;Glasblåsaren Fritz
Frizzy Skernip;Frizzy Skernip
Frog;Groda
Frog prince;Grodprins
Frog princess;Groda prinsessa
Frogeel;Frogeel
Froono;Froono
Fuggy;Fuggy
Fullangr;Fullangr
Fungi;Svampar
Fur trader;Pälshandlare
Furnace grate;Ugnsgaller
Fycie;Fycie
Fyiona Fray (easy);Fyiona Fray (lätt)
G.L.O. Caranock;G.L.O. Caranock
GPDT employee;GPDT-anställd
Gabooty;Gabooty
Gabriela;Gabriela
Gadderanks;Gadderanks
Gadrin;Gadrin
Gaius;Gaius
Galahad;Galahad
Galana;Galana
Galathil;Galathil
Galina;Galina
Gallow;Galge
Galvek;Galvek
Gamer;Spelare
Gamfred;Gamfred
Gang boss;Gängboss
Gangster;Gangster
Garai;Garai
Garbek quo Maten;Garbek quo Maten
Garden supplier;Trädgårdsleverantör
Gardener;Trädgårdsmästare
Gardener Ghost;Trädgårdsmästarspöke
Gardener Gunnhild;Trädgårdsmästare Gunnhild
Gardener Jay Jr.;Trädgårdsmästaren Jay Jr.
Gargh;Gargh
Gargoyle;Person med groteskt ansikte
Garkor;Garkor
Garl;Garl
Garth;Garth
Garv;Garv
Gate of War;Krigets port
Gatekeeper;Portvakt
Gauss;Gauss
Gee;Jösses
Gelatinnoth Mother;Gelatinnoth mamma
Gelatinnoth Mother (hard);Gelatinnoth Mother (hård)
Gelin;Gelin
Gelmir;Gelmir
Gem;Pärla
Gem merchant;Ädelstenshandlare
Gem trader;Ädelstenshandlare
Gene;Gen
General Babacus;General Babacus
General Bentnoze;General Bentnoze
General Graardor;General Graardor
General Graardor Jr.;General Graardor Jr.
General Hining;General Hining
General Khazard;General Khazard
General Kilian;General Kilian
General Salara;General Salara
General Vir;General Vir
General Wartface;General Wartface
Generic Diplomat;Generisk diplomat
Genie;Ande
George Laxmeister;George Laxmeister
Georgy;Georgy
Gerald;Gerald
Gerrant;Gerrant
Gertrude;Gertrud
Gertrude's cat;Gertruds katt
Gethin;Gethin
Ghaslor the Elder;Ghaslor den äldre
Ghast;Ghast
Ghommal;Ghommal
Ghost;Spöke
Ghost (?);Spöke (?)
Ghost banker;Spökbankir
Ghost captain;Spökkapten
Ghost disciple;Spöklärjunge
Ghost farmer;Spökbonde
Ghost guard;Spökvakt
Ghost innkeeper;Spökvärdshusvärd
Ghost sailor;Spökseglare
Ghost shopkeeper;Spökhandlare
Ghost villager;Spökbybo
Ghoul;Ond ande
Ghoul Champion;Ghoul Champion
Gianne jnr.;Gianne jnr.
Giant;Jätte
Giant Champion;Jättemästare
Giant Lobster;Jättehummer
Giant Mole;Jätte mullvad
Giant Roc;Jätte Roc
Giant Roc (hard);Giant Roc (hård)
Giant Rock Crab;Jätte stenkrabba
Giant Sea Snake;Jättehavsorm
Giant Squirrel;Jätte ekorre
Giant bat;Jättebat
Giant crypt rat;Jättekryptråtta
Giant crypt spider;Jättekryptspindel
Giant frog;Jättegroda
Giant lobster;Jätte hummer
Giant mosquito;Jättemygga
Giant rat;Jätte råtta
Giant rockslug;Jätte stensnigel
Giant scarab;Jätte skarabé
Giant scarab (hard);Jätte skarabé (hård)
Giant skeleton;Jätteskelett
Giant snail;Jättesnigel
Giant spider;Jätte spindel
Gielinor Guide;Gielinor Guide
Giles;Giles
Gileth;Gileth
Gillie Groats;Gillie Groats
Giral bat;Giral fladdermus
Gita Prymes;Gita Prymes
Gladiator;Gladiator
Glenda;Glenda
Glod;Glod
Glod (hard);Glod (hårt)
Glorfindel;Glorfindel
Glough;Glog
Glouphrie the Untrusted;Glouphrie den otillförlitliga
Gnocci the Cook;Kocken Gnocci
Gnome;Gnome
Gnome Archer;Gnome Archer
Gnome Coach;Gnome Coach
Gnome Driver;Gnome drivrutinen
Gnome Mage;Gnome Mage
Gnome Waiter;Gnome Servitör
Gnome ball referee;Gnome boll domare
Gnome baller;Gnome baller
Gnome banker;Gnome bankir
Gnome child;Gnome barn
Gnome companion;Gnome följeslagare
Gnome emissary;Gnome-sändare
Gnome guard;Gnome vakt
Gnome shop keeper;Gnome butiksinnehavare
Gnome soldier;Gnome soldat
Gnome trainer;Gnome tränare
Gnome traveller;Gnomresenär
Gnome troop;Gnome trupp
Gnome winger;Gnome winger
Gnome woman;Gnome kvinna
Gnormadium Avlafrim;Gnormadium Avlafrim
Gnosi;Gnosi
Goat;Get
Goat Poo;Get Bajs
Goblin;Troll
Goblin Champion;Goblin Champion
Goblin Cook;Goblin Cook
Goblin fish;Goblin fisk
Goblin guard;Goblin vakt
Goblin scribe;Goblin-skrivare
Godric;Godric
Gold ore;Guldmalm
Golden sheep;Gyllene får
Golden warbler;Gyllene sångare
Golem;Golem
Golova;Golova
Golrie;Golrie
Gorad;Gorad
Gorak;Gorak
Gordon;Gordon
Goreu;Goreu
Gorhak quo Narga;Gorhak quo Narga
Gorilla;Gorilla
Gossip;Skvaller
Gourmet;Gourmet
Gourmet impling;Gourmet impling
Grace;Nåd
Grail Maiden;Graal Maiden
Grand Exchange Clerk;Stor bytestjänsteman
Grandpa Jack;Morfar Jack
Grave;Grav
Grave digger;Gravgrävare
Grave scorpion;Grav skorpion
Graveyard Guardian;Kyrkogårdsväktare
Gravingas;Gravingas
Greasycheeks;Greasycheeks
Great Olm;Stora Olm
Great Olm (Left claw);Great Olm (vänster klo)
Great Olm (Right claw);Great Olm (höger klo)
Great blue heron;Stor blåhäger
Greater Nechryael;Större Nechryael
Greater Skeleton Hellhound;Greater Skeleton Hellhound
Greater abyssal demon;Större avgrundsdemon
Greater demon;Större demon
Greater ghostly thrall;Större spöklik träl
Greater skeletal thrall;Större skelettträl
Greater zombified thrall;Större zombifierad träl
Green Gemstone Director;Green Gemstone Director
Green Gemstone Secretary;Grön ädelstenssekreterare
Green Sheep;Gröna får
Green dragon;Grön drake
Green fireflies;Gröna eldflugor
Greengrocer;Grönsakshandlare
Greldo;Greldo
Grew;Växte
Grey golem;Grå golem
Grigor Rasputin;Grigor Rasputin
Grigore;Grigore
Grimesquit;Grimesquit
Grimgnash;Grimgnash
Grinka Krast;Grinka Krast
Grip;Grepp
Grish;Grish
Grizzly bear;Grizzlybjörn
Grizzly bear cub;Grizzlybjörnunge
Growler;Growler
Growthling;Växande
Grubfoot;Grubfoot
Grubor;Grubor
Gruff McScruff;Gruff McScruff
Grug;Grug
Gruh;Gruh
Grum;Grum
Grundt;Grundt
Grunsh;Grunsh
Gruva Patrull;Gruva Patrull
Guanic bat;Guanic fladdermus
Guard;Skydda
Guard Bandit;Vaktbandit
Guard Captain;Vaktkapten
Guard Recruiter;Vaktrekryterare
Guard Vemmeldo;Vakt Vemmeldo
Guard dog;Vakthund
Guardian Drake;Väktare Drake
Guardian mummy;Väktare mamma
Guardian of Armadyl;Armadyls väktare
Guidor;Guidor
Guildmaster;Guildmaster
Guildmaster Jane;Guildmaster Jane
Guildmaster Lars;Gildemästare Lars
Guilin;Guilin
Guinevere;Guinevere
Gujuo;Gujuo
Gull;Mås
Gulldamar;Gulldamar
Gulluck;Gulluck
Gundai;Gundai
Gundik;Gundik
Gunnar Holdstrom;Gunnar Holdström
Gunnjorn;Gunnjorn
Gunslik;Gunslik
Gunthor the brave;Gunthor den modige
Guthan the Infested;Guthan den angripna
Gwallter;Gwallter
Gwerin Hapus;Gwerin Hapus
Gwindor;Gwindor
Gwyl;Gwyl
Gwyn;Gwyn
Gypsy;Zigenare
Gypsy Aris;Zigenare Aris
Gyr Falcon;Gyr Falcon
H.A.M. Archer;SKINKA. Archer
H.A.M. Deacon;SKINKA. Diakon
H.A.M. Guard;SKINKA. Skydda
H.A.M. Mage;SKINKA. Magiker
H.A.M. Member;SKINKA. Medlem
HAM member;HAM-medlem
HRH Hrafn;HRH Hrafn
Habibah;Habibah
Hadley;Hadley
Haemas Lamescus;Haemas Lamescus
Haera;Haera
Hafuba;Hafuba
Hairdresser;Frisör
Hajedy;Hajedy
Haldor quo Keran;Haldor quo Keran
Half-Zombie;Halvzombie
Half-soulless;Halvt själslös
Halla;Halla
Hallak;Hallak
Hamab;Hamab
Hamal the Chieftain;Hövdingen Hamal
Hameln the Jester;Gycklaren Hameln
Hamid;Hamid
Haming;Haming
Hammerspike Stoutbeard;Hammerspike Stoutbeard
Hanchen the Hound;Hunden Hanchen
Hangman game;Hangman spel
Hans;Hans
Hari;Hari
Haris;Haris
Harold;Harold
Harold Evans;Harold Evans
Harpert;Harpert
Harpie Bug Swarm;Harpie Bug Swarm
Harrallak Menarous;Harrallak Menarous
Harry;Harry
Haskell;Haskell
Hassan;Hassan
Hatius Cosaintus;Hatius Cosaintus
Haze;Dis
Hazeel;Hazeel
Hazeel Cultist;Hazeel Cultist
Hazelmere;Hazelmere
Head;Huvud
Head Guard;Huvudvakt
Head Mourner;Huvudsörjande
Head Thief;Huvudtjuv
Head chef;Chefskock
Headless Beast;Huvudlösa odjur
Headless Beast (hard);Huvudlösa odjur (hårt)
Healthorg and tortoise;Healthorg och sköldpadda
Heckel Funch;Heckel Funch
Hegir;Hegir
Helemos;Helemos
Helena;Helena
Helga;Helga
Hell-Rat;Helvete-råtta
Hell-Rat Behemoth;Hell-Rat Behemoth
Hell-kitten;Helvete-kattunge
Hellcat;Hellcat
Hellhound;Helveteshund
Hellpuppy;Hellvalp
Hendor;Hendor
Hengel;Hengel
Hengrad;Hengrad
Henja;Henja
Henryeta Carnillean;Henryeta Carnillean
Herbi;Herbi
Herbiboar;Herbiboar
Herman Caranos;Herman Caranos
Hero;Hjälte
Heron;Häger
Herquin;Herquin
Hervi;Hervi
Heskel;Heskel
Hespori;Hespori
Het;Het
Hetty;Hetty
Hewey;Hewey
Hickton;Hickton
Hieve;Hieve
High Priest;Överstepräst
High Priestess Zul-Harcinqa;Översteprästinnan Zul-Harcinqa
Highwayman;Motorvägsman
Hild;Hild
Hill Giant;Hill Giant
Hirko;Hirko
Historian Duffy;Historikern Duffy
Historian Minas;Historikern Minas
Hiylik Myna;Hiylik Myna
Hobbes;Hobbes
Hobgoblin;Troll
Hobgoblin Champion;Hobgoblin Champion
Hofuthand (weapons and armour);Hofuthand (vapen och rustningar)
Hole in the wall;Hål i väggen
Holgart;Holgart
Holoy;Holoy
Holthion;Holthion
Homunculus;Homunculus
Honest Jimmy;Ärliga Jimmy
Honour guard;Hedersvakt
Hooded Figure;Figur med huva
Hooknosed Jack;Hooknosed Jack
Hoop Snake;Hoop Snake
Hopeless beast;Hopplöst best
Hopeless creature;Hopplös varelse
Hopleez;Hopleez
Hops;Humle
Horace;Horace
Horacio;Horacio
Horned graahk;Behornad graahk
Horphis;Horphis
Horvik;Horvik
Hosa;Hosa
House;Hus
Hring Hring;Hring Hring
Hudo;Hudo
Hudon;Hudon
Huge spider;Enorm spindel
Hugor;Hugor
Hunding;Hunding
Hunting expert;Jaktexpert
Hura;Hura
Husk;Skal
Hydra;Hydra
Hygd;Hygd
Ian;Ian
Iban;Iban
Ice Queen;Isdrottning
Ice Troll;Istroll
Ice Troll King;Ice Troll King
Ice Troll King (hard);Ice Troll King (hård)
Ice block;Isblock
Ice demon;Isdemon
Ice giant;Is jätte
Ice spider;Isspindel
Ice troll;Istroll
Ice troll female;Istrollhona
Ice troll grunt;Istroll grymtar
Ice troll male;Istrollhane
Ice troll runt;Istroll runt
Ice warrior;Iskrigare
Ice wolf;Isvarg
Iceberg;Isberg
Icefiend;Icefiend
Icelord;Iceord
Icicle;Istapp
Icthlarin;Icthlarin
Idril;Idril
Idris;Idris
Iestin;Iestin
Ifaba;Ifaba
Iffie;Iffie
Ignatius Vulcan;Ignatius Vulcan
Ignisia;Ignisia
Ikkle Hydra;Ikkle Hydra
Ileana;Ileana
Ilfeen;Ilfeen
Ima;Ima
Imerominia;Imerominia
Imiago;Imiago
Imin;Imin
Iminye;Iminye
Immenizz;Immenizz
Imp;Imp
Imp Champion;Imp Champion
Imp defender;Imp försvarare
Imre;Imre
Incapacitated Pyromancer;Incapacitated Pyromancer
Indis;Indis
Infernal Mage;Infernalisk mage
Infernal pyrelord;Infernalisk pyrelord
Information clerk;Informationsbiträde
Inga;Inga
Ingrid;Ingrid
Ingrid Hradson;Ingrid Hradson
Ingwe;Ingwe
Ingwion;Ingwion
Inn Keeper;Värdshusvaktare
Innocent-looking key;Nyckel som ser oskyldig ut
Insatiable Bloodveld;Omättlig Bloodveld
Insatiable mutated Bloodveld;Omättlig muterad Bloodveld
Invrigar the Necromancer;Necromancer Invrigar
Iona;Iona
Iorwerth Archer;Iorwerth Archer
Iorwerth Warrior;Iorwerth Warrior
Irena;Irena
Irene;Irene
Irina;Irina
Irksol;Irksol
Iron Man tutor;Iron Man handledare
Iron dragon;Järn drake
Iron ore;Järnmalm
Iron pickaxe;Järnhacka
Irvig Senay;Irvig Senay
Irwin Feaselbaum;Irwin Feaselbaum
Ish the Navigator;Ta bort Navigatorn
Ishmael;Ismael
Islwyn;Islwyn
Istoria;Istoria
Ithoi the Navigator;Ithoi Navigatören
Ivan;Ivan
Ivan Strom;Ivan Ström
Iwan;Iwan
Iwazaru;Iwazaru
Jack;Jack
Jack Sails;Jack Sails
Jack Seagull;Jack Seagull
Jackal;Schakal
Jacky Jester;Jacky Jester
Jade;Jade
Jadid;Jadid
Jagbakoba;Jagbakoba
Jail guard;Fängelsevakt
Jailer;Fångvaktare
Jake;Jake
Jal-Ak;Jal-Ak
Jal-AkRek-Ket;Jal-AkRek-Ket
Jal-AkRek-Mej;Jal-AkRek-Mej
Jal-AkRek-Xil;Jal-AkRek-Xil
Jal-ImKot;Jal-ImKot
Jal-MejJak;Jal-MejJak
Jal-MejRah;Jal-MejRah
Jal-Nib;Jal-Nib
Jal-Nib-Rek;Jal-Nib-Rek
Jal-Xil;Jal-Xil
Jal-Zek;Jal-Zek
JalRek-Jad;JalRek-Jad
JalTok-Jad;JalTok-Jad
James;James
Jamila;Jamila
Jaraah;Jaraah
Jardric;Jardric
Jari;Jari
Jarr;Jarr
Jarvald;Jarvald
Jatix;Jatix
Jayene Kliyn (medium);Jayene Kliyn (medium)
Jeb;Jeb
Jeed;Jeed
Jeff;Jeff
Jelly;Gelé
Jennella;Jennella
Jennifer;Jennifer
Jenny Blade;Jenny Blade
Jeremy Clerksin;Jeremy Clerksin
Jerico;Jerico
Jess;Jess
Jessie;Jessie
Jethick;Jethick
Jewelled Crab;Jeweled krabba
Jewelled Crab (blue);Jeweled Crab (blå)
Jewelled Crab (green);Jeweled Crab (grön)
Jewelled Crab (red);Jeweled Crab (röd)
Jex;Jex
Jig cart;Jigvagn
Jill;Jill
Jiminua;Jiminua
Jimmy;Jimmy
Jimmy Dazzler;Jimmy Dazzler
Jimmy the Chisel;Mejseln Jimmy
Joe;Joe
Jofridr Mordstatter;Jofridr Mordstatter
Jogre;Jogre
Jogre Champion;Jogre Champion
Johanhus Ulsbrecht;Johanhus Ulsbrecht
John;John
Johnathon;Johnathon
Jokul;Jokul
Jon;Jon
Jonathan;Jonathan
Jonny the beard;Skägget Jonny
Jorra;Jorra
Jorral;Jorral
Jorzik;Jorzik
Joseph;Josef
Joshua;Joshua
Jossik;Jossik
Jubbly bird;Jubbly fågel
Jubster;Jubster
Judge of Yama;Domare i Yama
Jukat;Jukat
Julie;Julie
Juliet;Juliet
Jumaane;Jumaane
Juna;Juna
Jungle Demon;Djungeldemon
Jungle Demon (hard);Jungle Demon (hård)
Jungle Wolf;Djungelvarg
Jungle eagle;Djungelörn
Jungle forester;Djungelskogsmästare
Jungle horror;Djungelskräck
Jungle savage;Djungelvild
Jungle spider;Djungelspindel
Junior Navigator;Junior Navigator
Jury;Jury
Justiciar Zachariah;Justitieråd Zachariah
Justin Servil;Justin Servil
Justine;Justine
Jyn;Jyn
K'klik;Klicka
K'ril Tsutsaroth;K'ril Tsutsaroth
K'ril Tsutsaroth Jr.;K'ril Tsutsaroth Jr.
KGP Agent;KGP Agent
KGP Guard;KGP-vakt
Kaal-Ket-Jor;Kaal-Ket-Jor
Kaal-Mej-San;Kaal-Mej-San
Kaal-Xil-Dar;Kaal-Xil-Dar
Kael Forshaw;Kael Forshaw
Kaht B'alam;Kaht B'alam
Kai;Kai
Kaleb Paramaya;Kaleb Paramaya
Kalphite Guardian;Kalphite Guardian
Kalphite Larva;Kalfitlarv
Kalphite Princess;Kalfitprinsessan
Kalphite Queen;Kalphite Queen
Kalphite Soldier;Kalfitisk soldat
Kalphite Worker;Kalphite arbetare
Kalrag;Kalrag
Kalron;Kalron
Kamen;Kamen
Kamfreena;Kamfreena
Kamil;Kamil
Kamil (hard);Kamil (hård)
Kanel;Kanel
Kangai Mau;Kangai Mau
Kaqemeex;Kaqemeex
Karaday;Karaday
Karam;Karam
Karamel;Karamell
Karamel (hard);Karamell (hård)
Karamthulhu;Karamthulhu
Kardia;Kardia
Karil the Tainted;Karil den befläckade
Karim;Karim
Karl;Karl
Kaston;Kaston
Kathy Corkat;Kathy Corkat
Katrine;Katrine
Kaylee;Kaylee
Kazemde;Kazemde
Kazgar;Kazgar
Kebbit;Kebbit
Keef;Keef
Keepa Kettilon;Keepa Kettilon
Keith;Keith
Kelvin;Kelvin
Kelyn;Kelly
Kendall;Kendall
Kenelme;Kenelme
Kennith;Kennith
Kent;Kent
Ket'sal K'uk;Ket'sal K'uk
Ket-Zek;Ket-Zek
Key Master;Nyckelmästare
Kharid Scorpion;Kharid skorpion
Khazard Guard;Khazard-vakten
Khazard Ogre;Khazard Ogre
Khazard Scorpion;Khazard skorpion
Khazard barman;Khazard barman
Khazard commander;Khazard befälhavare
Khazard trooper;Khazard soldat
Khazard warlord;Khazard krigsherre
Khazard warlord (hard);Khazard krigsherre (hård)
Khorvak, a dwarven engineer;Khorvak, en dvärg ingenjör
Kikazaru;Kikazaru
Killer;Mördare
Killerwatt;Killerwatt
Kilron;Kilron
Kineer;Kineer
King Arthur;Kung Arthur
King Artur Hosidius;Kung Artur Hosidius
King Awowogei;Kung Awowogei
King Black Dragon;King Black Dragon
King Bolren;Kung Bolren
King Gjuki Sorvott IV;Kung Gjuki Sorvott IV
King Healthorg;King Healthorg
King Kandur Hosidius;Kung Kandur Hosidius
King Lathas;Kung Lathas
King Narnode Shareen;Kung Narnode Shareen
King Percival;Kung Percival
King Roald;kung Roald
King Roald (hard);Kung Roald (hård)
King Sand Crab;King Sand Crab
King Scorpion;King Scorpion
King Thoros;Kung Thoros
King Vargas;Kung Vargas
King kurask;Kung kurask
King rat;Kung råtta
King's Messenger;King's Messenger
Kitten;Kattunge
Kjedelig Uppsen;Kjedelig Uppsen
Kjut;Kjut
Klank;Klank
Klarense;Klarense
Klenter;Klenter
Knight;Riddare
Knight of Ardougne;Riddare av Ardougne
Knight of Saradomin;Riddare av Saradomin
Knight of Varlamore;Riddare av Varlamore
Knight of the Lion;Lejonets riddare
Knight of the Owl;Riddare av ugglan
Knight of the Unicorn;Enhörningens riddare
Knight of the Wolf;Vargens riddare
Koanee;Koanee
Kob;Kob
Koftik;Koftik
Kolodion;Kolodion
Konar quo Maten;Konar quo Maten
Konoo;Konoo
Kormar quo Maten;Kormar quo Maten
Kortan;Kortan
Koschei the Deathless;Koschei den dödslösa
Koschei the deathless;Koschei den dödslösa
Kragen;Kragen
Kraka;Kraka
Kraken;Kraken
Krato;Krato
Kree'arra;Kree'arra
Kree'arra Jr.;Kree'arra Jr.
Kroy;Kroy
Kruk;Kruk
Kryket bat;Kryket bat
Krystilia;Krystilia
Ksenia;Ksenia
Kualti;Kualti
Kubec Unkar;Kubec Unkar
Kurask;Kurask
Kurt;Kurt
Kylie Minnow;Kylie Minnow
Lacey;Lacey
Lady Carys Hefin;Lady Carys Hefin
Lady Crombwick;Lady Crombwick
Lady Ffion Meilyr;Lady Ffion Meilyr
Lady Keli;Lady Keli
Lady Kelyn Ithell;Lady Kelly Ithell
Lady Nadezhda Shadum;Lady Nadezhda Shadum
Lady Servil;Lady Servil
Lady Shauna Piscarilius;Lady Shauna Piscarilius
Lady Table;Lady bord
Lady Tangwen Trahaearn;Lady Tangwen Trahaearn
Lady Vulcana Lovakengj;Lady Vulcana Lovakengj
Lahsram;Lahsram
Lalli;Lalli
Lamb;Lamm
Lammy Langle;Lammy Langle
Lan the Butcher;Lan slaktaren
Lanthus;Lanthus
Lanzig;Lanzig
Large mosquito;Stor mygga
Large zombie monkey;Stor zombieapa
Larran;Larran
Larrissa;Larrissa
Larry;Larry
Larxus;Larxus
Lasenna Rasputin;Lasenna Rasputin
Lathas;Lathas
Latlink Fastbell;Latlink Fastbell
Launa;Launa
Lauretta;Lauretta
Lava beast;Lava best
Lava dragon;Lava drake
Layleen;Layleen
Lazim;Lazim
Lazy cat;Lat katt
Lazy hellcat;Lat helkatt
Le-sabrè;Le-sabrè
Lead Navigator;Lead Navigator
Leagues Assistant;Ligor assistent
Leagues Tutor;Ligor handledare
Leatherworker;Läderarbetare
Lector Gura;Lector Gura
Leech;Igel
Leech display;Leech display
Leela;Leela
Leenz;Leenz
Left head;Vänster huvud
Legends guard;Legends vakt
Leke quo Keran;Leke quo Keran
Lenny;Lenny
Lensa;Lensa
Lenwe;Lenwe
Lenyig Karna;Lenyig Karna
Leo;Leo
Leon;Leon
Leon d'Cour;Leon d'Cour
Lesser Demon Champion;Lesser Demon Champion
Lesser Fanatic;Mindre fanatiker
Lesser demon;Mindre demon
Lesser ghostly thrall;Mindre spöklik träl
Lesser skeletal thrall;Mindre skelettträl
Lesser zombified thrall;Mindre zombifierad träl
Lev;Lev
Li'l lamb;Li'l lamm
Liam;Liam
Librarian;Bibliotekarie
Lidio;Lidio
Lieutenant Schepbur;Löjtnant Schepbur
Lieve McCracken;Lieve McCracken
Light creature;Ljus varelse
Lil' Bloat;Lil' Bloat
Lil' Creator;Lil' Skapare
Lil' Destructor;Lil' Destructor
Lil' Maiden;Lil' Maiden
Lil' Nylo;Lil' Nylo
Lil' Sot;Lil' Sot
Lil' Xarp;Lil' Xarp
Lil' Zik;Lil' Zik
Lilifang;Lilifang
Liliwen;Liliwen
Liliya;Liliya
Lillia;Lillia
Lilly;Lilly
Lindir;Lindir
Linen worker;Linnearbetare
Lisa;Lisa
Lisse Isaakson;Lisse Isaakson
Litara;Litara
Lithil;Lithil
Little Nightmare;Lilla mardröm
Little Parasite;Liten parasit
Lizard;Ödla
Lizard display;Ödla display
Lizardman;Lizardman
Lizardman brute;Lizardman brute
Lizardman shaman;Lizardman shaman
Lleidr Golau;Lleidr Golau
Lliann;Lliann
Llio;Llio
Loading crane;Lastkran
Loar Shade;Loar Shade
Loar Shadow;Loar Shadow
Lobstrosity;Lobstrositet
Local;Lokal
Local Gnome;Lokal Gnome
Locust;Gräshoppa
Locust rider;Gräshoppryttare
Lofu;Lofu
Logava;Logava
Logios;Logotyper
Logosia;Logosia
Loinur;Loinur
Lokar Searunner;Lokar Searunner
Loki;Loke
Lokraa quo Sihar;Lokraa quo Sihar
Lollk;Lollk
Long-tailed Wyvern;Långsvansad Wyvern
Longbow Ben;Långbåge Ben
Longhall Bouncer;Longhall Bouncer
Look-out;Håll utkik
Looming shadow;Hotande skugga
Lord Alexei Jovkai;Lord Alexei Jovkai
Lord Baxtorian Cadarn;Lord Baxtorian Cadarn
Lord Crombwick;Lord Crombwick
Lord Daquarius;Lord Daquarius
Lord Iestin Iorwerth;Lord Iestin Iorwerth
Lord Ieuan Amlodd;Lord Ieuan Amlodd
Lord Iorwerth;Lord Iorwerth
Lord Kandur Hosidius;Lord Kandur Hosidius
Lord Marshal Brogan;Lord Marshal Brogan
Lord Mischa Myrmel;Lord Mischa Myrmel
Lord Pandur Hosidius;Lord Pandur Hosidius
Lord Piquan Crwys;Lord Piquan Crwys
Lord Rologarth;Lord Rologarth
Lord Shiro Shayzien;Lord Shiro Shayzien
Lord Trobin Arceuus;Lord Trobin Arceuus
Lorelai;Lorelai
Lornor quo Narga;Lornor quo Narga
Lorraine;Lorraine
Lost barbarian;Förlorad barbar
Louie Legs;Louie ben
Louisa;Louisa
Lovada;Lovada
Lovakengj Engineer;Lovakengja Ingenjör
Love Cats;Älskar katter
Lowe;Lowe
Lowerniel Drakan;Lowerniel Drakan
Lubufu;Lubufu
Lucien;Lucien
Lucky impling;Tur att impla
Lucy;Lucy
Lumberjack Leif;Skogshuggare Leif
Lumbridge Guide;Lumbridge Guide
Lumdo;Lumdo
Lumiere;Lumiere
Luminata;Luminata
Lumo;Lumo
Luna;Luna
Lundail;Lundail
Lunderwin;Lunderwin
Lurgon;Lurgon
Luscion;Luscion
Luthas;Luthas
Lutwidge;Lutwidge
Lux grub;Lux grub
Lynx;Lodjur
Lynx Tamer;Lynx Tamer
Lyra;Lyra
Mac;Mac
Macaroni Penguin;Makaronpingvin
Mad skavid;Galen skavid
Madame Caldarium;Madame Caldarium
Maedhros;Maedhros
Maeglin;Maeglin
Mage (easy);Mage (lätt)
Mage of Zamorak;Mage av Zamorak
Magic Instructor;Magisk instruktör
Magic axe;Magisk yxa
Magic combat tutor;Magisk stridslärare
Magnus Gram;Magnus Gram
Magpie impling;Skata impling
Mahtan;Mahtan
Maid;Hembiträde
Mairin;Mairin
Maisa;Maisa
Major Attack;Stor attack
Major Collect;Major Samla
Major Defend;Major Defence
Major Heal;Major Heal
Make-over mage;Make-over mage
Malak;Malak
Male slave;Manlig slav
Malevolent Mage;Skadlig mage
Malignius Mortifer;Malignius Mortifer
Mallak quo Keran;Mallak quo Keran
Mama;Mamma
Mamma Bufetta;Mamma Bufetta
Mammoth;Mammut
Man;Man
Mandrith;Mandrith
Mandy;Mandy
Maniacal Monkey Archer;Maniacal Monkey Archer
Maniacal monkey;Manikal apa
Manni the Reveller;Manni the Reveler
Marble gargoyle;Gargoyle i marmor
Marfet;Marfet
Maria Gadderanks;Maria Gadderanks
Maria Gunnars;Maria Gunnars
Mariah;Mariah
Marisi;Marisi
Marius;Marius
Marius Giste;Marius Giste
Mark;Mark
Market Guard;Marknadsvakt
Market seller;Marknadssäljare
Markog;Markog
Marley;Marley
Marlo;Marlo
Marmor quo Narga;Marmor quo Narga
Marten;Mård
Martha Rehnison;Martha Rehnison
Martin Holt;Martin Holt
Martin Thwait;Martin Twait
Martin the Master Gardener;Martin trädgårdsmästaren
Martina Scorsby;Martina Scorsby
Marwolaeth Dawnsio;Marwolaeth Dawnsio
Mary;Mary
Master Chef;Mästerkock
Master Crafter;Master Crafter
Master Farmer;Bondemästare
Master Navigator;Master Navigator
Master fisher;Mästare fiskare
Master smithing tutor;Lärare i smidesmästare
Matilda;Matilda
Matthew;Matthew
Matthias;Mattias
Mattimeo;Mattimeo
Mawnis Burowgar;Mawnis Burowgar
Mawrth;Mawrth
Mayor Hobb;Borgmästare Hobb
Maz;Maz
Mazchna;Mazchna
Maze Guardian;Maze Guardian
Mazion;Mazion
Me;Mig
Me (hard);Jag (hårt)
Meddwl Ymlaen Llaw;Meddwl Ymlaen Llaw
Medium ninja monkey;Medium ninja apa
Meegle;Meegle
Megan;Megan
Meiyerditch citizen;Meiyerditch medborgare
Meiyerditch miner;Meiyerditch gruvarbetare
Mekritus A'hara;Mekritus A'hara
Melana Moonlander;Melana Moonlander
Melee combat tutor;Närstridshandledare
Meleti;Meleti
Melina;Melina
Melvin;Melvin
Melzar the Mad;Melzar den galna
Memory of Seren;Minne av Seren
Menaphite Leader;Menafitledare
Menaphite Thug;Menaphite Thug
Menaphite guard;Menafitvakt
Mercenary;Legosoldat
Mercenary Captain;legosoldat kapten
Mercy;Barmhärtighet
Meredith;Meredith
Merlin;Merlin
Mernia;Mernia
Mernik;Mernik
Meskhenet;Meskhenet
Metarialus;Metarialus
Meteora;Meteora
Mi-Gor;Mi-Gor
Mia;Mia
Miala;Miala
Miazrqa;Miazrqa
Middle head;Mellanhuvud
Midnight;Midnatt
Mihail;Mihail
Mike;Mikrofon
Miles;Miles
Milla;Milla
Milli Rehnison;Milli Rehnison
Millie Miller;Millie Miller
Miltog;Miltog
Mime;Mima
Mimm;Mimm
Mind Golem;Tänk på Golem
Mine Cart;Min vagn
Mine cart;Min vagn
Mine cart driver;Min vagnsförare
Mine supervisor;Min handledare
Miner;Gruvarbetare
Miner Magnus;Bergsman Magnus
Miniature chaotic clouds;Kaotiska miniatyrmoln
Mining Instructor;Gruvinstruktör
Mining tutor;Gruvlärare
Minotaur;Minotaurus
Miodvetnir;Miodvetnir
Miriam;Miriam
Miriel;Miriel
Mischievous ghost;Busigt spöke
Misdrievus Shadum;Misdrievus Shadum
Mishkal'un Dorn;Mishkal'un Dorn
Miss Cheevers;Miss Cheevers
Miss Schism;Fröken schism
Mist;Dimma
Mistag;Mitag
Mithrellas;Mithrellas
Mithril dragon;Mithril drake
Mithril ore;Mithril malm
Mittens;Vantar
Mizaru;Mizaru
Moe;Moe
Mofina;Mofina
Moggy;Moggy
Mogre;Mogre
Mogre Guard;Mogregardet
Mogrim;Mogrim
Molanisk;Molanisk
Moldof;Moldof
Mole display;Mullvad display
Molly;Molly
Monk;Munk
Monk of Entrana;Munk av Entrana
Monk of Zamorak;Munk av Zamorak
Monkey;Apa
Monkey Archer;Monkey Archer
Monkey Child;Apbarn
Monkey Guard;Apvakt
Monkey Zombie;Monkey Zombie
Monkey display;Monkey display
Monkey guard;Apvakt
Monkey minder;Apskötare
Monkey on unicorn;Apa på enhörning
Monstrous Basilisk;Monstruös basilisk
Monstrous basilisk;Monstruös basilisk
Mord Gunnars;Mörd Gunnars
Mordan Nikazsi;Mordan Nikazsi
Morgan;Morgan
Morgan Le Faye;Morgan Le Faye
Mori;Mori
Morris;Morris
Mort Nightshade;Mort Nightshade
Mort'ton Local;Mort'ton Local
Mort'ton local;Mort'ton lokal
Morten Holdstrom;Morten Holdström
Mortina Daubenton;Mortina Daubenton
Morvran;Morvran
Mosol Rei;Mosol Rei
Mosquito swarm;Myggsvärm
Moss Giant;Moss jätte
Moss Guardian;Moss Guardian
Moss Guardian (hard);Moss Guardian (hårt)
Moss giant;Moss jätte
Most of a Zombie;Det mesta av en zombie
Mother;Mor
Mother Mallum;Mamma Mallum
Moths;Malar
Mountain Dwarf;Bergsdvärg
Mountain Goat;Bergsget
Mountain Guide;Bergsguide
Mountain goat;Bergsget
Mountain troll;Bergstroll
Mounted terrorbird gnome;Beriden terrorbird gnome
Mounted terrorchick gnome;Uppsatt terrorchick-tomte
Mourner;Sörjande
Mouse;Mus
Movario;Movario
Mr. Mordaut;Herr Mordaut
Ms. Hynn Terprett;Ms Hynn Terprett
Mubariz;Mubariz
Mudskipper;Mudskipper
Mugger;Rånare
Mummy;Mamma
Mummy ashes;Mamma aska
Munty;Munty
Murcaily;Murcaily
Murfet;Murfet
Murky Matt (runes);Murky Matt (runor)
Murky Pat;Murky Pat
Murng bat;Murng bat
Murphy;Murphy
Muruwoi;Muruwoi
Museum guard;Museivakt
Mushroom;Svamp
Mutant tarn;Mutant tarn
Mutated Bloodveld;Muterad Bloodveld
Muttadile;Mutadile
My Arm;Min arm
Myndill;Myndill
Myre Blamish Snail;Myre Blamish Snigel
Mysterious Adventurer;Mystisk äventyrare
Mysterious Figure;Mystisk figur
Mysterious Old Man;Mystisk gammal man
Mysterious Stranger;Mystisk främling
Mysterious Voice;Mystisk röst
Mysterious ghost;Mystiskt spöke
Mystery figure;Mystisk figur
Naghead;Naghead
Nail beast;Nageldjur
Nakasa Jovkai;Nakasa Jovkai
Nardah Banker;Nardah Banker
Nardok;Nardok
Narf;Narf
Natalidae Shadum;Natalidae Shadum
Nathifa;Nathifa
Natural Historian;Naturhistoriker
Natural historian;Naturhistoriker
Nature Spirit;Natur Ande
Nature impling;Naturen implerande
Nazastarool;Nazastarool
Nazastarool (hard);Nazastarool (hårt)
Nechryael;Nechryael
Nechryarch;Nechryarch
Necromancer;Andebesvärjare
Necrovarus;Necrovarus
Ned;Ned
Neferti the Camel;Kamelen Neferti
Neil;Neil
Neite;Neite
Nellas;Nellas
Nemishka;Nemishka
Nerdanel;Nerdanel
Nesty;Nesty
New Recruit Tony;Nyrekryterad Tony
Newtroost;Newtroost
Nezikchened;Nezikchened
Nezikchened (hard);Nezikchened (hårt)
Nia;Nia
Nicholas;Nicholas
Nick;Nick
Nickolaus;Nickolaus
Nicoleta;Nicoleta
Nieve;Nieve
Nigel;Nigel
Night beast;Nattdjur
Nikita;Nikita
Nikkie;Nikkie
Nikolai;Nikolai
Niles;Niles
Niloof;Niloof
Nimloth;Nimloth
Nimrodel;Nimrodel
Ninja impling;Ninja implar
Nipper;Avbitartång
Nirrie;Nirrie
Nisha;Nisha
Nkuku;Nkuku
Noctillion Lugosi;Noctillion Lugosi
Noella;Noella
Nolar;Nolar
Nomad;Nomad
Noodle;Nudel
Noon;Middag
Nora T. Hagg;Nora T. Hagg
Noranna Tytanin;Noranna Tytanin
Norman;Norman
Not Bob;Inte Bob
Noterazzo;Noterazzo
Novice;Nybörjare
Nuclear smoke devil;Nukleär rökdjävul
Nulodion;Nulodion
Numpty;Numpty
Nung;Nung
Nurmof;Nurmof
Nurse Boubou;Sjuksköterska Boubou
Nurse Emma Gentsy;Sjuksköterska Emma Gentsy
Nurse Inn'Juree;Sjuksköterska Inn'Juree
Nurse Sarah;Sjuksköterska Sarah
Nurse Wooned;Sjuksköterska Wooned
Nylocas;Nylocas
Nylocas Athanatos;Nylocas Athanatos
Nylocas Hagios;Nylocas Hagios
Nylocas Ischyros;Nylocas Ischyros
Nylocas Matomenos;Nylocas Matomenos
Nylocas Prinkipas;Nylocas Prinkipas
Nylocas Queen;Nylocas drottning
Nylocas Toxobolos;Nylocas Toxobolos
Nylocas Vasilias;Nylocas Vasilias
Oaknock the Engineer;Ingenjören Oaknock
Oath Lord D'rows;Oath Lord D'rows
Oathbreaker B'ats;Oathbreaker B'ats
Oathbreaker E'piws;Oathbreaker E'piws
Oathbreaker M'als;Oathbreaker M'als
Obli;Obli
Obor;Obor
Observatory assistant;Observationsassistent
Observatory professor;Observatorieprofessor
Ocga;Ocga
Ochre Blamish Snail;Ochre Blamish Snigel
Odd Mushroom;Udda svamp
Odd Old Man;Konstig gammal man
Odd Stone;Udda sten
Odmar;Odmar
Odovacar;Odovacar
Odysseus;odysseus
Og;Og
Ogre;Troll
Ogre boat;Ogre båt
Ogre chieftain;Ogre hövding
Ogre guard;Ogre guard
Ogre merchant;Ogre köpman
Ogre shaman;Ogre shaman
Ogre trader;Ogre handlare
Ogress Shaman;Ogress Shaman
Ogress Warrior;Ogress Warrior
Oipuis;Oipuis
Olaf Hradson;Olaf Hradson
Olaf the Bard;Olaf barden
Olbertus;Olbertus
Old Man Ral;Gubben Ral
Old Man Yarlo;Gamle Yarlo
Old crone;Gammal crone
Old dwarf;Gammal dvärg
Old man;Gubbe
Oldak;Oldak
Olivia;Olivia
Ollie the Camel;Kamelen Ollie
Olmlet;Olmlet
Omart;Omart
Oneiromancer;Oneiromancer
Oobapohk;Oobapohk
Oomlie bird;Oomlie fågel
Oozing barrier;Osande barriär
Operator;Operatör
Oracle;Orakel
Orange salamander;Orange salamander
Ordan;Ordan
Ork;Ork
Orlando Smith;Orlando Smith
Oronwen;Oronwen
Oropher;Oropher
Orophin;Orofin
Orrvor quo Maten;Orrvor quo Maten
Osian;Osian
Osman;Osman
Ospak;Ospak
Osten;Osten
Osvald;Osvald
Oswald;Oswald
Oswallt;Oswallt
Othainian;Othainian
Other Half-Zombie;Annan Half-Zombie
Otherworldly being;Utomjordisk varelse
Otto Godblessed;Otto Godblessed
Ouditor;Ouditor
Ouhai;Ouhai
Outlaw;Fredlös
Overgrown cat;Övervuxen katt
Overgrown hellcat;Förvuxen hellcat
Owl;Uggla
Oxi;Oxi
Oziach;Oziach
PKMaster0036;PKMaster0036
Padulah;Padulah
Pagida;Pagida
Painted One;En målad
Paladin;Paladin
Palmer;Palmer
Pandur Hosidius;Pandur Hosidius
Panning guide;Panoreringsguide
Parasite;Parasit
Parrot;Papegoja
Parrots;Papegojor
Parroty Pete;Parroty Pete
Party Pete;Fest Pete
Passive Tar Monster;Passivt tjärmonster
Patchy;Ojämn
Patrick;Patrick
Patrolman;Patrullman
Patrolwoman;Patrullkvinna
Pauline Polaris;Pauline Polaris
Peaceful barbarian spirit;Fridsam barbaranda
Peasant;Bonde
Pebble;Sten
Pee Hat;Pee Hat
Peer the Seer;Peer Siaren
Peksa;Peksa
Pelican;Pelikan
Penance Fighter;Penance Fighter
Penance Healer;Botningsläkare
Penance Pet;Penance Pet
Penance Queen;Botningsdrottning
Penance Ranger;Penance Ranger
Penance Runner;Penance Runner
Penda;Penda
Penguin;Pingvin
Penguin display;Pingvin display
Penguin suit;Pingvin kostym
Pennant;Vimpel
Pentyn;Pentyn
Penwie;Penwie
Perdu;Perdu
Perfect gold ore;Perfekt guldmalm
Perrdur;Perrdur
Perry;Päronvin
Pescaling Pax;Pescaling Pax
Pestilent Bloat;Pestilent uppblåsthet
Pet rock;Pet rock
Peter;Peter
Petra Fiyed;Petra Fiyed
Petrified Pete;Förstenade Pete
Phabelle Bile;Phabelle Bile
Phantom Hand;Fantom Hand
Phantuwti Fanstuwi Farsight;Phantuwti Fanstuwi Farsight
Pheasant;Fasan
Phials;Flaskor
Phileas Rimor;Phileas Rimor
Philipe Carnillean;Philipe Carnillean
Phillipa;Phillipa
Philop;Philop
Phingspet;Phingspet
Phluxia bat;Phluxia fladdermus
Phoenix;Fågel Fenix
Phosani's Nightmare;Phosanis mardröm
Phrin Shade;Phrin Shade
Phrin Shadow;Phrin Shadow
Pierre;Pierre
Pieve;Pieve
Pig;Gris
Pig Thing;gris sak
Piglet;Smågris
Pile of bones;Hög med ben
Piles;Högar
Pilg;Pilg
Piliar;Piliar
Pillory Guard;Pilry Guard
Ping;Ping
Pipistrelle Draynar;Pipistrelle Draynar
Pirate;Pirat
Pirate Guard;Piratvakt
Pirate Jackie the Fruit;Piraten Jackie the Fruit
Pirate Pete;Piraten Pete
Pit Scorpion;Pit Scorpion
Pizazz Hat;Pizza hatt
Plague cow;Pest ko
Plague frog;Pestgroda
Poison Salesman;Giftförsäljare
Poison Scorpion;Poison Scorpion
Poison spider;Gift spindel
Polar eagle;Isörn
Polmafi Ferdygris;Polmafi Ferdygris
Poltenip;Poltenip
Pong;Pong
Pontak;Pontak
Ponts the Bridgemaster;Ponts bromästaren
Poor looking man;Dålig man
Poor looking woman;Dålig kvinna
Porazdir;Porazdir
Port Official;Hamntjänsteman
Port worker;Hamnarbetare
Portal;Portal
Portal of Death;Dödens portal
Portobello;Portobello
Possessed Priest;Besatt präst
Possessed pickaxe;Besatt hacka
Postie Pete;Poste Pete
Pox;Pox
Prael bat;Prael bat
Praistan Ebola;Praistan Ebola
Prayer tutor;Bön handledare
Preswylwyr Dall;Preswylwyr Dall
Prickly kebbit;Taggig kebbit
Priest;Präst
Priestess Zul-Gwenwynig;Prästinnan Zul-Gwenwynig
Prifddinas guard;Prifddinas vakt
Primula;Primula
Prince Ali;Prins Ali
Prince Black Dragon;Prince Black Dragon
Prince Brand;Prince Brand
Princess Astrid;Prinsessan Astrid
Prison Pete;Pete fängelse
Prisoner;Fånge
Prissy Scilla;Prissy Scilla
Private Paldo;Privat Paldo
Private Paldon;Privat Paldon
Private Pendron;Privat Pendron
Private Pierreb;Menig Pierreb
Probita;Probita
Professor Gracklebone;Professor Gracklebone
Professor Imblewyn;Professor Imblewyn
Professor Manglethorp;Professor Mangethorp
Professor Oddenstein;Professor Oddenstein
Professor Onglewip;Professor Onglewip
Prosecutor;Åklagare
Prospector Percy;Prospektör Percy
Protest Leader;Protestledare
Protester;Demonstranter
Psykk bat;Psykk bat
Puffer Fish;Puffer fisk
Puffin;Lunnefågel
Pumpy;Pumpig
Puppadile;Puppadile
Purepker895;Purepker895
Purple Pewter Director;Regissör för Purple Pewter
Purple Pewter Secretary;Sekreterare i lila tenn
Pusskins;Pusskinn
Pyramid block;Pyramid block
Pyrefiend;Pyrefiend
Pyrelord;Pyrelord
Pyromancer;Pyromantiker
Quartermaster;Styrman
Queen Ellamaria;Drottning Ellamaria
Queen Sigrid;Drottning Sigrid
Queen Zyanyi Arkan;Drottning Zyanyi Arkan
Queen spawn;Queen spawn
Quest Guide;Quest Guide
Quiz Master;Quizmästare
Qutiedoll;Qutiedoll
R4ng3rNo0b889;R4ng3rNo0b889
Rabbit;Kanin
Raccoon;tvättbjörn
Rachael;Rachael
Radat;Radat
Radigad Ponfit;Radigad Ponfit
Radimus Erkle;Radimus Erkle
Radu;Radu
Raeli;Raeli
Raetul;Raetul
Ragnar;Ragnar
Ragnvald;Ragnvald
Rakkar;Rakkar
Ram;Ram
Ramara du Croissant;Ramara du Croissant
Ramarno;Ramarno
Ramocean;Ramocean
Ranael;Ranael
Ranalph Devere;Ranalph Devere
Randivor;Randivor
Ranged combat tutor;Ranged strid handledare
Ranger;Ranger
Ranger (medium);Ranger (medium)
Ranging Guild Doorman;Ranging Guild Doorman
Ranis Drakan;Ranis Drakan
Rannveig;Rannveig
Rantz;Rantz
Raqueel;Raqueel
Rashiliyia;Rashiliyia
Rasolo;Rasolo
Rassain;Rassain
Rat;Råtta
Rat Burgiss;Råtta Burgiss
Rauborn;Rauborn
Raulyn;Raulyn
Raum Urda-Stein;Raum Urda-Stein
Ravager;Ravager
Raven;Korp
Razmire Keelgan;Razmire Keelgan
Razvan;Razvan
Reach;Nå
Reacher;Reacher
Reanimated TzHaar;Reanimated TzHaar
Reanimated abyssal;Återupplivad avgrund
Reanimated aviansie;Reanimerad aviansie
Reanimated bear;Återupplivad björn
Reanimated bloodveld;Återupplivat blodfält
Reanimated chaos druid;Återupplivad kaos druid
Reanimated dagannoth;Reanimerad dagannoth
Reanimated demon;Återupplivad demon
Reanimated demon spawn;Reanimerad demon spawn
Reanimated dog;Reanimerad hund
Reanimated dragon;Reanimerad drake
Reanimated elf;Reanimerad tomte
Reanimated giant;Återupplivad jätte
Reanimated goblin;Reanimerad troll
Reanimated horror;Återupplivad skräck
Reanimated imp;Reanimerad imp
Reanimated kalphite;Reanimerad kalfit
Reanimated minotaur;Reanimerad minotaur
Reanimated monkey;Återupplivad apa
Reanimated ogre;Reanimerad ogre
Reanimated scorpion;Reanimerad skorpion
Reanimated troll;Återupplivat troll
Reanimated unicorn;Reanimerad enhörning
Rebel Archer;Rebell Archer
Rebel Scout;Rebellscout
Rebel Warrior;Rebellkrigare
Recruiter;Rekryterare
Red;Röd
Red Axe Cat;Röd Yxa Katt
Red Axe Director;Red Axe direktör
Red Axe Henchman;Red Axe Hanchman
Red Axe Secretary;Red Axe sekreterare
Red Monkey;Röda apan
Red Panda;Röd panda
Red Sheep;Röda får
Red dragon;Röd drake
Red fireflies;Röda eldflugor
Red salamander;Röd salamander
Redbeard Frank;Rödskägg Frank
Reese;Reese
Reeso;Reeso
Ref;Ref
Refugee;Flykting
Regath;Regath
Reginald;Reginald
Reinald;Reinald
Reinn;Reinn
Reldak;Reldak
Reldo;Reldo
Relobo Blinyo (logs);Relobo Blinyo (loggar)
Remsai;Remsai
Remus Kaninus;Remus Kaninus
Renegade Knight;Renegade Knight
Renegade knight;Renegade riddare
Repugnant spectre;Motbjudande spöke
Researcher;Forskare
Reshi;Reshi
Resistance Fighter;Motståndskämpe
Respiratory system;Andningsorganen
Restless ghost;Rastlöst spöke
Retired sailor;Pensionerad sjöman
Revenant cyclops;Revenant cyklop
Revenant dark beast;Revenant mörkt odjur
Revenant demon;Revenant demon
Revenant dragon;Revenant drake
Revenant goblin;Revenant goblin
Revenant hellhound;Revenant helveteshund
Revenant hobgoblin;Revenant hobgoblin
Revenant imp;Revenant imp
Revenant knight;Revenant riddare
Revenant ork;Revenant ork
Revenant pyrefiend;Revenant pyrefiend
Rewards Guardian;Belöningar Guardian
Rhazien;Rhazien
Rhiannon;Rhiannon
Rhoddwr Tan;Rhoddwr Tan
Rhonen;Rhonen
Rhyfel;Rhyfel
Richard;Richard
Richard Flintmaul;Richard Flintmaul
Rick;Stack
Rick Turpentine;Rick Terpentine
Ricketty door;Rakig dörr
Rift guardian;Rift väktare
Right head;Höger huvud
Riki the sculptor's model;Riki skulptörens modell
Rimae Sirsalis;Rimae Sirsalis
Rind the gardener;Rensa trädgårdsmästaren
Rionasta;Rionasta
River troll;Flodtroll
Riyl Shade;Riyl Shade
Riyl Shadow;Riyl Shadow
Riyl shadow;Riyl skugga
Roachey;Roachey
Roavar;Roavar
Robert Boss;Robert Boss
Robert O'Reilly;Robert O'Reilly
Robert the Strong;Robert den starka
Robin;Robin
Robyn;Robyn
Rock;Sten
Rock Crab;Rock Crab
Rock Golem;Rock Golem
Rock lobster;Stenhummer
Rock pile;Stenhög
Rocks;Stenar
Rockslug;Rockslug
Rocky;Klippig
Rocnar;Rocnar
Rod Fishing spot;Spö fiskeplats
Rogue;Skurk
Rogue Guard;Rogue Guard
Rohak;Rohak
Rokuh;Rokuh
Rolad;Rolad
Rolayne Twickit (hard);Rolayne Twickit (hård)
Romeo;Romeo
Rometti;Rometti
Romily Weaklax;Romily Weaklax
Rommik;Rommik
Ron Gadderanks;Ron Gadderanks
Rooster;Tupp
Root;Rot
Rory;Rory
Rosie;Rosie
Ross;Ross
Ross and Ben;Ross och Ben
Rowdy Guard;Bråkig vakt
Rowdy dwarf;Bråkig dvärg
Rowdy slave;Bråkig slav
Roy;Roy
Roy jr.;Roy jr.
Royal Guard;Kungliga gardet
Ruantun;Ruantun
Ruby harvest;Rubinskörd
Rufus;Rufus
Rug Merchant;Matthandlare
Runa;Runa
Rune dragon;Rune drake
Runite Golem;Runit Golem
Runite Minor;Runit moll
Runite ore;Runitmalm
Runolf;Runolf
Runvastr;Runvastr
Rupert the Beard;Skägget Rupert
Rusty;Rostig
Saba;Saba
Sabeil;Sabeil
Saboteur;Sabotör
Sabre-toothed kebbit;Sabeltandad kebbit
Sabre-toothed kyatt;Sabeltandad kyatt
Sabreen;Sabreen
Sacrifice;Offra
Sadwrn;Sadwrn
Saeros;Saeros
Saeth;Saeth
Safalaan Hallow;Safalaan Hallow
Safta Doc;Safta Doc
Sagira;Sagira
Sailor;Sjöman
Salarin the twisted;Salarin den vridna
Salenab;Salenab
Salgant;Salgant
Sam;Sam
Sammy Servil;Sammy Servil
San Fan;San Fan
San Tojalon;San Tojalon
Sand Crab;Sandkrabba
Sand Snake;Sandorm
Sand Snake (hard);Sand Snake (hård)
Sand storm;Sandstorm
Sandicrahb;Sandicrahb
Sandwich lady;Smörgås dam
Sandy;Sandig
Sandy Boulder;Sandy Boulder
Sandy rocks;Sandiga stenar
Sanfew;Sanfew
Sani Piliu;Sani Piliu
Saniboch;Saniboch
Santiri;Santiri
Sapphire glacialis;Safir glacialis
Sarachnis;Sarachnis
Saradomin priest;Saradomin präst
Saradomin wizard;Saradomin-trollkarlen
Saradominist recruiter;Saradoministisk rekryterare
Sarah;Sarah
Sarble;Sarble
Sarius Guile;Sarius Guile
Saro;Saro
Sassilik;Sassilik
Savant;Lärd
Sawmill Operator;Sågverksoperatör
Sawmill operator;Sågverksoperatör
Sbott;Sbott
Scabaras;Scabaras
Scarab mage;Scarab mage
Scarab swarm;Scarab svärm
Scarabs;Scarabs
Scared skavid;Rädd skavid
Scarg;Scarg
Scavenger beast;Åtdjur
Scavvo;Scavvo
Schoolboy;Skolpojke
Schoolgirl;Skolflicka
Scion;Ättling
Scorpia;Skorpia
Scorpia's guardian;Scorpias väktare
Scorpia's offspring;Scorpias avkomma
Scorpion;Skorpion
Scout;Spana
Screaming banshee;Skrikande banshee
Screaming twisted banshee;Skrikande vriden banshee
Scrubfoot;Skrubbfot
Sea Snake Hatchling;Havssnake Hatchling
Sea Snake Young;Sea Snake Young
Sea Troll General;sjötrollgeneral
Sea Troll Queen;Sea Troll Queen
Sea slug;Havssnigel
Sea slugs display;Havssniglar visas
Sea troll;Havstroll
Seagull;Fiskmås
Seaman Lorris;Sjöman Lorris
Seaman Morris;Sjöman Morris
Seaman Thresnor;Sjöman Thresnor
Secretary;Sekreterare
Security Guard;Säkerhetsvakt
Seddu;Seddu
Sedridor;Sedridor
Seer;Siare
Selena;Selena
Selene;Selene
Seravel;Seravel
Seren;Seren
Sergeant;Sergeant
Sergeant Damien;Sergeant Damien
Sergeant Grimspike;Sergeant Grimspike
Sergeant Mossfists;Sergeant Mossfists
Sergeant Ricardo;Sergeant Ricardo
Sergeant Sambur;Sergeant Sambur
Sergeant Slimetoes;Sergeant Slimetoes
Sergeant Steelwill;Sergeant Steelwill
Sergeant Strongstack;Sergeant Strongstack
Sergiu;Sergiu
Servant;Tjänare
Servery assistant;Serveringsassistent
Seth;Seth
Seth Groats;Seth Groats
Shade;Skugga
Shade Spirit;Shade Spirit
Shadow;Skugga
Shadow Hound;Skugghund
Shadow Wyrm;Shadow Wyrm
Shadow spider;Skuggspindel
Shadow warrior;Skuggkrigare
Shadowy figure;Skuggig figur
Shady figure;Skuggig figur
Shaeded Beast;Shaeded Beast
Shamus;Shamus
Shanomi;Shanomi
Shantay;Shantay
Shantay Guard;Shantay Guard
Sharimika;Sharimika
Shark;Haj
Shayda;Shayda
Shayzien Infiltrator;Shayzien Infiltrator
Sheep;Får
Sheepdog;Fårhund
Sherlock;Sherlock
Sheryl;Sheryl
Shield master;Sköldmästare
Shifter;Växlare
Shilop;Shilop
Shipyard worker;Varvsarbetare
Shiratti the Custodian;Shiratti vårdnadshavaren
Shop assistant;Butiksbiträde
Shop keeper;Butiksinnehavare
Shura;Shura
Siamun;Siamun
Sian;Sian
Sid;Sid
Siegfried Erkle;Siegfried Erkle
Sigbert the Adventurer;Äventyraren Sigbert
Sigismund;Sigismund
Sigli the Huntsman;Jägaren Sigli
Sigmund;Sigmund
Sigmund The Merchant;Köpmannen Sigmund
Sigmund and Zanik;Sigmund och Zanik
Signy;Signy
Sigurd;Sigurd
Sil'as Dahcsnu;Sil'as Dahcsnu
Silk merchant;Sidenhandlare
Silk trader;Sidenhandlare
Silver Cog Director;Silver Cog Director
Silver Cog Secretary;Silver Cog Sekreterare
Silver merchant;Silverhandlare
Silver ore;Silvermalm
Simon;Simon
Simon Templeton;Simon Templeton
Simona;Simona
Sin Seer;Synd Seer
Sinclair;Sinclair
Sinclair Guard dog;Sinclair vakthund
Sinco Doar;Sinco Doar
Sinister Stranger;Sinister Stranger
Sir Amik Varze;Sir Amik Varze
Sir Bedivere;Sir Bedivere
Sir Carl;Sir Carl
Sir Gawain;Sir Gawain
Sir Harry;Sir Harry
Sir Jerro;Sir Jerro
Sir Kay;Sir Kay
Sir Kuam Ferentse;Sir Kuam Ferentse
Sir Lancelot;Sir Lancelot
Sir Leye;Sir Leye
Sir Lucan;Sir Lucan
Sir Mordred;Sir Mordred
Sir Palomedes;Sir Palomedes
Sir Pelleas;Sir Pelleas
Sir Percival;Sir Percival
Sir Prysin;Sir Prysin
Sir Rebral;Sir Rebral
Sir Ren Itchood;Sir Ren Itchood
Sir Renitee;Sir Renitee
Sir Spishyus;Sir Spishyus
Sir Tiffy Cashien;Sir Tiffy Cashien
Sir Tinley;Sir Tinley
Sir Tristram;Sir Tristram
Sir Vyvin;Sir Vyvin
Sirsal Banker;Sirsal Bankir
Sister Aseret;Syster Aseret
Sister Naoj;Syster Naoj
Sister Salohcin;Syster Salohcin
Sister Scarophia;Syster Scarophia
Sister Senga;Syster Senga
Sister Sevi;Syster Sevi
Sister Soul Jar;Syster Soul Jar
Sister Toen;Syster Toen
Sister Yram;Syster Yram
Sithik Ints;Sithik Ints
Skavid;Skavid
Skeletal Mystic;Skelettmystiker
Skeletal Wyvern;Skelett Wyvern
Skeletal miner;Skelettgruvarbetare
Skeleton;Skelett
Skeleton Champion;Skelettmästare
Skeleton Hellhound;Skeleton Hellhound
Skeleton Hellhound (hard);Skeleton Hellhound (hård)
Skeleton Mage;Skelettmage
Skeleton brute;Skelett brute
Skeleton fremennik;Skelett fremennik
Skeleton heavy;Skelett tungt
Skeleton hero;Skeletthjälte
Skeleton mage;Skelettmage
Skeleton thug;Skelettligist
Skeleton warlord;Skelett krigsherre
Skippy;Skippy
Skogre;Skogre
Skotizo;Skotizo
Skotos;Skotos
Skrach Uglogwee;Skrach Uglogwee
Skraeling;Skraeling
Skulgrimen;Skulgrimen
Skuli Myrka;Skuli Myrka
Skullball;Skalleboll
Skullball Boss;Skullball Boss
Skullball Trainer;Skullball tränare
Slagilith;Slagilith
Slagilith (hard);Slagilith (hård)
Slash Bash;Slash Bash
Slave;Slav
Sleeping Monkey;Sovande apa
Sleeping guard;Sovvakt
Sleepwalker;Sömngångare
Slieve;Sieve
Slim Louie;Smal Louie
Slippers;Tofflor
Sloane;Sloane
Slug Hemligssen;Slug Hemligssen
Slug Prince;Slug Prince
Small Lizard;Liten ödla
Small ninja monkey;Liten ninjaapa
Small zombie monkey;Liten zombieapa
Smellytoes;Illaluktande tår
Smiddi Ryak (hard);Smiddi Ryak (hård)
Smith;Smed
Smithing apprentice;Smideslärling
Smoggy;Smoggy
Smoke Devil;Rök djävulen
Smoke devil;Rök djävulen
Smokin' Joe;Röker Joe
Smolcano;Smolcano
Snail display;Snigel display
Snake;Orm
Snakeling;Snakeling
Snow;Snö
Snowflake;Snöflinga
Snowy knight;Snöig riddare
Sofiya;Sofia
Soldier;Soldat
Soldier (tier 1);Soldat (nivå 1)
Soldier (tier 2);Soldat (nivå 2)
Soldier (tier 3);Soldat (nivå 3)
Soldier (tier 4);Soldat (nivå 4)
Soldier (tier 5);Soldat (nivå 5)
Solihib;Solihib
Solus Dellagar;Solus Dellagar
Solztun;Solztun
Sophanem guard;Sophanem vakt
Sophia Hughes;Sophia Hughes
Sorceress;Häxa
Sorebones;Sorebones
Sorin;Sorin
Sorrn;Sorrn
Sotetseg;Sotetseg
Soulless;Själlös
Sourhog;Sourhog
Spang;Spang
Spawn;Rom
Spawn of Sarachnis;Spawn av Sarachnis
Spectator;Åskådare
Speedy Keith;Snabba Keith
Sphinx;Sfinx
Spice seller;Kryddförsäljare
Spider;Spindel
Spidine;Spidin
Spiked Turoth;Spikade Turoth
Spin Blades;Snurra blad
Spined larupia;Spined larupia
Spinner;Spinnare
Spinolyp;Spinolyp
Spirit Angler;Spirit Angler
Spirit of Scorpius;Scorpius ande
Spirit of Zadimus;Ande av Zadimus
Spirit tree;Andeträd
Spiritual mage;Andlig mage
Spiritual ranger;Andlig ranger
Spiritual warrior;Andlig krigare
Spit goblin;Spotta troll
Spitting Wyvern;Spottade Wyvern
Splatter;Stänka ner
Spotted kebbit;Fläckig kebbit
Spria;Spria
Spring Elemental;Spring Elemental
Squire;Väpnare
Squire (Intermediate);Squire (mellanliggande)
Squire (Novice);Squire (nybörjare)
Squire (Veteran);Squire (veteran)
Squirrel;Ekorre
Sraracha;Sraracha
Stag;Stag
Stanford;Stanford
Stankers;Stankers
Star Sprite;Star Sprite
Starflower;Stjärnblomma
Starlight;Starlight
Steel dragon;Drake av stål
Steve;Steve
Stick;Stick
Stone Guardian;Stenväktare
Stone mason;Stenhuggare
Stonemason;Stenhuggare
Storm Cloud;Orosmoln
Storm cloud;Orosmoln
Strange Old Man;Konstig gammal man
Strange plant;Konstig växt
Strange watcher;Konstig tittare
Stranger;Främling
Straven;Straven
Stray dog;Herrelös hund
Street urchin;Gatuborre
Strong Ronny;Starke Ronny
Student;Student
Stuliette;Stuliette
Stumpy;Stumpy
Stunned Hoop Snake;Bedövad Hoop Snake
Stunted demonic gorilla;Stuntad demonisk gorilla
Styrmir;Styrmir
Suit of armour;rustning
Sulphur Lizard;Svavelödla
Summer Elemental;Sommar Elemental
Summoned Soul;Tillkallad själ
Summoned Zombie;Kallade Zombie
Sune;Sune
Superior ghostly thrall;Överlägsen spöklik träl
Superior skeletal thrall;Överlägsen skelettträl
Superior zombified thrall;Överlägsen zombifierad träl
Supreme Commander;Högsta befälhavaren
Suqah;Suqah
Surgeon General Tafani;Generalkirurg Tafani
Surma;Surma
Surok Magis;Surok Magis
Survival Expert;Överlevnadsexpert
Suspect;Misstänka
Suspicious water;Misstänkt vatten
Svetlana;Svetlana
Svidi;Svidi
Swamp Crab;Träskkrabba
Swamp Priest;Träskpräst
Swamp frog;Träskgroda
Swamp lizard;Träsködla
Swamp snake;Träsk orm
Swamp toad;Träskpadda
Swampy log;Sumpig stock
Swan;Svan
Swarm;Svärm
Sweeper;Sopmaskin
Swensen the Navigator;Navigatören Swensen
Swordchick;Swordchick
Sylas;Sylas
Taiman;Taiman
Talia;Talia
Taloned Wyvern;Taloned Wyvern
Tamayu;Tamayu
Tamble;Tamble
Tanglefoot;Tanglefoot
Tanglefoot (hard);Tanglefoot (hård)
Tangleroot;Tangleroot
Tanner;Garvare
Tanya;Tanya
Tar Bubbles;Tar Bubbles
Tar Monster;Tjärmonster
Tarfol quo Maten;Tarfol quo Maten
Target;Mål
Taria;Taria
Tarik;Tarik
Tarn;Tjärn
Tarquin;Tarquin
Tassie Slipcast;Tassie Slipcast
Tati;Tati
Tatie;Tatie
Tau;Tau
Taxidermist;Konservator
Taylor;Taylor
Tayten;Tayten
Tea seller;Teförsäljare
Teacher;Lärare
Teacher and pupil;Lärare och elev
Ted Rehnison;Ted Rehnison
Tegdak;Tegdak
Tegid;Tegid
Tektiny;Tektiny
Tekton;Tekton
Tekton (enraged);Tekton (rasande)
Telekinetic Guardian;Telekinetic Guardian
Temple Spider;Tempelspindel
Temple guardian;Tempelväktare
Tempoross;Tempoross
Tentacle;Tentakel
Tenzing;Tenzing
Teodor;Teodor
Terror dog;Terror hund
Terror dog statue;Terror hund staty
Terrorbird;Terrorbird
Terrorbird display;Terrorbird display
Terrorchick gnome;Terrorchick tomte
Thakkrad Sigmundson;Thakkrad Sigmundson
The 'Wedge';"Kilen"
The Beast;Odjuret
The Collector;Samlaren
The Draugen;Draugen
The Everlasting;Den eviga
The Everlasting (hard);Den eviga (hårda)
The Face;Ansiktet
The Fisher King;Fisher King
The Illusive;The Illusive
The Inadequacy;Otillräckligheten
The Inadequacy (hard);Otillräckligheten (svår)
The Jormungand;Jormungand
The Kendal;Kendal
The Kendal (hard);The Kendal (hårt)
The Lady of the Lake;Damen vid sjön
The Maiden of Sugadinti;Jungfrun av Sugadinti
The Mimic;Mimiken
The Monkey's Aunt;Apans faster
The Monkey's Uncle;Apans farbror
The Nightmare;Mardrömmen
The Queen of Thieves;Drottningen av tjuvar
The Shaikahan;Shaikahan
The Untouchable;Det oberörbara
The Untouchable (hard);The Untouchable (hårt)
Thermonuclear smoke devil;Termonukleär rökdjävul
Thessalia;Thessalia
Thias Leacke;Thias Leacke
Thief;Tjuv
Thing under the bed;Sak under sängen
Thingol;Thingol
Third Age Mage;Mage från tredje åldern
Third Age Ranger;Third Age Ranger
Third Age Warrior;Third Age Warrior
Thirus;Thirus
Thistle;Tistel
Thomdril;Thomdril
Thora;Thora
Thora the Barkeep;Barkeisten Thora
Thordur;Thordur
Thorgel;Thorgel
Thorhild;Thorhild
Thorkel Silkbeard;Thorkel Silkesskägg
Thormac;Thormac
Thorodin;Thorodin
Thorvald the Warrior;Thorvald krigaren
Thrantax the Mighty;Thrantax den mäktige
Thrower Troll;Kastartroll
Thrower troll;Kastartroll
Thug;Gangster
Thumpy;Thumpy
Thurgo;Thurgo
Thyria;Thyria
Tiadeche;Tiadeche
Ticket Merchant;Biljettförsäljare
Ticket dwarf;Biljettdvärg
Ticket goblin;Ticket goblin
Tide;Tidvatten
Tiles;Kakel
Tilt;Luta
Tim;Tim
Timallus;Timallus
Timble;Timble
Timfraku;Timfraku
Tin ore;Tennmalm
Tina;Tina
Tindar;Tindar
Tindel Marchant;Tindel Marchant
Tinsay;Tinsay
Tinse Torpe;Tinse Torpe
Tiny Tempor;Tiny Tempor
Tirrie;Tirrie
Tjorvi;Tjorvi
Toban;Toban
Toby;Toby
Tok-Xil;Tok-Xil
Tolna;Tolna
Tomas Lawry;Tomas Lawry
Tombar;Tombar
Tommy 2-times;Tommy 2 gånger
Tool Leprechaun;Verktyg Leprechaun
Toothy;Tandigt
Topsy;Topsy
Torag the Corrupted;Torag den korrupta
Torbrund;Torbrund
Torcher;Torcher
Torfinn;Torfinn
Tormented Soul;Plågad själ
Torrcs;Torrcs
Torrell;Torrell
Tortoise;Sköldpadda
Tortured gorilla;Torterad gorilla
Tortured soul;Torterad själ
Tostig;Tostig
Tough Guy;Tuffing
Tower Advisor;Tornrådgivare
Tower Archer;Tower Archer
Tower Mage;Tower Mage
Tower guard;Tornvakt
Town Crier;Town Crier
Town Guard;Stadsvakten
Toy Doll;Leksaksdocka
Toy Mouse;Leksaksmus
Toy Soldier;Leksakssoldat
Tracker gnome 1;Tracker gnome 1
Tracker gnome 2;Tracker gnome 2
Tracker gnome 3;Tracker gnome 3
Trade Referee;Handelsdomare
Trader;Handlare
Trader Crewmember;Trader besättningsmedlem
Trader Stan;Handlare Stan
Trader Sven;Handlare Sven
Traiborn;Traiborn
Trainee Guard;Praktikantvakt
Trainer Nacklepen;Tränare Nackelpen
Tramp;Luffare
Trapped Soul;Instängd själ
Trapped Soul (hard);Instängd själ (hård)
Traxi;Traxi
Treacle;Sirap
Treasure fairy;Treasure fairy
Tree;Träd
Tree spirit;Trädanda
Tree spirit (hard);Trädanda (hård)
Trees;Träd
Trefaji;Trefaji
Treus Dayth;Treus Dayth
Treus Dayth (hard);Treus Dayth (hårt)
Treznor;Treznor
Tribal Weapon Salesman;Stamvapenförsäljare
Tribesman;Stamman
Tristan;Tristan
Trobert;Trobert
Trogen Konungarde;Trogen Konungarde
Troll;Troll
Troll child;Trollbarn
Troll father;Troll pappa
Troll general;Trollgeneral
Troll mother;Troll mamma
Troll spectator;Troll åskådare
Trolley;Vagn
Tropical wagtail;Tropisk vipstjärt
Trossa;Trossa
Trufitus;Trufitus
Tstanon Karlak;Tstanon Karlak
Turael;Turael
Turbogroomer;Turbogroomer
Turgall;Turgall
Turgok;Turgok
Turgon;Turgon
Turoth;Turoth
Tutab;Tutab
Twig;Kvist
Twiggy O'Korn;Twiggy O'Korn
Twisted Banshee;Twisted Banshee
Two-pints;Två pints
Tyke;Tyke
Tynan;Tynan
Typhor;Tyfor
Tyras Guard;Tyras vakt
Tyras guard;Tyras vakt
Tyss;Tyss
Tz-Kek;Tz-Kek
Tz-Kih;Tz-Kih
TzHaar-Hur;TzHaar-Hur
TzHaar-Hur-Lek;TzHaar-Hur-Lek
TzHaar-Hur-Rin;TzHaar-Hur-Rin
TzHaar-Hur-Tel;TzHaar-Hur-Tel
TzHaar-Hur-Zal;TzHaar-Hur-Zal
TzHaar-Ket;TzHaar-Ket
TzHaar-Ket-Keh;TzHaar-Ket-Keh
TzHaar-Ket-Rak;TzHaar-Ket-Rak
TzHaar-Ket-Yil;TzHaar-Ket-Yil
TzHaar-Ket-Zuh;TzHaar-Ket-Zuh
TzHaar-Mej;TzHaar-Mej
TzHaar-Mej-Bal;TzHaar-Mej-Bal
TzHaar-Mej-Dir;TzHaar-Mej-Dir
TzHaar-Mej-Jal;TzHaar-Mej-Jal
TzHaar-Mej-Kah;TzHaar-Mej-Kah
TzHaar-Mej-Roh;TzHaar-Mej-Roh
TzHaar-Xil;TzHaar-Xil
TzKal-Zuk;TzKal-Zuk
TzRek-Jad;TzRek-Jad
TzRek-Zuk;TzRek-Zuk
TzTok-Jad;TzTok-Jad
Ug;Ug
Uglug Nar;Uglug Nar
Ugthanki;Ugttack
Ulfric;Ulfric
Ulifed;Ulifed
Ulizius;Ulizius
Undead Druid;Undead Druid
Undead Lumberjack;Odöda skogshuggare
Undead Zealot;Undead Zelot
Undead chicken;Odöd kyckling
Undead cow;Odöd ko
Undead one;Odöd en
Undead tree;Odöda träd
Undor;Ångra
Unferth;Unferth
Ungadulu;Ungadulu
Unicorn;Enhörning
Unicorn Foal;Enhörningsföl
Unicow;Unicow
Unnamed troll child;Namnlöst trollbarn
Uodai;Uodai
Ur-lun;Ur-lun
Ur-meg;Ur-meg
Ur-taal;Ur-taal
Ur-tag;Ur-tagg
Ur-vass;Ur-vass
Ur-zek;Ur-zek
Urbi;Urbi
Uri;Uri
Urium Shade;Urium skugga
Urium Shadow;Urium skugga
Usi;Usi
Utrec;Utrec
Uurrak quo Narga;Uurrak quo Narga
Uwogo;Din väg
Uyoro;Uyoro
Vaeringk;Vaeringk
Vaire;Vaire
Valaine;Valaine
Valantay Eppel (medium);Valantay Eppel (medium)
Valentin Rasputin;Valentin Rasputin
Valentina Diaemus;Valentina Diaemus
Valeria;Valeria
Valgerd;Valgerd
Vallessia Dracyula;Vallessia Dracyula
Vallessia von Pitt;Vallessia von Pitt
Vampyre Juvenile;Vampyr Juvenile
Vampyre Juvinate;Vampyr juvinat
Vampyressa van Von;Vampyressa van Von
Vampyric hound;Vampyrhund
Vampyrus Diaemus;Vampyrus Diaemus
Vanescula Drakan;Vanescula Drakan
Vanessa;Vanessa
Vanguard;Förtrupp
Vanligga Gastfrihet;Vanligga Gastfrihet
Vannah;Vannah
Vannaka;Vannaka
Vanstrom Klause;Vanström Klause
Varrian Sobak;Varrian Sobak
Vasa Minirio;Vasa Minirio
Vasa Nistirio;Vasa Nistirio
Vasile;Vasile
Vasquen;Vasquen
Veliaf Hurtz;Veliaf Hurtz
Velorina;Velorina
Velrak the explorer;Velrak utforskaren
Venenatis;Venenatis
Veos;Veos
Vera;Vera
Verac the Defiled;Verac den smutsiga
Verak;Verak
Vermundi;Vermundi
Veronica;Veronica
Vertida Sefalatis;Vertida Sefalatis
Verzik Vitur;Verzik Vitur
Vespina;Vespina
Vespine soldier;Vespinsoldat
Vespula;Vespula
Vestri;Vestri
Vet'ion;Vet'ion
Vet'ion Jr.;Vet'ion Jr.
Vet'ion Reborn;Vet'ion Reborn
Victor;Segrare
Vigr;Vigr
Vigroy;Vigroy
Villager;Bybo
Villia;Villia
Violetta Sanguine;Violetta Sanguine
Vitreous Jelly;Glasaktig gelé
Vitreous warped Jelly;Glasaktig skev gelé
Viyeldi;Viyeldi
Vlad Bechstein;Vlad Bechstein
Vlad Diaemus;Vlad Diaemus
Vladimir;Vladimir
Voice of Yama;Röst av Yama
Void Knight;Void Knight
Volf Olafson;Volf Olafson
Von van Von;Von van Von
Vonnetta Varnis;Vonnetta Varnis
Vorkath;Vorkath
Vorki;Vorki
Vormar Vakan;Vormar Vakan
Vornas quo Maten;Vornas quo Maten
Vortas quo Keran;Vortas quo Keran
Vritra;Vritra
Vulcan Orvoros;Vulcan Orvoros
Vulture;Gam
Vyre Orator;Vyre Orator
Vyrelady;Vyrelady
Vyrelord;Vyrelord
Vyrewatch;Vyrewatch
Vyrewatch Sentinel;Vyrewatch Sentinel
Wagchin;Wagchin
Wall beast;Väggdjur
Wallasalki;Wallasalki
Wally;Wally
Wanderer;Vandrare
Wandering impling;Vandrande impling
Warped Jelly;Skev gelé
Warrior;Krigare
Warrior of Murahs;Warrior of Murahs
Warrior woman;Krigarekvinna
Watchman;Väktare
Watchtower Wizard;Vakttornstrollkarlen
Water elemental;Vatten elementärt
Water wizard;Vattentrollkarlen
Waterfiend;Waterfiend
Watson;Watson
Waydar;Waydar
Waymottin;Waymottin
Wayne;Wayne
Weakened Delrith;Försvagade Delrith
Weaponsmaster;Vapenmästare
Weird Old Man;Konstig gammal man
Well-armed Foe;Välbeväpnad fiende
Wemund;Wemund
Wengra quo Sihar;Wengra quo Sihar
Werewolf;Varulv
Wesley;Wesley
Weve;Vi har
Whirlpool;Bubbelpool
White Chisel Director;Vitmejseldirektör
White Chisel Secretary;White Chisel-sekreterare
White Knight;White Knight
White golem;Vit golem
White wolf;Vit varg
Wild dog;Vild hund
Wild kebbit;Vild kebbit
Will o' the wisp;Will o' the wisp
William;William
Willow;Vide
Wilough;Wilough
Wilson;Wilson
Wily cat;Slug katt
Wily hellcat;Wily hellcat
Winelda;Winelda
Wingman Skree;Wingman Skree
Wingstone;Wingstone
Winkin;Winkin
Winter Elemental;Vinter Elemental
Winter Soldier;Vintersoldat
Wintertoad;Vinterpadda
Wise Old Man;Vise gammal man
Wise Young Man;Vis ung man
Wiskit;Wiskit
Wistan;Wistan
Witch;Häxa
Witch's cat;Häxans katt
Witch's experiment;Häxans experiment
Witch's experiment (fourth form);Häxans experiment (fjärde formen)
Witch's experiment (fourth form) (hard);Häxans experiment (fjärde formen) (hårt)
Witch's experiment (hard);Häxexperiment (hårt)
Witch's experiment (second form);Häxexperiment (andra formen)
Witch's experiment (second form) (hard);Häxexperiment (andra formen) (hårt)
Witch's experiment (third form);Häxexperiment (tredje formen)
Witch's experiment (third form) (hard);Häxexperiment (tredje formen) (hårt)
Witchaven villager;Witchaven bybo
Wizard;Trollkarl
Wizard Akutha;Trollkarlen Akutha
Wizard Cromperty;Trollkarlen Cromperty
Wizard Distentor;Wizard Distentor
Wizard Frumscone;Trollkarlen Frumscone
Wizard Grayzag;Trollkarlen Grayzag
Wizard Mizgog;Trollkarlen Mizgog
Wizard Sinina;Trollkarlen Sinina
Wolf;Varg
Wolfbone;Wolfbone
Woman;Kvinna
Woman-at-arms (hard);Kvinna i vapen (hårt)
Wood Dryad;Trätorkad
Woodsman tutor;Woodsman handledare
Workman;Arbetare
Wormbrain;Maskhjärna
Wounded soldier;Sårad soldat
Wurbel;Wurbel
Wydin;Wydin
Wyrm;Wyrm
Wyson the gardener;Trädgårdsmästaren Wyson
Wyvern display;Wyvern display
Xamphur;Xamphur
Xarpus;Xarpus
Xorrah quo Sihar;Xorrah quo Sihar
Yadviga;Yadviga
Yak;Jak
Yanni Salika;Yanni Salika
Yarsul;Yarsul
Yellow Fortune Director;Yellow Fortune Director
Yellow Fortune Secretary;Yellow Fortune sekreterare
Yellow Sheep;Gula får
Yellow Snow;Gul snö
Yenrab;Yenrab
Yeti;Yeti
Ymladd;Ymladd
Yohnus;Yohnus
Young 'un;Ung 'un
Young impling;Ung impling
Youngllef;Youngllef
Yrsa;Yrsa
Ysbeid;Ysbeid
Ysgawyn;Ysgawyn
Ystwyth;Ystwyth
Yt-HurKot;Yt-HurKot
Yt-MejKot;Yt-MejKot
Yulf Squecks;Yulf Squecks
Yuri;Yuri
Zakl'n Gritch;Zakl'n Gritch
Zalcano;Zalcano
Zamorak crafter;Zamorak hantverkare
Zamorak mage;Zamorak magiker
Zamorak ranger;Zamorak ranger
Zamorak warrior;Zamorak krigare
Zamorak wizard;Zamorak trollkarl
Zogre;Zogre
Zoja;Zoja
Zombie;Zombie
Zombie pirate;Zombie pirat
Zombie rat;Zombieråtta
Zombie swab;Zombiesvabb
Zombies Champion;Zombies Champion
Zombified Spawn;Zombifierad Spawn
Zulrah;Zulrah
Zygomite;Zygomit
