 Sneaky undead fowl;Heimtückisches untotes Geflügel
'Beedy-eye' Jones;„Beedy-Eye“ Jones
'Beefy' Burns;„Beefy“ Burns
'Betty' B.Boppin;„Betty“ B. Boppin
'Bird's-Eye' Jack;„Bird's-Eye“-Jack
'Birds-Eye' Jack;„Birds-Eye“-Jack
'Black-eye';„Schwarzauge“
'Currency' The Alchemist;„Währung“ Der Alchemist
'Eagle-eye' Shultz;„Adlerauge“ Shultz
'Gummy';'Gummiartig'
'Lecherous' Lee;„Geiler“ Lee
'No fingers';„Keine Finger“
'Picarron' Pete;„Picarron“ Pete
'Sticky' Sanders;„Klebrige“ Sanders
'The Guns';„Die Waffen“
'Transmute' The Alchemist;„Transmutieren“ Sie den Alchemisten
1337sp34kr;1337sp34kr 
50% Luke;50% Lukas
? ? ? ?;? ? ? ?
A Doubt;Ein Zweifel
A pile of broken glass;Ein Haufen Glasscherben
A'abla;A'abla
Abbot Langley;Abt Langley
Aberab;Aberab
Aberrant spectre;Aberrantes Gespenst
Abhorrent spectre;Abscheuliches Gespenst
Abidor Crank;Abidor-Kurbel
Abigaila;Abigaila
Abigale;Abigale
Abomination;Gräuel
Abyssal Sire;Abgründiger Vater
Abyssal demon;Abgründiger Dämon
Abyssal guardian;Abgründiger Wächter
Abyssal leech;Abgründiger Blutegel
Abyssal orphan;Abgründiges Waisenkind
Account Guide;Kontoleitfaden
Account security tutor;Tutor für Kontosicherheit
Acidic Bloodveld;Saures Blutfeld
Acorn;Eichel
Adamant dragon;Adamant-Drache
Adamantite ore;Adamantit-Erz
Adventurer;Abenteurer
Adventurer (easy);Abenteurer (einfach)
Adventurer Jon;Abenteurer Jon
Advisor Ghrim;Berater Ghrim
Aemad;Aemad
Aeonisig Raispher;Aeonisig Raispher
Afflicted;Betroffen
Afflicted(Razmire);Betroffen (Razmire)
Afflicted(Ulsquire);Betroffen (Ulsquire)
Afrah;Afrah
Aga;Aga
Aggie;Aggie
Agility Boss;Agility-Chef
Agility Instructor;Agility-Trainer
Agility Trainer;Agility-Trainer
Agmundi;Agmundi
Agnar;Agnar
Agrith Naar;Agrith Naar
Agrith Naar (hard);Agrith Naar (hart)
Agrith-Na-Na;Agrith-Na-Na
Agrith-Na-Na (hard);Agrith-Na-Na (hart)
Ahab;Ahab
Ahrim the Blighted;Ahrim der Verdorbene
Air elemental;Luftelementar
Air wizard;Luftzauberer
Aisles;Gänge
Aivas;Aivas
Ajjat;Ajjat
Ak-Haranu;Ak-Haranu
Akthanakos;Akthanakos
Al Shabim;Al Shabim
Al the Camel;Al das Kamel
Al-Kharid warrior;Al-Kharid-Krieger
Alain;Alain
Alan;Alan
Albino bat;Albino-Fledermaus
Alchemical Hydra;Alchemistische Hydra
Alchemy Guardian;Alchemiewächter
Alec Kincade;Alec Kincade
Aleck;Aleck
Alek Constantine;Alek Constantine
Alexander;Alexander
Alexandra;Alexandra
Alexis;Alexis
Alfonse the waiter;Alfonse der Kellner
Ali Morrisane;Ali Morrisane
Ali The barman;Ali Der Barmann
Ali the Camel;Ali das Kamel
Ali the Camel Man;Ali der Kamelmann
Ali the Carter;Ali der Fuhrmann
Ali the Farmer;Ali der Bauer
Ali the Guard;Ali der Wächter
Ali the Hag;Ali die Hexe
Ali the Kebab seller;Ali der Kebab-Verkäufer
Ali the Leaflet Dropper;Ali, der Flugblattwerfer
Ali the Mayor;Ali der Bürgermeister
Ali the Operator;Ali der Betreiber
Ali the Smith;Ali der Schmied
Ali the Snake Charmer;Ali der Schlangenbeschwörer
Ali the Tailor;Ali der Schneider
Ali the dyer;Ali der Färber
Alice;Alice
Alice the Camel;Alice das Kamel
Alice's husband;Alices Ehemann
Allanna;Allanna
Almera;Almera
Alomone;Alomone
Alrena;Alrena
Alrik;Alrik
Alry the Angler;Alry der Angler
Altar;Altar
Altarkiz;Altarkiz
Aluft Gianne snr.;Aluft Gianne snr.
Alviss;Alviss
Alwyn;Alwyn
Alyssa;Alyssa
Ambassador Alvijar;Botschafter Alvijar
Ambassador Ferrnook;Botschafter Ferrnook
Ambassador Gimblewap;Botschafter Gimblewap
Ambassador Spanfipple;Botschafter Spanfipple
Amelia;Amelia
Ammonite Crab;Ammonitenkrabbe
Amrod;Amrod
Amy;Amy
An old Dwarf;Ein alter Zwerg
Ana;Ana
Anaire;Anaire
Ancient Fungi;Alte Pilze
Ancient Ghost;Uralter Geist
Ancient Guardian;Alter Wächter
Ancient Wizard;Alter Zauberer
Ancient Wyvern;Uralter Wyvern
Ancient Zygomite;Uralter Zygomit
Ancient monkey;Alter Affe
Andiess Juip;Andiess Juip
Andras;Andras
Andrea;Andrea
Andros Mai;Andros Mai
Aneirin;Aneirin
Angel;Engel
Angelo;Angelo
Angry barbarian spirit;Wütender Barbarengeist
Angry bear;Wütender Bär
Angry giant rat;Wütende Riesenratte
Angry goblin;Wütender Kobold
Angry unicorn;Wütendes Einhorn
Animated Adamant Armour;Animierte Adamant-Rüstung
Animated Black Armour;Animierte schwarze Rüstung
Animated Bronze Armour;Animierte Bronzerüstung
Animated Iron Armour;Animierte Eisenrüstung
Animated Mithril Armour;Animierte Mithril-Rüstung
Animated Rune Armour;Animierte Runenrüstung
Animated Steel Armour;Animierte Stahlrüstung
Animated spade;Animierter Spaten
Animated steel armour;Animierte Stahlrüstung
Anita;Anita
Anja;Anja
Ankou;Ankou
Anleif;Anleif
Anna;Anna
Anna Jones;Anna Jones
Anne Isaakson;Anne Isaakson
Annette;Annette
Annoyed guardian mummy;Verärgerte Wächter-Mami
Anton;Anton
Anwen;Anwen
Apmeken;Apmeken
Apothecary;Apotheker
Apprentice;Lehrling
Apprentice (medium);Lehrling (mittel)
Apprentice workman;Handwerkslehrling
Aranwe;Aranwe
Archaeological expert;Archäologischer Experte
Archaeologist;Archäologe
Archeio;Archeio
Archer;Bogenschütze
Archpriest of the Unicorn;Erzpriester des Einhorns
Arcis;Arcis
Aredhel;Aredhel
Aretha;Aretha
Arhein;Arhein
Arianwyn;Arianwyn
Arianwyn (hard);Arianwyn (hart)
Aristarchus;Aristarch
Armadylean guard;Armadylean-Wache
Armod;Armod
Armour salesman;Rüstungsverkäufer
Armoured Foe;Gepanzerter Feind
Armourer (tier 1);Waffenschmied (Stufe 1)
Armourer (tier 2);Waffenschmied (Stufe 2)
Armourer (tier 3);Waffenschmied (Stufe 3)
Armourer (tier 4);Waffenschmied (Stufe 4)
Armourer (tier 5);Waffenschmied (Stufe 5)
Army Commander;Heerführer
Arno;Arno
Arnold Lydspor;Arnold Lydspor
Arnor;Arnor
Arrg;Arrg
Arrg (hard);Arrg (hart)
Arsen the Thief;Arsen der Dieb
Art;Kunst
Art Critic Jacques;Kunstkritiker Jacques
Arthur;Arthur
Arthur the Clue Hunter;Arthur, der Hinweisjäger
Artimeus;Artimeus
Artur Hosidius;Artur Hosidius
Arvel;Arvel
Arzinian Avatar of Magic;Arzinianischer Avatar der Magie
Arzinian Avatar of Ranging;Arzinianischer Avatar des Fernkampfs
Arzinian Avatar of Strength;Arzinianischer Avatar der Stärke
Arzinian Being of Bordanzan;Arzinianisches Wesen von Bordanzan
Ash;Asche
Ashild;Ashild
Askeladden;Askeladden
Assassin;Attentäter
Assistant;Assistent
Assistant Brock;Assistent Brock
Assistant Le Smith;Assistent Le Smith
Assistant Lori;Assistentin Lori
Assistant Marrow;Assistent Marrow
Assistant Serf;Stellvertretender Leibeigener
Assistant Stan;Assistent Stan
Asteros Arceuus;Asteros Arceuus
Asyff;Asyff
Asyn Shade;Asyn Shade
Asyn Shadow;Asyn Schatten
Asyn shadow;Asyn-Schatten
Atlas;Atlas
Aubury;Aubury
Auctioneer;Auktionator
Audmann;Audmann
Auguste;Auguste
Aurel;Aurel
Austri;Österreich
Autumn Elemental;Herbstelementar
Ava;Ava
Avan;Avan
Avatar of Creation;Avatar der Schöpfung
Avatar of Destruction;Avatar der Zerstörung
Aviansie;Aviansie
Awakened Altar;Erwachter Altar
Awowogei;Awowogei
Awusah the Mayor;Awusah der Bürgermeister
Ayesha;Ayesha
Azzanadra;Azzanadra
Baba Yaga;Baba Jaga
Baby Chinchompa;Baby Chinchompa
Baby Mole;Baby-Maulwurf
Baby Mole-rat;Baby-Maulwurfsratte
Baby Roc;Baby Roc
Baby black dragon;Baby schwarzer Drache
Baby blue dragon;Babyblauer Drache
Baby green dragon;Baby grüner Drache
Baby impling;Baby fleht an
Baby red dragon;Baby-roter Drache
Baby tanglefoot;Baby-Tanglefoot
Badger;Dachs
Bailey;Bailey
Baker;Bäcker
Bakuna;Bakuna
Bald Headed Eagle;Weißkopfseeadler
Balfrug Kreeyath;Balfrug Kreeyath
Balloon Animal;Ballontier
Balloon Toad;Ballonkröte
Bandit;Bandit
Bandit Leader;Banditenführer
Bandit champion;Banditen-Champion
Bandit shopkeeper;Banditenladenbesitzer
Bandosian guard;Bandosianische Wache
Banisoch;Banisoch
Bank guard;Bankwächter
Banker;Banker
Banker tutor;Nachhilfelehrer für Banker
Banknote Exchange Merchant;Banknotenwechselhändler
Banshee;Banshee
Baraek;Baraek
Barb-tailed kebbit;Kebbit mit Widerhakenschwanz
Barbara;Barbara
Barbarian;Barbar
Barbarian Warlord;Barbarischer Kriegsherr
Barbarian guard;Barbarenwache
Bardur;Bardur
Barfy Bill;Barfy Bill
Barge foreman;Kahnvorarbeiter
Barge guard;Kahnwächter
Barge workman;Kahnarbeiter
Bark Blamish Snail;Rindenschnecke
Barker;Barker
Barlak;Barlak
Barmaid;Bardame
Barman;Barmann
Barnabus Hurma;Barnabus Hurma
Barrelchest;Fasstruhe
Barrelchest (hard);Fassbrust (hart)
Barricade;Barrikade
Bartak;Bartak
Bartender;Barmann
Basilisk;Basilisk
Basilisk Knight;Basiliskenritter
Basilisk Sentinel;Basilisk-Wächter
Basilisk Youngling;Basilisk-Jungling
Bast;Bast
Bat;Schläger
Batt Mellamy;Batt Mellamy
Battle mage;Kampfmagier
Battle tortoise display;Kampfschildkröten-Ausstellung
Baxtorian;Baxtorianer
Bear Cub;Bärenjunges
Bearded gorilla;Bartgorilla
Beaver;Biber
Bed;Bett
Bedabin Nomad;Bedabin Nomad
Bedabin Nomad Fighter;Bedabin Nomad Fighter
Bedabin Nomad Guard;Bedabin-Nomadenwache
Bedread the bold;Bettlesen Sie das Mutige
Bee keeper;Imker
Bees!;Bienen!
Beggar;Bettler
Beigarth;Beigarth
Beite;Beite
Bellemorde;Bellemorde
Belona;Belona
Bench;Bank
Benjamin;Benjamin
Benny;Benny
Bentamir;Bentamir
Bernald;Bernald
Berry;Beere
Berserk barbarian spirit;Berserker-Barbarengeist
Bert;Bert
Betty;Betty
Biblia;Biblia
Big Snake;Große Schlange
Big Wolf;Großer Wolf
Big frog;Großer Frosch
BigRedJapan;BigRedJapan
Bill Teach;Bill Teach
Billy;Billy
Billy Goat;Ziegenbock
Billy Rehnison;Billy Rehnison
Billy, a guard of Falador;Billy, ein Wächter von Falador
Bird;Vogel
Bjorn;Björn
Black Cat;Schwarze Katze
Black Guard;Schwarze Garde
Black Guard Berserker;Berserker der Schwarzen Garde
Black Heather;Schwarze Heide
Black Knight;Schwarzer Ritter
Black Knight Captain;Kapitän der Schwarzen Ritter
Black Knight Titan;Schwarzer Ritter-Titan
Black Knight Titan (hard);Black Knight Titan (schwer)
Black bear;Schwarzer Bär
Black chinchompa;Schwarzer Chinchompa
Black demon;Schwarzer Dämon
Black demon (hard);Schwarzer Dämon (hart)
Black dragon;Schwarzer Drache
Black golem;Schwarzer Golem
Black salamander;Schwarzer Salamander
Black swan;Schwarzer Schwan
Black unicorn;Schwarzes Einhorn
Black unicorn Foal;Schwarzes Einhornfohlen
Black warlock;Schwarzer Hexenmeister
Blackjack seller;Blackjack-Verkäufer
Blaec;Blaec
Blair;Blair
Blandebir;Blandebir
Blanin;Blanin
Blasidar the sculptor;Blasidar, der Bildhauer
Blast Furnace Foreman;Hochofenvorarbeiter
Blessed giant rat;Gesegnete Riesenratte
Blessed spider;Gesegnete Spinne
Bloated Toad;Aufgedunsene Kröte
Blood Blamish Snail;Blutblamische Schnecke
Blood spawn;Blutbrut
Bloodhound;Bluthund
Bloodveld;Blutveld
Bloodworm;Blutwurm
Blue Monkey;Blauer Affe
Blue Opal Director;Blue Opal-Direktor
Blue Opal Secretary;Blauer Opal-Sekretär
Blue Sheep;Blaues Schaf
Blue dragon;Blauer Drache
Blurberry;Blurberry
Boar;Eber
Boat;Boot
Bob;Bob
Bob Barter (herbs);Bob Barter (Kräuter)
Bob, another guard of Falador;Bob, ein weiterer Wächter von Falador
Bobawu;Bobawu
Bobbing fossil;Wackelndes Fossil
Body Golem;Körpergolem
Bolkoy;Bolkoy
Bologa;Bologa
Bolongo;Bolongo
Bonafido;Bonafido
Boneguard;Knochenwächter
Bones;Knochen
Bonzara;Bonzara
Bonzo;Bonzo
Boot;Stiefel
Border Guard;Grenzschutz
Boris;Boris
Bork Sigmundson;Bork Sigmundson
Borrokar;Borrokar
Boulder;Felsblock
Bouncer;Türsteher
Bouncer (hard);Türsteher (hart)
Bouquet Mac Hyacinth;Strauß Mac-Hyazinthe
Bow and Arrow salesman;Verkäufer von Pfeil und Bogen
Boy;Junge
Brambickle;Brombeersträucher
Brana;Brana
Branwen;Branwen
Brassican Mage;Brassicanischer Magier
Bravek;Bravek
Brawler;Zänker
Bree;Bree
Breive;Breive
Brendt;Brendt
Breoca;Breoca
Brewer;Brauer
Brian;Brian
Brian O'Richard;Brian O'Richard
Briget;Briget
Brimstail;Brimstail
Brine rat;Soleratte
Broddi;Broddi
Broken Handz;Gebrochene Hände
Broken clay golem;Zerbrochener Tongolem
Bronze dragon;Bronzener Drache
Broodoo victim;Broodoo-Opfer
Brother Aimeri;Bruder Aimeri
Brother Althric;Bruder Althric
Brother Brace;Bruder Brace
Brother Cedric;Bruder Cedric
Brother Jered;Bruder Jered
Brother Kojo;Bruder Kojo
Brother Maledict;Bruder Maledict
Brother Omad;Bruder Omad
Brother Tranquility;Bruder Ruhe
Brown Engine Director;Brown Engine-Direktor
Brown Engine Secretary;Brown Engine-Sekretär
Brugsen Bursen;Brugsen Bursen
Bruise Blamish Snail;Bruise Blamish Snail
Brundt the Chieftain;Brundt der Häuptling
Brutal black dragon;Brutaler schwarzer Drache
Brutal blue dragon;Brutaler blauer Drache
Brutal green dragon;Brutaler grüner Drache
Brutal red dragon;Brutaler roter Drache
Bryn;Bryn
Bryophyta;Bryophyta
Bugs;Käfer
Builder;Baumeister
Buinn;Buinn
Bullrush;Bullrush
Bunkdo;Etagenbett
Bunkwicket;Etagenbett
Bunny;Hase
Burkor;Burkor
Burntmeat;Verbranntes Fleisch
Burntof;Burntof
Bush snake;Buschschlange
Butler;Butler
Butler Jarvis;Butler Jarvis
Butler Jones;Butler Jones
Butterfly;Schmetterling
Cabin Boy Colin;Kabinenjunge Colin
Cabin Boy Herbert;Schiffsjunge Herbert
Cabin boy;Schiffsjunge
Cabin boy Jenkins;Schiffsjunge Jenkins
Caden Azro;Caden Azro
Caerwyn;Caerwyn
Cage;Käfig
Caleb;Caleb
Calin;Calin
Callisto;Callisto
Callisto cub;Callisto-Jungtier
Cam the Camel;Cam das Kamel
Camarst;Camarst
Camel;Kamel
Camorra;Camorra
Camp dweller;Lagerbewohner
Candle maker;Kerzenmacher
Candle seller;Kerzenverkäufer
Caninelle Draynar;Caninelle Draynar
Cannoneer;Kanonier
Cap'n Hand;Käpt’n Hand
Cap'n Izzy No-Beard;Käpt'n Izzy No-Beard
Capt' Arnav;Kapitän Arnav
Captain;Kapitän
Captain Barnaby;Kapitän Barnaby
Captain Bentley;Kapitän Bentley
Captain Bleemadge;Kapitän Bleemadge
Captain Braindeath;Kapitän Braindeath
Captain Bruce;Kapitän Bruce
Captain Cain;Kapitän Cain
Captain Cleive;Kapitän Cleive
Captain Daerkin;Kapitän Daerkin
Captain Dalbur;Kapitän Dalbur
Captain Donnie;Kapitän Donnie
Captain Dudi;Kapitän Dudi
Captain Errdo;Kapitän Errdo
Captain Ginea;Kapitän Ginea
Captain Janaway;Kapitän Janaway
Captain Kalt;Kapitän Kalt
Captain Khaled;Kapitän Khaled
Captain Klemfoodle;Kapitän Klemfoodle
Captain Lamdoo;Kapitän Lamdoo
Captain Lawgof;Kapitän Lawgof
Captain Magoro;Kapitän Magoro
Captain Ned;Kapitän Ned
Captain Ninto;Kapitän Ninto
Captain Pudi;Kapitän Pudi
Captain Rachelle;Kapitän Rachelle
Captain Rimor;Kapitän Rimor
Captain Rovin;Kapitän Rovin
Captain Sdiar;Kapitän Sdiar
Captain Shanks;Kapitän Shanks
Captain Siad;Kapitän Siad
Captain Tobias;Kapitän Tobias
Captain Tock;Kapitän Tock
Captain Tom;Kapitän Tom
Carado;Carado
Caranthir;Caranthir
Carl;Carl
Carla;Carla
Carnivorous chinchompa;Fleischfressender Chinchompa
Carnivus Belamorta;Carnivus Belamorta
Carol;Carol
Caroline;Caroline
Carpenter;Tischler
Carpenter Kjallak;Zimmermann Kjallak
Cart Camel;Warenkorb Kamel
Cart conductor;Wagendirigent
Cassie;Cassie
Cat;Katze
Catablepon;Catablepon
Catalina;Catalina
Cave Scenery;Höhlenlandschaft
Cave abomination;Höhlengreuel
Cave bug;Höhlenwanze
Cave bug larva;Höhlenwanzenlarve
Cave crawler;Höhlenkriecher
Cave goblin;Höhlenkobold
Cave goblin child;Höhlenkoboldkind
Cave goblin guard;Höhlenkoboldwächter
Cave goblin miner;Höhlengoblin-Bergmann
Cave horror;Höhlenhorror
Cave kraken;Höhlenkrake
Cave lizard;Höhleneidechse
Cave monk;Höhlenmönch
Cave slime;Höhlenschleim
Cave snake;Höhlenschlange
Cavemouth;Höhlenschlund
Cavey Davey;Cavey Davey
Cecilia;Cecilia
Celebrian;Celebrian
Celegorm;Celegorm
Celyn;Celyn
Centaur;Zentaur
Ceolburg;Ceolburg
Cerberus;Cerberus
Ceril Carnillean;Ceril Carnillean
Cerulean twitch;Himmelblaues Zucken
Ceto;Ceto
Chadwell;Chadwell
Chamber guardian;Kammerwächter
Chancy;Riskant
Chaos Elemental;Chaoselementar
Chaos Elemental Jr.;Chaos Elementar Jr.
Chaos Fanatic;Chaos-Fanatiker
Chaos Golem;Chaosgolem
Chaos druid;Chaos-Druide
Chaos druid warrior;Chaos-Druidenkrieger
Chaos dwarf;Chaos-Zwerg
Chaotic death spawn;Chaotische Todesbrut
Charles;Charles
Charles Charlington;Charles Charlington
Charley;Charley
Charlie;Charlie
Charlie Brown;Charlie Brown
Charlie the Tramp;Charlie der Tramp
Charlie the cook;Charlie, der Koch
Charmed Warrior;Bezauberter Krieger
Chasm Crawler;Abgrundkriecher
Checkal;Scheck
Cheerleader;Cheerleader
Chef Olivia;Chefkoch Olivia
Chemist;Chemiker
Cheryl;Cheryl
Chicken;Huhn
Chief Farmer;Chefbauer
Chief Tess;Chef Tess
Chief servant;Oberster Diener
Child;Kind
Chinchompa;Chinchompa
Choke devil;Würge Teufel
Chompy bird;Chompy-Vogel
Chompy chick;Chompiges Küken
Chronozon;Chronozon
Chronozon (hard);Chronozon (hart)
Chuck;Futter
Cirdan;Cirdan
City guard;Stadtwache
Civilian;Zivilist
Clan Guard;Clan-Wache
Claude;Claude
Claus the chef;Claus, der Koch
Clay golem;Tongolem
Cleaner;Reiniger
Cleddyf;Cleddyf
Clerk;Sachbearbeiter
Clerris;Clerris
Clivet;Clivet
Clockwork cat;Uhrwerkkatze
Clothears;Kleidung
Co-ordinator;Koordinator
Coal;Kohle
Cob;Cob
Cockathrice;Cockathrice
Cockatrice;Nymphensittich
Coenus;Coenus
Col. O'Niall;Oberst O'Niall
Colonel Grimsson;Oberst Grimsson
Colonel Radick;Oberst Radick
Colossal Hydra;Kolossale Hydra
Combat Instructor;Kampfausbilder
Combat Test;Kampftest
Combat Test (maxhit);Kampftest (maxhit)
Combat stone;Kampfstein
Commander Connad;Kommandant Connad
Commander Fullore;Kommandant Fullore
Commander Montai;Kommandant Montai
Commander Zilyana;Kommandant Zilyana
Commissioner Anwar;Kommissar Anwar
Competition Judge;Wettbewerbsrichter
Confused barbarian;Verwirrter Barbar
Confusion beast;Verwirrungsbiest
Conrad King;Konrad König
Cook;Kochen
Cooking tutor;Kochlehrer
Cool Mom227;Coole Mama227
Copper longtail;Kupfer-Longtail
Copper ore;Kupfererz
Corkat quo Sihar;Corkat quo Sihar
Cormorant;Kormoran
Cornelius;Kornelius
Corporeal Beast;Körperliches Biest
Corporeal Critter;Körperliches Lebewesen
Corpse;Leichnam
Corrupt Lizardman;Korrupter Echsenmensch
Corrupt Lizardman (hard);Korrupter Echsenmann (schwer)
Corrupted Bat;Verdorbene Fledermaus
Corrupted Bear;Verdorbener Bär
Corrupted Dark Beast;Verdorbenes dunkles Biest
Corrupted Dragon;Verdorbener Drache
Corrupted Hunllef;Verdorbener Hunllef
Corrupted Rat;Verdorbene Ratte
Corrupted Scorpion;Korrupter Skorpion
Corrupted Spider;Verdorbene Spinne
Corrupted Unicorn;Verdorbenes Einhorn
Corrupted Wolf;Verdorbener Wolf
Corrupted Youngllef;Verdorbener Youngllef
Corrupted scavenger;Korrupter Aasfresser
Corsair Traitor;Korsaren-Verräter
Corsair Traitor (hard);Korsarenverräter (schwer)
Cosmic Being;Kosmisches Wesen
Council workman;Ratsarbeiter
Councillor Andrews;Stadtrat Andrews
Councillor Halgrive;Ratsmitglied Halgrive
Councillor Orson;Stadtrat Orson
Councillor Unkar;Stadtrat Unkar
Count Check;Zählscheck
Count Draynor;Graf Draynor
Count Draynor (hard);Graf Draynor (hart)
Court judge;Gerichtsrichter
Cow;Kuh
Cow (hard);Kuh (hart)
Cow calf;Kuhkalb
Cow31337Killer;Cow31337Killer
Cowardly Bandit;Feiger Bandit
Crab;Krabbe
Crafting tutor;Bastellehrer
Crate;Kiste
Crate goblin;Kiste Kobold
Crawling Hand;Kriechende Hand
Crawling hand;Kriechende Hand
Crazy archaeologist;Verrückter Archäologe
Creakyknees;Knarrende Knie
Crefydd;Crefydd
Crimson swift;Purpurroter Mauersegler
Crimsonette van Marr;Crimsonette van Marr
Crocodile;Krokodil
Crondis;Crondis
Crone;Alte
Crow;Krähe
Crunchy;Knackig
Crusher;Brecher
Crushing hand;Zerquetschende Hand
Crust of ice;Eiskruste
Crypt rat;Gruftratte
Crypt spider;Gruftspinne
Crystal impling;Kristall impliziert
Crystalline Bat;Kristalline Fledermaus
Crystalline Bear;Kristalliner Bär
Crystalline Dark Beast;Kristallines dunkles Biest
Crystalline Dragon;Kristalliner Drache
Crystalline Hunllef;Kristalliner Hunllef
Crystalline Rat;Kristalline Ratte
Crystalline Scorpion;Kristalliner Skorpion
Crystalline Spider;Kristalline Spinne
Crystalline Unicorn;Kristallines Einhorn
Crystalline Wolf;Kristalliner Wolf
Cuffs;Manschetten
Culinaromancer;Kulinarischer Romantiker
Culinaromancer (hard);Culinaromancer (hart)
Curator Haig Halen;Kurator Haig Halen
Curly;Lockig
Curpile Fyod;Curpile Fyod
Curufin;Curufin
Customer;Kunde
Customs officer;Zollbeamte
Cute creature;Süßes Wesen
Cyclops;Zyklop
Cyreg Paddlehorn;Cyreg Paddelhorn
Cyrisus;Cyrisus
Da Vinci;Da Vinci
Dad;Papa
Dad (hard);Papa (hart)
Daer Krand;Daer Krand
Daero;Daero
Daga;Daga
Dagannoth;Dagannoth
Dagannoth Prime;Dagannoth Prime
Dagannoth Prime Jr.;Dagannoth Prime Jr.
Dagannoth Rex;Dagannoth Rex
Dagannoth Rex Jr.;Dagannoth Rex Jr.
Dagannoth Supreme;Dagannoth Supreme
Dagannoth Supreme Jr.;Dagannoth Supreme Jr.
Dagannoth fledgeling;Dagannoth-Neuling
Dagannoth mother;Dagannoth-Mutter
Dagannoth mother (hard);Dagannoth-Mutter (hart)
Dagannoth spawn;Dagannoth-Spawn
Dakh'thoulan Aegis;Dakh'thoulan Aegis
Dalal;Dalal
Dalcian Fang (easy);Dalcian Fang (einfach)
Dalila;Dalila
Dallas Jones;Dallas Jones
Dalldav;Dalldav
Damaged clay golem;Beschädigter Tongolem
Damien Leucurte;Damien Leucurte
Damis;Damis
Damis (hard);Damis (hart)
Dampe;Dämpfen
Damwin;Damwin
Dantaera;Dantaera
Darcor quo Narga;Darcor quo Narga
Dark Ankou;Dunkler Ankou
Dark Core;Dunkler Kern
Dark Mage;Dunkler Magier
Dark Squirrel;Dunkles Eichhörnchen
Dark beast;Dunkles Biest
Dark core;Dunkler Kern
Dark energy core;Dunkler Energiekern
Dark kebbit;Dunkler Kebbit
Dark mage;Dunkler Magier
Dark warrior;Dunkler Krieger
Dark wizard;Dunkler Zauberer
Darkmeyer Slave;Darkmeyer-Sklave
Darren;Darren
Dartog;Dartog
Darve;Darve
Daryl;Daryl
Dashing kebbit;Schneidiger Kebbit
Dave;Dave
Davey;Davey
David;David
David Andrews;David Andrews
Davon;Davon
Dawn;Dämmerung
Dead swamp snake;Tote Sumpfschlange
Deadly red spider;Tödliche rote Spinne
Death;Tod
Death spawn;Todesbrut
Death wing;Todesflügel
Deathly mage;Tödlicher Magier
Deathly ranger;Tödlicher Waldläufer
Debra;Debra
Defiler;Schänder
Del-Monty;Del-Monty
Delrith;Delrith
Demon;Dämon
Demon butler;Dämonenbutler
Demonic gorilla;Dämonischer Gorilla
Denadu;Denadu
Denath;Denath
Denulth;Denulth
Deranged archaeologist;Geistesgestörter Archäologe
Derni;Derni
Dernu;Dernu
Derrik;Derrik
Derse Venator;Derse Venator
Derwen;Derwen
Desert Lizard;Wüsteneidechse
Desert Phoenix;Wüsten-Phoenix
Desert Spirit;Wüstengeist
Desert Wolf;Wüstenwolf
Desert eagle;Wüstenadler
Desert snake;Wüstenschlange
Desmodus Lasiurus;Desmodus Lasiurus
Despoina Callidra;Despoina Callidra
Dessourt;Dessourt
Dessourt (hard);Dessourt (hart)
Dessous;Dessous
Dessous (hard);Dessous (hart)
Devan Rutter;Devan Rutter
Deviant spectre;Abweichendes Gespenst
Devin Mendelberg;Devin Mendelberg
Dharok the Wretched;Dharok der Elende
Diana;Diana
Diango;Diango
Dig Site workman;Arbeiter der Grabungsstelle
Digsite workman;Grabungsarbeiter
Dimintheis;Dimintheis
Diol;Diol
Diphylla Bechstein;Diphylla Bechstein
Dire Wolf;Schreckenswolf
Disciple of Iban;Schüler von Iban
Disciple of Yama;Schüler von Yama
Dobwinkle;Dobwinkle
Dock worker;Hafenarbeiter
Dockmaster;Hafenmeister
Doctor Orbon;Doktor Orbon
Dodgy Squire;Zwielichtiger Knappe
Dog;Hund
Doll;Puppe
Dominic Onion;Dominic Onion
Dommik;Dommik
Don;Don
Don't Know What;Ich weiß nicht was
Donal;Donal
Dondakan the Dwarf;Dondakan der Zwerg
Donie;Donie
Donny the lad;Donny, der Junge
Donovan the Family Handyman;Donovan, der Familienhandwerker
Doomion;Untergang
Doomsayer;Untergangsjäger
Door;Tür
Door man;Türsteher
Door-support;Türunterstützung
Doric;Dorisch
Doris;Doris
Double agent;Doppelagent
Doug Deeping;Doug Deeping
Doyen;Doyen
Dr Fenkenstrain;Dr. Fenkenstrain
Dr Ford;Dr. Ford
Dr Harlow;Dr. Harlow
Dr Jekyll;Dr. Jekyll
Draconis Sanguine;Draconis Sanguine
Dragon display;Drachendarstellung
Dragonkin;Drachenkin
Drain pipe;Abflussrohr
Drake;Erpel
Drasdan Ranor;Drasdan Ranor
Draul Leptoc;Draul Leptoc
Dreven;Dreven
Drew;Drew
Drezel;Drezel
Driftwood;Treibholz
Drill Sergeant;Drill Sergeant
Droalak;Droalak
Drogo dwarf;Drogo-Zwerg
Dromund;Dromund
Dromund's cat;Dromunds Katze
Dron;Dron
Druid;Druide
Drunken Ali;Der betrunkene Ali
Drunken Dwarf;Betrunkener Zwerg
Drunken Dwarf's Leg;Bein des betrunkenen Zwergs
Drunken man;Betrunkener Mann
Drunken soldier;Betrunkener Soldat
Dryad;Dryade
Duck;Ente
Duckling;Entlein
Ducklings;Entenküken
Dugopul;Dugopul
Duke;Herzog
Duke Horacio;Herzog Horacio
Dummy;Dummy
Dumpy;Pummelig
Dung;Dung
Dungeon rat;Kerkerratte
Dunstan;Dunstan
Duradel;Duradel
Durgok;Durgok
Dusk;Dämmerung
Dust devil;Staubteufel
Dusty Aliv;Staubiger Aliv
Dusuri;Dusuri
Dwarf;Zwerg
Dwarf gang member;Mitglied einer Zwergenbande
Dwarven Boatman;Zwergischer Bootsmann
Dwarven Engineer;Zwergeningenieur
Dwarven Ferryman;Zwergischer Fährmann
Dwarven Miner;Zwergenbergmann
Eadburg;Eadburg
Eadgar;Eadgar
Eagle;Adler
Earth Warrior Champion;Champion der Erdkrieger
Earth elemental;Erdelementar
Earth impling;Erde impliziert
Earth warrior;Erdenkrieger
Earth wizard;Erdzauberer
Earwen;Earwen
Eblis;Eblis
Echned Zekin;Echned Zekin
Eclectic impling;Eklektisches Impling
Ed;Ed
Ed Wood;Ed Wood
Edmond;Edmond
Edrahil;Edrahil
Eduard;Eduard
Edward;Eduard
Eebel;Eebel
Eek;Eek
Efa;Efa
Effigy;Bildnis
Egg;Ei
Egg launcher;Eierwerfer
Einar;Einar
Eira;Eira
Ek'ans Chan;Ek'ans Chan
Ektheme;Ektheme
Eldalote;Eldalote
Elder Chaos druid;Ältester Chaos-Druide
Elder Gnome child;Älteres Gnomenkind
Elder Guard;Ältere Garde
Elemental balance;Elementares Gleichgewicht
Elemental rock;Elementargestein
Elena;Elena
Elena Hosidius;Elena Hosidius
Elenwe;Elenwe
Elf Archer;Elfenbogenschütze
Elf Hermit;Elfen-Einsiedler
Elf Tracker;Elfen-Tracker
Elf Warrior;Elfenkrieger
Elfinlocks;Elfenschlösser
Elgan;Elgan
Elijah;Elia
Elisabeta;Elisabeta
Elise;Elise
Elissa;Elissa
Elite Void Knight;Elite-Leerenritter
Elizabeth;Elisabeth
Elkoy;Elkoy
Elladan;Elladan
Ellen;Ellen
Ellena;Ellena
Ellie;Ellie
Ellis;Ellis
Elly the Camel;Elly das Kamel
Elsie;Elsie
Elstan;Elstan
Eluned;Eluned
Elvarg;Elvarg
Elvarg (hard);Elvarg (hart)
Elven Scout;Elfen-Späher
Embalmer;Einbalsamierer
Emblem Trader;Emblem-Händler
Emerald Benedict;Smaragd Benedikt
Emilia;Emilia
Emily;Emily
Enakhra;Enakhra
Enchanted Broom;Verzauberter Besen
Enchanted Bucket;Verzauberter Eimer
Enchantment Guardian;Verzauberungswächter
Enclave guard;Enklavenwache
Enel;Enel
Enelye;Enelye
Enerdhil;Enerdhil
Energy focus (blue);Energiefokus (blau)
Energy focus (green);Energiefokus (grün)
Energy focus (red);Energiefokus (rot)
Energy focus (white);Energiefokus (weiß)
Energy sprite;Energiesprite
Engineer;Ingenieur
Engineering assistant;Technischer Assistent
Enilly;Enilly
Eniola;Eniola
Enoch;Henoch
Enormous Tentacle;Riesiges Tentakel
Enraged Tektiny;Wütende Tektiny
Enraged barbarian spirit;Wütender Barbarengeist
Ent;Ent
Entomologist;Entomologe
Entrana firebird;Entrana-Feuervogel
Entrance Guardian;Eingangswächter
Eodan;Eodan
Eohric;Eohric
Eoin;Eoin
Episcula Helsing;Episcula Helsing
Erdan;Erdan
Erestor;Erestor
Eric;Eric
Ermin;Ermin
Ernest;Ernst
Erodoeht;Erodoeht
Escaping slave;Flüchtender Sklave
Essence impling;Essenz implizit
Essyllt;Essyllt
Essyllt (hard);Essyllt (schwer)
Estate agent;Immobilienmakler
Esther;Esther
Ethereal Expert;Ätherischer Experte
Ethereal Guide;Ätherischer Führer
Ethereal Man;Ätherischer Mann
Ethereal Mimic;Ätherischer Nachahmer
Ethereal Numerator;Ätherischer Zähler
Ethereal Perceptive;Ätherische Wahrnehmung
Eudav;Eudav
Eve;Vorabend
Evil Bob;Böser Bob
Evil Chicken;Böses Huhn
Evil Chicken (hard);Böses Huhn (hart)
Evil Dave;Der böse Dave
Evil creature;Böse Kreatur
Evil spirit;Böser Geist
Ewesey;Ewesey
Examiner;Prüfer
Executioner;Henker
Experiment;Experiment
Experiment No.2;Experiment Nr.2
Ezekial Lovecraft;Ezekial Lovecraft
Factory Manager;Fabrikleiter
Factory Worker;Fabrikarbeiter
Fadli;Fadli
Fairy;Fee
Fairy Aeryka;Fee Aeryka
Fairy Fixit;Feen-Fixit
Fairy Godfather;Feenpate
Fairy Nuff;Fee Nuff
Fairy Queen;Feenkönigin
Fairy Very Wise;Fee sehr weise
Fairy chef;Feenkoch
Fairy shop assistant;Feenverkäuferin
Fairy shop keeper;Feenladenbesitzer
Fake Man;Falscher Mann
Fallen Man;Gefallener Mann
Falo the Bard;Falo der Barde
Fancy Dan;Lust auf Dan
Fanellaman;Fanellaman
Fareed;Fareed
Fareed (hard);Fareed (hart)
Farid Morrisane (ores and bars);Farid Morrisane (Erze und Barren)
Farmer;Bauer
Farmer Brumty;Bauer Brumty
Farmer Fromund;Bauer Fromund
Farmer Gricoller;Bauer Gricoller
Farmer Hayfield;Bauer Hayfield
Farmer's wife;Bäuerin
Farolt;Farolt
Fat Rocco;Fetter Rocco
Fat Tony;Fetter Tony
Father Aereck;Pater Aereck
Father Badden;Pater Badden
Father Eysseric;Pater Eysseric
Father Jean;Pater Jean
Father Lawrence;Pater Lawrence
Father Reen;Pater Reen
Father Urhney;Pater Urhney
Fayeth;Fayeth
Feanor;Feanor
Fear reaper;Furchtsamer
Felfiz Yaryus;Felfiz Yaryus
Felkrash;Felkrash
Female slave;Sklavin
Femi;Femi
Fenkenstrain's Monster;Fenkenstrains Monster
Feral Vampyre;Wilder Vampir
Ferd;Ferd
Fernahei;Fernahei
Ferocious barbarian spirit;Wilder Barbarengeist
Ferox;Ferox
Ferret;Frettchen
Ferryman Nathwood;Fährmann Nathwood
Ferryman Sathwood;Fährmann Sathwood
Fever spider;Fieberspinne
Ffoni;Ffoni
Fidelio;Fidelio
Fightslave;Kampfsklave
Filamina;Filamina
Filliman Tarlock;Filliman Tarlock
Financial Seer;Finanzseher
Financial Wizard;Finanzassistent
Finarfin;Finarfin
Findis;Findis
Finduilas;Finduilas
Fingolfin;Fingolfin
Fingon;Fingon
Finn;Finn
Fionella;Fionella
Fior;Fior
Fire Warrior of Lesarkus;Feuerkrieger von Lesarkus
Fire elemental;Feuerelementar
Fire giant;Feuerriese
Fire wizard;Feuerzauberer
First Mate Deri;Erster Offizier Deri
First Mate Peri;Erster Maat Peri
First mate 'Davey-boy';Erster Maat „Davey-Boy“
Fish;Fisch
Fish monger;Fischhändler
Fish shoal;Fischschwarm
Fishbowl;Fischglas
Fisherman;Fischer
Fisherman Frodi;Fischer Frodi
Fishing spot;Angelplatz
Fishing tutor;Angellehrer
Fishmonger;Fischhändler
Fiyr Shade;Fiyr-Schatten
Fiyr Shadow;Fiyr-Schatten
Flambeed;Flambiert
Flambeed (hard);Flambiert (hart)
Flaming pyrelord;Flammender Pyrelord
Flawed Golem;Fehlerhafter Golem
Flax keeper;Flachshüter
Flaygian Screwte;Flaygischer Screwte
Flesh Crawler;Fleischkriecher
Flies;Fliegen
Flight Kilisa;Flug Kilisa
Flippa;Flippa
Flockleader Geerin;Herdenführerin Geerin
Floki;Floki
Florin;Gulden
Flosi Dalksson;Flosi Dalksson
Flower;Blume
Flower Girl;Blumenmädchen
Fly trap;Fliegenfalle
Flying Book;Flugbuch
Flying Vespina;Fliegende Vespina
Flying female vampire;Fliegender weiblicher Vampir
Foreman;Vorarbeiter
Forester;Förster
Forester (hard);Förster (hart)
Forgotten Soul;Vergessene Seele
Former Vampyre;Ehemaliger Vampir
Fornek quo Maten;Fornek quo Maten
Fortress Guard;Festungswache
Fortunato;Fortunato
Fossegrimen;Fossegrimen
Fossil Collector;Fossiliensammler
Fossil Rock;Fossiles Gestein
Fox;Fuchs
Fragment of Seren;Fragment von Seren
Francis;Franziskus
Francois;Francois
Frank;Frank
Frankie;Frankie
Franklin Caranos;Franklin Caranos
Freaky Forester;Freakiger Förster
Freald;Freald
Fred the Farmer;Fred der Bauer
Freidir;Freidir
Freja;Freja
Fremennik Warrior;Fremennik-Krieger
Frenita;Frenita
Freygerd;Freygerd
Fridgeir;Kühlschrank
Fridleif Shieldson;Fridleif Shieldson
Frincos;Frincos
Fritz the Glassblower;Fritz der Glasbläser
Frog;Frosch
Frog prince;Froschkönig
Frog princess;Froschprinzessin
Frogeel;Frogeel
Froono;Froono
Fuggy;Fuggy
Fullangr;Fullangr
Fungi;Pilze
Fur trader;Pelzhändler
Furnace grate;Ofenrost
Fycie;Fycie
Fyiona Fray (easy);Fyiona Fray (einfach)
G.L.O. Caranock;G.L.O. Caranock
GPDT employee;GPDT-Mitarbeiter
Gabooty;Gabooty
Gabriela;Gabriela
Gadderanks;Gadderanks
Gadrin;Gadrin
Gaius;Gaius
Galahad;Galahad
Galana;Galana
Galathil;Galathil
Galina;Galina
Gallow;Galgen
Galvek;Galvek
Gamer;Spieler
Gamfred;Gamfred
Gang boss;Gangboss
Gangster;Gangster
Garai;Garai
Garbek quo Maten;Garbek quo Maten
Garden supplier;Gartenlieferant
Gardener;Gärtner
Gardener Ghost;Gärtnergeist
Gardener Gunnhild;Gärtnerin Gunnhild
Gardener Jay Jr.;Gärtner Jay Jr.
Gargh;Gargh
Gargoyle;Wasserspeier
Garkor;Garkor
Garl;Garl
Garth;Garth
Garv;Garv
Gate of War;Tor des Krieges
Gatekeeper;Pförtner
Gauss;Gauß
Gee;Mensch
Gelatinnoth Mother;Gelatinnoth-Mutter
Gelatinnoth Mother (hard);Gelatinnoth-Mutter (hart)
Gelin;Gelin
Gelmir;Gelmir
Gem;Juwel
Gem merchant;Edelsteinhändler
Gem trader;Edelsteinhändler
Gene;Gen
General Babacus;General Babacus
General Bentnoze;General Bentnoze
General Graardor;General Graardor
General Graardor Jr.;General Graardor Jr.
General Hining;General Hining
General Khazard;General Khazard
General Kilian;General Kilian
General Salara;General Salara
General Vir;General Vir
General Wartface;General Wartface
Generic Diplomat;Allgemeiner Diplomat
Genie;Genie
George Laxmeister;Georg Laxmeister
Georgy;Georgy
Gerald;Gerald
Gerrant;Gerrant
Gertrude;Gertrud
Gertrude's cat;Gertrudes Katze
Gethin;Gethin
Ghaslor the Elder;Ghaslor der Ältere
Ghast;Grausam
Ghommal;Ghommal
Ghost;Geist
Ghost (?);Geist (?)
Ghost banker;Geisterbankier
Ghost captain;Geisterkapitän
Ghost disciple;Geisterschüler
Ghost farmer;Geisterbauer
Ghost guard;Geisterwächter
Ghost innkeeper;Geistergastwirt
Ghost sailor;Geisterseemann
Ghost shopkeeper;Geisterladenbesitzer
Ghost villager;Geisterdorfbewohner
Ghoul;Ghul
Ghoul Champion;Ghul-Champion
Gianne jnr.;Gianne jr.
Giant;Riese
Giant Champion;Riesen-Champion
Giant Lobster;Riesenhummer
Giant Mole;Riesenmaulwurf
Giant Roc;Riesenrock
Giant Roc (hard);Giant Roc (hart)
Giant Rock Crab;Riesige Felsenkrabbe
Giant Sea Snake;Riesige Seeschlange
Giant Squirrel;Rieseneichhörnchen
Giant bat;Riesige Fledermaus
Giant crypt rat;Riesige Gruftratte
Giant crypt spider;Riesige Gruftspinne
Giant frog;Riesenfrosch
Giant lobster;Riesenhummer
Giant mosquito;Riesige Mücke
Giant rat;Riesenratte
Giant rockslug;Riesige Steinschnecke
Giant scarab;Riesiger Skarabäus
Giant scarab (hard);Riesenskarabäus (hart)
Giant skeleton;Riesiges Skelett
Giant snail;Riesenschnecke
Giant spider;Riesenspinne
Gielinor Guide;Gielinor-Führer
Giles;Giles
Gillie Groats;Gillie Groats
Giral bat;Giral-Fledermaus
Gita Prymes;Gita Prymes
Gladiator;Gladiator
Glenda;Glenda
Glod;Glod
Glod (hard);Glod (hart)
Glorfindel;Glorfindel
Glough;Glough
Glouphrie the Untrusted;Glouphrie die Unzuverlässige
Gnocci the Cook;Gnocci der Koch
Gnome;Gnom
Gnome Archer;Gnom-Bogenschütze
Gnome Coach;Gnome-Trainer
Gnome Driver;Gnome-Treiber
Gnome Mage;Gnom-Magier
Gnome Waiter;Gnom-Kellner
Gnome ball referee;Gnome-Ball-Schiedsrichter
Gnome baller;Zwergballer
Gnome banker;Gnome-Banker
Gnome child;Gnomenkind
Gnome companion;Gnom-Begleiter
Gnome emissary;Gnom-Abgesandter
Gnome guard;Gnomenwache
Gnome shop keeper;Gnome-Ladenbesitzer
Gnome soldier;Gnom-Soldat
Gnome trainer;Gnome-Trainer
Gnome traveller;Gnome-Reisender
Gnome troop;Gnomentrupp
Gnome winger;Gnom-Flügelspieler
Gnome woman;Gnomfrau
Gnormadium Avlafrim;Gnormadium Avlafrim
Gnosi;Gnosi
Goat;Ziege
Goat Poo;Ziegenkot
Goblin;Kobold
Goblin Champion;Goblin-Champion
Goblin Cook;Koboldkoch
Goblin fish;Koboldfisch
Goblin guard;Koboldwächter
Goblin scribe;Goblin-Schreiber
Godric;Godric
Gold ore;Golderz
Golden sheep;Goldene Schafe
Golden warbler;Goldsänger
Golem;Golem
Golova;Golova
Golrie;Golrie
Gorad;Gorad
Gorak;Gorak
Gordon;Gordon
Goreu;Goreu
Gorhak quo Narga;Gorhak quo Narga
Gorilla;Gorilla
Gossip;Tratsch
Gourmet;Gourmet
Gourmet impling;Gourmet-Impling
Grace;Anmut
Grail Maiden;Gralsjungfrau
Grand Exchange Clerk;Großbörsenschreiber
Grandpa Jack;Opa Jack
Grave;Grab
Grave digger;Totengräber
Grave scorpion;Grabskorpion
Graveyard Guardian;Friedhofswächter
Gravingas;Gravingas
Greasycheeks;Fettige Wangen
Great Olm;Großer Olm
Great Olm (Left claw);Großer Olm (linke Klaue)
Great Olm (Right claw);Großer Olm (rechte Klaue)
Great blue heron;Großer blauer Reiher
Greater Nechryael;Großraum Nechryael
Greater Skeleton Hellhound;Großer Skelett-Höllenhund
Greater abyssal demon;Größerer Abgrunddämon
Greater demon;Größerer Dämon
Greater ghostly thrall;Größerer gespenstischer Bann
Greater skeletal thrall;Größerer Skelettknecht
Greater zombified thrall;Größerer zombifizierter Sklave
Green Gemstone Director;Direktor von Green Gemstone
Green Gemstone Secretary;Grüner Edelstein-Sekretär
Green Sheep;Grünes Schaf
Green dragon;Grüner Drache
Green fireflies;Grüne Glühwürmchen
Greengrocer;Gemüsehändler
Greldo;Greldo
Grew;Aufgewachsen
Grey golem;Grauer Golem
Grigor Rasputin;Grigor Rasputin
Grigore;Grigore
Grimesquit;Grimesquit
Grimgnash;Grimgnash
Grinka Krast;Grinka Krast
Grip;Griff
Grish;Grisch
Grizzly bear;Grizzlybär
Grizzly bear cub;Grizzlybärjunges
Growler;Growler
Growthling;Wachstumsling
Grubfoot;Madenfuß
Grubor;Grubor
Gruff McScruff;Der schroffe McScruff
Grug;Grug
Gruh;Gruh
Grum;Grumm
Grundt;Grundt
Grunsh;Grunsch
Gruva Patrull;Gruva Patrull
Guanic bat;Guan-Fledermaus
Guard;Bewachen
Guard Bandit;Wachbandit
Guard Captain;Hauptmann der Wache
Guard Recruiter;Rekrutierer der Wache
Guard Vemmeldo;Wache Vemmeldo
Guard dog;Wachhund
Guardian Drake;Wächter Drake
Guardian mummy;Wächtermumie
Guardian of Armadyl;Wächter von Armadyl
Guidor;Guidor
Guildmaster;Gildenmeister
Guildmaster Jane;Gildenmeisterin Jane
Guildmaster Lars;Gildenmeister Lars
Guilin;Guilin
Guinevere;Guinevere
Gujuo;Gujuo
Gull;Möwe
Gulldamar;Gulldamar
Gulluck;Gülluck
Gundai;Gundai
Gundik;Gundik
Gunnar Holdstrom;Gunnar Holdstrom
Gunnjorn;Gunnjörn
Gunslik;Gunslik
Guthan the Infested;Guthan der Befallene
Gwallter;Gwallter
Gwerin Hapus;Gwerin Hapus
Gwindor;Gwindor
Gwyl;Gwyl
Gwyn;Gwyn
Gypsy;Zigeuner
Gypsy Aris;Zigeuner Aris
Gyr Falcon;Gerfalke
H.A.M. Archer;SCHINKEN. Bogenschütze
H.A.M. Deacon;SCHINKEN. Diakon
H.A.M. Guard;SCHINKEN. Bewachen
H.A.M. Mage;SCHINKEN. Magier
H.A.M. Member;SCHINKEN. Mitglied
HAM member;HAM-Mitglied
HRH Hrafn;HRH Hrafn
Habibah;Habibah
Hadley;Hadley
Haemas Lamescus;Haemas Lamescus
Haera;Haera
Hafuba;Hafuba
Hairdresser;Friseur
Hajedy;Hajedy
Haldor quo Keran;Haldor quo Keran
Half-Zombie;Halb-Zombie
Half-soulless;Halb seelenlos
Halla;Halla
Hallak;Hallak
Hamab;Hamab
Hamal the Chieftain;Hamal der Häuptling
Hameln the Jester;Hameln der Narr
Hamid;Hamid
Haming;Haming
Hammerspike Stoutbeard;Hammerstachel-Starkbart
Hanchen the Hound;Hanchen der Hund
Hangman game;Galgenmännchen-Spiel
Hans;Hans
Hari;Hari
Haris;Haris
Harold;Harold
Harold Evans;Harold Evans
Harpert;Harpert
Harpie Bug Swarm;Harpyienkäferschwarm
Harrallak Menarous;Harrallak Menarous
Harry;Harry
Haskell;Haskell
Hassan;Hassan
Hatius Cosaintus;Hatius Cosaintus
Haze;Dunst
Hazeel;Hazeel
Hazeel Cultist;Hazeel-Kultist
Hazelmere;Hazelmere
Head;Kopf
Head Guard;Kopfschutz
Head Mourner;Haupttrauernder
Head Thief;Chefdieb
Head chef;Chefkoch
Headless Beast;Kopfloses Biest
Headless Beast (hard);Kopfloses Biest (schwer)
Healthorg and tortoise;Healthorg und Schildkröte
Heckel Funch;Heckel Funch
Hegir;Hegir
Helemos;Helemos
Helena;Helena
Helga;Helga
Hell-Rat;Höllenratte
Hell-Rat Behemoth;Höllenratten-Gigant
Hell-kitten;Höllenkätzchen
Hellcat;Höllenkatze
Hellhound;Höllenhund
Hellpuppy;Hellpuppy
Hendor;Hendor
Hengel;Hengel
Hengrad;Hengrad
Henja;Henja
Henryeta Carnillean;Henryeta Carnillean
Herbi;Herbi
Herbiboar;Pflanzeneber
Herman Caranos;Hermann Caranos
Hero;Held
Heron;Reiher
Herquin;Herquin
Hervi;Hervi
Heskel;Heskel
Hespori;Hespori
Het;Het
Hetty;Hetty
Hewey;Hewey
Hickton;Hickton
Hieve;Hieve
High Priest;Hohepriester
High Priestess Zul-Harcinqa;Hohepriesterin Zul-Harcinqa
Highwayman;Wegelagerer
Hild;Hild
Hill Giant;Hügelriese
Hirko;Hirko
Historian Duffy;Historiker Duffy
Historian Minas;Historiker Minas
Hiylik Myna;Hiylik Myna
Hobbes;Hobbes
Hobgoblin;Kobold
Hobgoblin Champion;Hobgoblin-Champion
Hofuthand (weapons and armour);Hofuthand (Waffen und Rüstungen)
Hole in the wall;Loch in der Wand
Holgart;Holgart
Holoy;Holoy
Holthion;Holthion
Homunculus;Homunkulus
Honest Jimmy;Ehrlicher Jimmy
Honour guard;Ehrengarde
Hooded Figure;Kapuzenfigur
Hooknosed Jack;Hakennasiger Jack
Hoop Snake;Hoop-Schlange
Hopeless beast;Hoffnungsloses Biest
Hopeless creature;Hoffnungslose Kreatur
Hopleez;Hopleez
Hops;Hopfen
Horace;Horaz
Horacio;Horacio
Horned graahk;Gehörnter Graahk
Horphis;Horphis
Horvik;Horvik
Hosa;Hosa
House;Haus
Hring Hring;Hring Hring
Hudo;Hudo
Hudon;Hudon
Huge spider;Riesige Spinne
Hugor;Hugo
Hunding;Hunding
Hunting expert;Jagdexperte
Hura;Hura
Husk;Schale
Hydra;Hydra
Hygd;Hygd
Ian;Ian
Iban;Iban
Ice Queen;Eiskönigin
Ice Troll;Eistroll
Ice Troll King;Eistrollkönig
Ice Troll King (hard);Eistrollkönig (schwer)
Ice block;Eisblock
Ice demon;Eisdämon
Ice giant;Eisriese
Ice spider;Eisspinne
Ice troll;Eistroll
Ice troll female;Eistroll-Weibchen
Ice troll grunt;Eistroll grunzt
Ice troll male;Männlicher Eistroll
Ice troll runt;Eistroll-Zwerg
Ice warrior;Eiskrieger
Ice wolf;Eiswolf
Iceberg;Eisberg
Icefiend;Eisteufel
Icelord;Eislord
Icicle;Eiszapfen
Icthlarin;Ichthlarin
Idril;Idril
Idris;Idris
Iestin;Iestin
Ifaba;Ifaba
Iffie;Iffie
Ignatius Vulcan;Ignatius Vulkan
Ignisia;Ignisia
Ikkle Hydra;Ikkle Hydra
Ileana;Ileana
Ilfeen;Ilfeen
Ima;Ima
Imerominia;Imerominia
Imiago;Imiago
Imin;Imin
Iminye;Iminye
Immenizz;Immenizz
Imp;Kobold
Imp Champion;Kobold-Champion
Imp defender;Kobold-Verteidiger
Imre;Imre
Incapacitated Pyromancer;Unfähiger Pyromant
Indis;Indis
Infernal Mage;Höllischer Magier
Infernal pyrelord;Höllischer Pyrelord
Information clerk;Informationssachbearbeiter
Inga;Inga
Ingrid;Ingrid
Ingrid Hradson;Ingrid Hradson
Ingwe;Ingwe
Ingwion;Ingwion
Inn Keeper;Gastwirt
Innocent-looking key;Unschuldig aussehender Schlüssel
Insatiable Bloodveld;Unersättliches Blutfeld
Insatiable mutated Bloodveld;Unersättliches mutiertes Bloodveld
Invrigar the Necromancer;Invrigar der Nekromant
Iona;Iona
Iorwerth Archer;Iorwerth Archer
Iorwerth Warrior;Iorwerth-Krieger
Irena;Irena
Irene;Irene
Irina;Irina
Irksol;Irksol
Iron Man tutor;Iron Man-Lehrer
Iron dragon;Eiserner Drache
Iron ore;Eisenerz
Iron pickaxe;Eisenspitzhacke
Irvig Senay;Irvig Senay
Irwin Feaselbaum;Irwin Feaselbaum
Ish the Navigator;Ish der Navigator
Ishmael;Ismael
Islwyn;Islwyn
Istoria;Istoria
Ithoi the Navigator;Ithoi der Navigator
Ivan;Iwan
Ivan Strom;Ivan Strom
Iwan;Iwan
Iwazaru;Iwazaru
Jack;Jack
Jack Sails;Jack Sails
Jack Seagull;Jack Seagull
Jackal;Schakal
Jacky Jester;Jacky Jester
Jade;Jade
Jadid;Jadid
Jagbakoba;Jagbakoba
Jail guard;Gefängniswärter
Jailer;Gefängniswärter
Jake;Jake
Jal-Ak;Jal-Ak
Jal-AkRek-Ket;Jal-AkRek-Ket
Jal-AkRek-Mej;Jal-AkRek-Mej
Jal-AkRek-Xil;Jal-AkRek-Xil
Jal-ImKot;Jal-ImKot
Jal-MejJak;Jal-MejJak
Jal-MejRah;Jal-MejRah
Jal-Nib;Jal-Nib
Jal-Nib-Rek;Jal-Nib-Rek
Jal-Xil;Jal-Xil
Jal-Zek;Jal-Zek
JalRek-Jad;JalRek-Jad
JalTok-Jad;JalTok-Jad
James;James
Jamila;Jamila
Jaraah;Jaraah
Jardric;Jardric
Jarr;Jarr
Jarvald;Jarvald
Jatix;Jatix
Jayene Kliyn (medium);Jayene Kliyn (mittel)
Jeb;Jeb
Jeed;Jeed
Jeff;Jeff
Jelly;Gelee
Jennella;Jennella
Jennifer;Jennifer
Jenny Blade;Jenny Blade
Jeremy Clerksin;Jeremy Clerksin
Jerico;Jerico
Jess;Jess
Jessie;Jessie
Jethick;Jethick
Jewelled Crab;Juwelenbesetzte Krabbe
Jewelled Crab (blue);Juwelenkrabbe (blau)
Jewelled Crab (green);Juwelenkrabbe (grün)
Jewelled Crab (red);Juwelenkrabbe (rot)
Jex;Jex
Jig cart;Jig-Wagen
Jill;Jill
Jiminua;Jiminua
Jimmy;Jimmy
Jimmy Dazzler;Jimmy Dazzler
Jimmy the Chisel;Jimmy der Meißel
Joe;Joe
Jofridr Mordstatter;Jofridr Mordstätter
Jogre;Jogre
Jogre Champion;Jogre-Champion
Johanhus Ulsbrecht;Johanhus Ulsbrecht
John;John
Johnathon;Johnathon
Jokul;Jokul
Jon;Jon
Jonathan;Jonathan
Jonny the beard;Jonny der Bart
Jorra;Jorra
Jorral;Jorral
Jorzik;Jörzik
Joseph;Josef
Joshua;Joshua
Jossik;Jossik
Jubbly bird;Fröhlicher Vogel
Jubster;Jubster
Judge of Yama;Richter von Yama
Jukat;Jukat
Julie;Julie
Juliet;Julia
Jumaane;Jumaane
Juna;Juna
Jungle Demon;Dschungeldämon
Jungle Demon (hard);Dschungeldämon (schwer)
Jungle Wolf;Dschungelwolf
Jungle eagle;Dschungeladler
Jungle forester;Dschungelförster
Jungle horror;Dschungel-Horror
Jungle savage;Dschungelwilder
Jungle spider;Dschungelspinne
Junior Navigator;Junior-Navigator
Jury;Jury
Justiciar Zachariah;Richter Zachariah
Justin Servil;Justin Servil
Justine;Justine
Jyn;Jyn
K'klik;K'klik
K'ril Tsutsaroth;K'ril Tsutsaroth
K'ril Tsutsaroth Jr.;K'ril Tsutsaroth Jr.
KGP Agent;KGP-Agent
KGP Guard;KGP-Wache
Kaal-Ket-Jor;Kaal-Ket-Jor
Kaal-Mej-San;Kaal-Mej-San
Kaal-Xil-Dar;Kaal-Xil-Dar
Kael Forshaw;Kael Forshaw
Kaht B'alam;Kaht B'alam
Kai;Kai
Kaleb Paramaya;Kaleb Paramaya
Kalphite Guardian;Kalphiter-Wächter
Kalphite Larva;Kalphit-Larve
Kalphite Princess;Kalphite-Prinzessin
Kalphite Queen;Kalphite-Königin
Kalphite Soldier;Kalphitischer Soldat
Kalphite Worker;Kalphiter-Arbeiter
Kalrag;Kalrag
Kalron;Kalron
Kamen;Kamen
Kamfreena;Kamfreena
Kamil;Kamil
Kamil (hard);Kamil (hart)
Kanel;Kanel
Kangai Mau;Kangai Mau
Kaqemeex;Kaqemeex
Karaday;Karaday
Karam;Karam
Karamel;Karamel
Karamel (hard);Karamell (hart)
Karamthulhu;Karamthulhu
Kardia;Kardia
Karil the Tainted;Karil der Befleckte
Karim;Karim
Karl;Karl
Kaston;Kaston
Kathy Corkat;Kathy Corkat
Katrine;Katrine
Kaylee;Kaylee
Kazemde;Kazemde
Kazgar;Kazgar
Kebbit;Kebbit
Keef;Keef
Keepa Kettilon;Keepa Kettilon
Keith;Keith
Kelvin;Kelvin
Kelyn;Kelyn
Kendall;Kendall
Kenelme;Kenelme
Kennith;Kennith
Kent;Kent
Ket'sal K'uk;Ket'sal K'uk
Ket-Zek;Ket-Zek
Key Master;Schlüsselmeister
Kharid Scorpion;Kharid Scorpion
Khazard Guard;Khazard-Wache
Khazard Ogre;Khazard-Oger
Khazard Scorpion;Khazard-Skorpion
Khazard barman;Khazard-Barmann
Khazard commander;Khazard-Kommandant
Khazard trooper;Khazard-Soldat
Khazard warlord;Khazard-Kriegsherr
Khazard warlord (hard);Khazard-Kriegsherr (schwer)
Khorvak, a dwarven engineer;Khorvak, ein zwergischer Ingenieur
Kikazaru;Kikazaru
Killer;Killer
Killerwatt;Killerwatt
Kilron;Kilron
Kineer;Kineer
King Arthur;König Artus
King Artur Hosidius;König Artur Hosidius
King Awowogei;König Awowogei
King Black Dragon;König Schwarzer Drache
King Bolren;König Bolren
King Gjuki Sorvott IV;König Gjuki Sorvott IV
King Healthorg;King Healthorg
King Kandur Hosidius;König Kandur Hosidius
King Lathas;König Lathas
King Narnode Shareen;König Narnode Shareen
King Percival;König Percival
King Roald;König Roald
King Roald (hard);König Roald (hart)
King Sand Crab;Königssandkrabbe
King Scorpion;König Skorpion
King Thoros;König Thoros
King Vargas;König Vargas
King kurask;König Kurask
King rat;Königsratte
King's Messenger;Königsbote
Kitten;Kätzchen
Kjedelig Uppsen;Kjedelig Uppsen
Kjut;Kjut
Klank;Klank
Klarense;Klarense
Klenter;Klenter
Knight;Ritter
Knight of Ardougne;Ritter von Ardougne
Knight of Saradomin;Ritter von Saradomin
Knight of Varlamore;Ritter von Varlamore
Knight of the Lion;Ritter des Löwen
Knight of the Owl;Ritter der Eule
Knight of the Unicorn;Ritter des Einhorns
Knight of the Wolf;Ritter des Wolfes
Koanee;Koanee
Kob;Kob
Koftik;Koftik
Kolodion;Kolodion
Konar quo Maten;Konar quo Maten
Konoo;Konoo
Kormar quo Maten;Kormar quo Maten
Kortan;Kortan
Koschei the Deathless;Koschei der Unsterbliche
Koschei the deathless;Koschei der Unsterbliche
Kragen;Kragen
Kraka;Kraka
Kraken;Krake
Krato;Krato
Kree'arra;Kree'arra
Kree'arra Jr.;Kree'arra Jr.
Kroy;Kroy
Kruk;Kruk
Kryket bat;Kryket-Fledermaus
Krystilia;Krystilia
Ksenia;Ksenia
Kualti;Kualti
Kubec Unkar;Kubec Unkar
Kurask;Kurask
Kurt;Kurt
Kylie Minnow;Kylie Minnow
Lacey;Lacey
Lady Carys Hefin;Lady Carys Hefin
Lady Crombwick;Lady Crombwick
Lady Ffion Meilyr;Lady Ffion Meilyr
Lady Keli;Lady Keli
Lady Kelyn Ithell;Lady Kelyn Ithell
Lady Nadezhda Shadum;Lady Nadezhda Shadum
Lady Servil;Lady Servil
Lady Shauna Piscarilius;Lady Shauna Piscarilius
Lady Table;Damentisch
Lady Tangwen Trahaearn;Lady Tangwen Trahaearn
Lady Vulcana Lovakengj;Lady Vulcana Lovakengj
Lahsram;Lahsram
Lalli;Lalli
Lamb;Lamm
Lammy Langle;Lammy Langle
Lan the Butcher;Lan der Metzger
Lanthus;Lanthus
Lanzig;Lanzig
Large mosquito;Große Mücke
Large zombie monkey;Großer Zombie-Affe
Larran;Larran
Larrissa;Larrissa
Larry;Larry
Larxus;Larxus
Lasenna Rasputin;Lasenna Rasputin
Lathas;Lathas
Latlink Fastbell;Latlink Fastbell
Launa;Launa
Lauretta;Lauretta
Lava beast;Lavabestie
Lava dragon;Lavadrache
Layleen;Layleen
Lazim;Lazim
Lazy cat;Faule Katze
Lazy hellcat;Faule Höllenkatze
Le-sabrè;Le-sabrè
Lead Navigator;Leitender Navigator
Leagues Assistant;Assistent der Liga
Leagues Tutor;Ligen-Tutor
Leatherworker;Lederarbeiter
Lector Gura;Lektor Gura
Leech;Blutegel
Leech display;Blutegel-Anzeige
Leela;Leela
Leenz;Leenz
Left head;Linker Kopf
Legends guard;Legendenwächter
Leke quo Keran;Leke quo Keran
Lenny;Lenny
Lensa;Lensa
Lenwe;Lenwe
Lenyig Karna;Lenyig Karna
Leo;Löwe
Leon;Leon
Leon d'Cour;Leon d'Cour
Lesser Fanatic;Geringerer Fanatiker
Lesser demon;Kleiner Dämon
Lesser ghostly thrall;Geringerer Geisterknecht
Lesser skeletal thrall;Geringerer Skelettknecht
Lev;Lev
Li'l lamb;Kleines Lamm
Liam;Liam
Librarian;Bibliothekar
Lidio;Lidio
Lieutenant Schepbur;Leutnant Schepbur
Lieve McCracken;Lieve McCracken
Light creature;Leichtes Wesen
Lil' Bloat;Lil' Bloat
Lil' Creator;Kleiner Schöpfer
Lil' Destructor;Kleiner Zerstörer
Lil' Maiden;Kleines Mädchen
Lil' Nylo;Lil' Nylo
Lil' Sot;Lil' Sot
Lil' Xarp;Lil' Xarp
Lil' Zik;Lil‘ Zik
Lilifang;Lilifang
Liliwen;Liliwen
Liliya;Liliya
Lillia;Lillia
Lilly;Lilly
Lindir;Lindir
Linen worker;Leinenarbeiter
Lisa;Lisa
Lisse Isaakson;Lisse Isaakson
Litara;Litara
Lithil;Lithil
Little Nightmare;Kleiner Albtraum
Little Parasite;Kleiner Parasit
Lizard;Eidechse
Lizard display;Eidechsenausstellung
Lizardman;Echsenmann
Lizardman brute;Echsenmensch, brutal
Lizardman shaman;Schamane des Echsenmenschen
Lleidr Golau;Lleidr Golau
Lliann;Lliann
Loading crane;Ladekran
Loar Shade;Loar Shade
Lobstrosity;Lobstrosität
Local;Lokal
Local Gnome;Lokaler Gnom
Locust;Heuschrecke
Locust rider;Heuschreckenreiter
Lofu;Lofu
Logava;Logava
Logios;Logios
Logosia;Logosia
Loinur;Loinur
Lokar Searunner;Lokar Searunner
Loki;Loki
Lokraa quo Sihar;Lokraa quo Sihar
Lollk;Lollk
Long-tailed Wyvern;Langschwanzwyvern
Longbow Ben;Langbogen Ben
Longhall Bouncer;Longhall-Türsteher
Look-out;Achtung
Looming shadow;Drohender Schatten
Lord Alexei Jovkai;Lord Alexei Jovkai
Lord Baxtorian Cadarn;Lord Baxtorian Cadarn
Lord Crombwick;Lord Crombwick
Lord Daquarius;Lord Daquarius
Lord Iestin Iorwerth;Lord Iestin Iorwerth
Lord Ieuan Amlodd;Lord Ieuan Amlodd
Lord Iorwerth;Lord Iorwerth
Lord Kandur Hosidius;Lord Kandur Hosidius
Lord Marshal Brogan;Lordmarschall Brogan
Lord Mischa Myrmel;Lord Mischa Myrmel
Lord Pandur Hosidius;Lord Pandur Hosidius
Lord Piquan Crwys;Lord Piquan Crwys
Lord Rologarth;Lord Rologarth
Lord Shiro Shayzien;Lord Shiro Shayzien
Lord Trobin Arceuus;Lord Trobin Arceuus
Lorelai;Lorelai
Lornor quo Narga;Lornor quo Narga
Lorraine;Lothringen
Lost barbarian;Verlorener Barbar
Louie Legs;Louie-Beine
Louisa;Louisa
Lovada;Lovada
Lovakengj Engineer;Lovakengj-Ingenieur
Love Cats;Liebe Katzen
Lowe;Lowe
Lowerniel Drakan;Lowerniel Drakan
Lubufu;Lubufu
Lucien;Lucien
Lucky impling;Glücksbringer
Lucy;Lucy
Lumberjack Leif;Holzfäller Leif
Lumbridge Guide;Lumbridge-Führer
Lumdo;Lumdo
Lumiere;Lumiere
Luminata;Luminata
Lumo;Lumo
Luna;Luna
Lundail;Lundail
Lunderwin;Lunderwin
Lurgon;Lurgon
Luscion;Luscion
Luthas;Luthas
Lutwidge;Lutwidge
Lux grub;Lux-Essen
Lynx;Luchs
Lynx Tamer;Luchsbändiger
Lyra;Lyra
Mac;Mac
Macaroni Penguin;Makkaroni-Pinguin
Mad skavid;Verrückter Skavid
Madame Caldarium;Madame Caldarium
Maedhros;Maedhros
Maeglin;Maeglin
Mage (easy);Magier (einfach)
Mage of Zamorak;Magier von Zamorak
Magic Instructor;Zauberlehrer
Magic axe;Zauberaxt
Magic combat tutor;Tutor für magischen Kampf
Magnus Gram;Magnus Gramm
Magpie impling;Elster fleht an
Mahtan;Mahtan
Maid;Dienstmädchen
Mairin;Mairin
Maisa;Maisa
Major Attack;Schwerer Angriff
Major Collect;Major Collect
Major Defend;Hauptverteidigung
Major Heal;Große Heilung
Make-over mage;Make-over-Magier
Malak;Malak
Male slave;Männlicher Sklave
Malevolent Mage;Böswilliger Magier
Malignius Mortifer;Malignius Mortifer
Mallak quo Keran;Mallak quo Keran
Mama;Mama
Mamma Bufetta;Mama Buffetta
Mammoth;Mammut
Man;Mann
Mandrith;Mandrith
Mandy;Mandy
Maniacal Monkey Archer;Wahnsinniger Affenbogenschütze
Maniacal monkey;Wahnsinniger Affe
Manni the Reveller;Manni der Nachtschwärmer
Marble gargoyle;Wasserspeier aus Marmor
Marfet;Marfet
Maria Gadderanks;Maria Gadderanks
Maria Gunnars;Maria Gunnars
Mariah;Mariah
Marisi;Marisi
Marius;Marius
Marius Giste;Marius Giste
Mark;Markieren
Market Guard;Marktwächter
Market seller;Marktverkäufer
Markog;Markog
Marley;Marley
Marlo;Marlo
Marmor quo Narga;Marmor quo Narga
Marten;Marder
Martha Rehnison;Martha Rehnison
Martin Holt;Martin Holt
Martin Thwait;Martin Thwait
Martin the Master Gardener;Martin der Meistergärtner
Martina Scorsby;Martina Scorsby
Marwolaeth Dawnsio;Marwolaeth Dawnsio
Mary;Maria
Master Chef;Meisterkoch
Master Crafter;Meisterhandwerker
Master Farmer;Meisterbauer
Master Navigator;Meisternavigator
Master fisher;Meisterfischer
Master smithing tutor;Meisterlehrer für Schmiedekunst
Matilda;Matilda
Matthew;Matthäus
Matthias;Matthias
Mattimeo;Mattimeo
Mawnis Burowgar;Mawnis Burowgar
Mawrth;Mawrth
Mayor Hobb;Bürgermeister Hobb
Maz;Maz
Mazchna;Mazchna
Maze Guardian;Labyrinthwächter
Mazion;Mazion
Me;Mich
Me (hard);Ich (hart)
Meddwl Ymlaen Llaw;Meddwl Ymlaen Llaw
Medium ninja monkey;Mittlerer Ninja-Affe
Meegle;Meegle
Megan;Megan
Meiyerditch citizen;Meiyerditch-Bürger
Meiyerditch miner;Meiyerditch-Bergmann
Mekritus A'hara;Mekritus A'hara
Melana Moonlander;Melana Moonlander
Melee combat tutor;Lehrer für Nahkampf
Meleti;Meleti
Melina;Melina
Melvin;Melvin
Melzar the Mad;Melzar der Verrückte
Memory of Seren;Erinnerung an Seren
Menaphite Leader;Menaphitischer Anführer
Menaphite Thug;Menaphitischer Schläger
Menaphite guard;Menaphitischer Wächter
Mercenary;Söldner
Mercenary Captain;Söldnerkapitän
Mercy;Barmherzigkeit
Meredith;Meredith
Merlin;Merlin
Mernia;Mernia
Mernik;Mernik
Meskhenet;Meschenet
Metarialus;Metarialos
Meteora;Meteora
Mi-Gor;Mi-Gor
Mia;Mia
Miala;Miala
Miazrqa;Miazrqa
Middle head;Mittlerer Kopf
Midnight;Mitternacht
Mihail;Michail
Mike;Mikrofon
Miles;Meilen
Milla;Milla
Milli Rehnison;Milli Rehnison
Millie Miller;Millie Miller
Miltog;Miltog
Mime;Mime
Mimm;Mimm
Mind Golem;Gedankengolem
Mine Cart;Minenwagen
Mine cart;Mein Wagen
Mine cart driver;Minenwagenfahrer
Mine supervisor;Minenaufseher
Miner;Bergmann
Miner Magnus;Bergmann Magnus
Miniature chaotic clouds;Miniatur-Chaotische Wolken
Mining Instructor;Bergbaulehrer
Mining tutor;Nachhilfelehrer für Bergbau
Minotaur;Minotaur
Miriam;Miriam
Miriel;Miriel
Mischievous ghost;Boshafter Geist
Misdrievus Shadum;Misdrievus Shadum
Mishkal'un Dorn;Mishkal'un Dorn
Miss Cheevers;Miss Cheevers
Miss Schism;Miss Schism
Mist;Nebel
Mistag;Mistag
Mithrellas;Mithrellas
Mithril dragon;Mithril-Drache
Mithril ore;Mithril-Erz
Mittens;Fäustlinge
Mizaru;Mizaru
Moe;Moe
Mofina;Mofina
Moggy;Moggy
Mogre;Mogre
Mogre Guard;Mogerwache
Mogrim;Mogrim
Molanisk;Molanisk
Moldof;Moldof
Mole display;Maulwurf-Anzeige
Molly;Molly
Monk;Mönch
Monk of Entrana;Mönch von Entrana
Monk of Zamorak;Mönch von Zamorak
Monkey;Affe
Monkey Archer;Affenschütze
Monkey Child;Affenkind
Monkey Guard;Affenwache
Monkey Zombie;Affen-Zombie
Monkey display;Affen-Display
Monkey guard;Affenwächter
Monkey minder;Affenbetreuer
Monkey on unicorn;Affe auf Einhorn
Monstrous Basilisk;Monströser Basilisk
Monstrous basilisk;Monströser Basilisk
Mord Gunnars;Mord Gunnars
Mordan Nikazsi;Mordan Nikazsi
Morgan;Morgan
Morgan Le Faye;Morgan Le Faye
Mori;Mori
Morris;Morris
Mort Nightshade;Mort Nachtschatten
Mort'ton Local;Mort'ton Local
Mort'ton local;Mort'ton lokal
Morten Holdstrom;Morten Holdstrom
Mortina Daubenton;Mortina Daubenton
Morvran;Morvran
Mosol Rei;Mosol Rei
Mosquito swarm;Mückenschwarm
Moss Giant;Moosriese
Moss Guardian;Mooswächter
Moss Guardian (hard);Mooswächter (schwer)
Moss giant;Moosriese
Most of a Zombie;Größtenteils ein Zombie
Mother;Mutter
Mother Mallum;Mutter Mallum
Moths;Motten
Mountain Dwarf;Bergzwerg
Mountain Goat;Bergziege
Mountain Guide;Bergführer
Mountain goat;Bergziege
Mountain troll;Bergtroll
Mounted terrorbird gnome;Berittener Terrorvogelzwerg
Mounted terrorchick gnome;Berittener Terrorkükenzwerg
Mourner;Trauernde
Mouse;Maus
Movario;Movario
Mr. Mordaut;Herr Mordaut
Ms. Hynn Terprett;Frau Hynn Terprett
Mubariz;Mubariz
Mudskipper;Schlammspringer
Mugger;Straßenräuber
Mummy;Mumie
Mummy ashes;Mumienasche
Munty;Munty
Murcaily;Murcaily
Murfet;Murfet
Murky Matt (runes);Murky Matt (Runen)
Murky Pat;Murky Pat
Murng bat;Murng-Fledermaus
Murphy;Murphy
Muruwoi;Muruwoi
Museum guard;Museumswächter
Mushroom;Pilz
Mutant tarn;Mutierter Tarn
Mutated Bloodveld;Mutiertes Bloodveld
Muttadile;Muttadile
My Arm;Mein Arm
Myndill;Myndill
Myre Blamish Snail;Myre Blamish Schnecke
Mysterious Adventurer;Geheimnisvoller Abenteurer
Mysterious Figure;Geheimnisvolle Figur
Mysterious Old Man;Geheimnisvoller alter Mann
Mysterious Stranger;Geheimnisvoller Fremder
Mysterious Voice;Geheimnisvolle Stimme
Mysterious ghost;Geheimnisvoller Geist
Mystery figure;Geheimnisvolle Figur
Naghead;Naghead
Nail beast;Nagelbiest
Nakasa Jovkai;Nakasa Jovkai
Nardah Banker;Nardah Banker
Nardok;Nardok
Narf;Narf
Natalidae Shadum;Natalidae Shadum
Nathifa;Nathifa
Natural Historian;Naturhistoriker
Natural historian;Naturhistoriker
Nature Spirit;Naturgeist
Nature impling;Die Natur impliziert
Nazastarool;Nazastarool
Nazastarool (hard);Nazastarool (hart)
Nechryael;Nechrjael
Nechryarch;Nechryarch
Necromancer;Nekromant
Necrovarus;Necrovarus
Ned;Ned
Neferti the Camel;Nofretete das Kamel
Neil;Neil
Neite;Neite
Nellas;Nellas
Nemishka;Nemishka
Nerdanel;Nerdanel
Nesty;Nesty
New Recruit Tony;Neuer Rekrut Tony
Newtroost;Newtroost
Nezikchened;Nezikchened
Nezikchened (hard);Nezikchened (hart)
Nia;Nia
Nicholas;Nikolaus
Nick;Nick
Nickolaus;Nickolaus
Nicoleta;Nicoleta
Nieve;Nieve
Nigel;Nigel
Night beast;Nachtbiest
Nikita;Nikita
Nikkie;Nikkie
Nikolai;Nikolai
Niles;Niles
Niloof;Niloof
Nimloth;Nimloth
Nimrodel;Nimrodel
Ninja impling;Ninja flehte an
Nipper;Zange
Nirrie;Nirrie
Nisha;Nisha
Nkuku;Nkuku
Noctillion Lugosi;Noctillion Lugosi
Noella;Noella
Nolar;Nolar
Nomad;Nomade
Noodle;Nudel
Noon;Mittag
Nora T. Hagg;Nora T. Hagg
Noranna Tytanin;Noranna Tytanin
Norman;normannisch
Not Bob;Nicht Bob
Noterazzo;Noterazzo
Novice;Anfänger
Nuclear smoke devil;Nuklearer Rauchteufel
Nulodion;Nulodion
Numpty;Numpty
Nung;Nung
Nurmof;Nurmof
Nurse Boubou;Schwester Boubou
Nurse Emma Gentsy;Krankenschwester Emma Gentsy
Nurse Inn'Juree;Schwester Inn'Juree
Nurse Sarah;Krankenschwester Sarah
Nurse Wooned;Krankenschwester Wooned
Nylocas;Nylocas
Nylocas Athanatos;Nylocas Athanatos
Nylocas Hagios;Nylocas Hagios
Nylocas Ischyros;Nylocas Ischyros
Nylocas Matomenos;Nylocas Matomenos
Nylocas Prinkipas;Nylocas Prinkipas
Nylocas Queen;Nylocas-Königin
Nylocas Toxobolos;Nylocas Toxobolos
Nylocas Vasilias;Nylocas Vasilias
Oaknock the Engineer;Oaknock der Ingenieur
Oath Lord D'rows;Eid, Lord D'rows
Oathbreaker B'ats;Eidbrecher-B'ats
Oathbreaker E'piws;Eidbrecher E'piws
Oathbreaker M'als;Eidbrecher M'als
Obli;Obli
Obor;Obor
Observatory assistant;Assistent des Observatoriums
Observatory professor;Professor am Observatorium
Ocga;Ocga
Ochre Blamish Snail;Ockerfarbene Blamish-Schnecke
Odd Mushroom;Seltsamer Pilz
Odd Old Man;Seltsamer alter Mann
Odd Stone;Seltsamer Stein
Odmar;Odmar
Odovacar;Odovacar
Odysseus;Odysseus
Og;Og
Ogre;Ungeheuer
Ogre boat;Ogerboot
Ogre chieftain;Ogerhäuptling
Ogre guard;Ogerwache
Ogre merchant;Oger-Händler
Ogre shaman;Oger-Schamane
Ogre trader;Oger-Händler
Ogress Shaman;Oger-Schamane
Ogress Warrior;Ogress-Krieger
Oipuis;Oipuis
Olaf Hradson;Olaf Hradson
Olaf the Bard;Olaf der Barde
Olbertus;Olbertus
Old Man Ral;Alter Mann Ral
Old Man Yarlo;Alter Mann Yarlo
Old crone;Altes Weib
Old dwarf;Alter Zwerg
Old man;Alter Mann
Oldak;Oldak
Olivia;Olivia
Ollie the Camel;Ollie das Kamel
Olmlet;Olmlet
Omart;Omart
Oneiromancer;Oneiromant
Oobapohk;Oobapohk
Oomlie bird;Oomlie-Vogel
Oozing barrier;Nässende Barriere
Operator;Operator
Oracle;Orakel
Orange salamander;Orangensalamander
Ordan;Ordan
Ork;Ork
Orlando Smith;Orlando Smith
Oronwen;Oronwen
Oropher;Oropher
Orophin;Orophin
Orrvor quo Maten;Orrvor quo Maten
Osian;Osian
Osman;Osman
Ospak;Ospak
Osten;Osten
Osvald;Osvald
Oswald;Oswald
Oswallt;Oswallt
Othainian;Othainisch
Other Half-Zombie;Anderer Halbzombie
Otherworldly being;Jenseitiges Wesen
Otto Godblessed;Otto von Gott gesegnet
Ouditor;Auditor
Ouhai;Ouhai
Outlaw;Verbieten
Overgrown cat;Übergroße Katze
Overgrown hellcat;Überwucherte Höllenkatze
Owl;Eule
Oxi;Oxi
Oziach;Oziach
PKMaster0036;PKMaster0036
Padulah;Padula
Pagida;Pagida
Painted One;Gemalt
Paladin;Paladin
Palmer;Palmer
Pandur Hosidius;Pandur Hosidius
Panning guide;Schwenkanleitung
Parasite;Parasit
Parrot;Papagei
Parrots;Papageien
Parroty Pete;Parroty Pete
Party Pete;Party Pete
Passive Tar Monster;Passives Teermonster
Patchy;Lückenhaft
Patrick;Patrick
Patrolman;Streifenpolizist
Patrolwoman;Streifenpolizistin
Pauline Polaris;Pauline Polaris
Peaceful barbarian spirit;Friedlicher barbarischer Geist
Peasant;Bauer
Pebble;Kiesel
Pee Hat;Pinkelmütze
Peer the Seer;Peer der Seher
Peksa;Peksa
Pelican;Pelikan
Penance Fighter;Buße-Kämpfer
Penance Healer;Bußheiler
Penance Pet;Buße Haustier
Penance Queen;Buße-Königin
Penance Ranger;Buße Ranger
Penance Runner;Bußeläufer
Penda;Penda
Penguin;Pinguin
Penguin display;Pinguin-Ausstellung
Penguin suit;Frack
Pennant;Wimpel
Pentyn;Pentyn
Penwie;Penwie
Perdu;Perdu
Perfect gold ore;Perfektes Golderz
Perrdur;Perrdur
Perry;Perry
Pescaling Pax;Pescaling Pax
Pestilent Bloat;Schädlingsaufblähung
Pet rock;Haustierfelsen
Peter;Peter
Petra Fiyed;Petra Fiyed
Petrified Pete;Der versteinerte Pete
Phabelle Bile;Phabelle Galle
Phantom Hand;Phantomhand
Phantuwti Fanstuwi Farsight;Phantuwti Fanstuwi Farsight
Pheasant;Fasan
Phials;Fläschchen
Phillipa;Phillipa
Philop;Philop
Phingspet;Phingspet
Phluxia bat;Phluxia-Fledermaus
Phoenix;Phönix
Phosani's Nightmare;Phosanis Albtraum
Phrin Shade;Phrin Shade
Phrin Shadow;Phrin Shadow
Pierre;Pierre
Pieve;Pieve
Pig;Schwein
Pig Thing;Schweine-Sache
Piglet;Ferkel
Pile of bones;Knochenhaufen
Piles;Stapel
Pilg;Pilger
Piliar;Piliar
Pillory Guard;Prangerwächter
Ping;Klingeln
Pipistrelle Draynar;Pipistrelle Draynar
Pirate;Pirat
Pirate Guard;Piratenwache
Pirate Jackie the Fruit;Pirat Jackie die Frucht
Pirate Pete;Pirat Pete
Pit Scorpion;Grubenskorpion
Pizazz Hat;Pizazz-Hut
Plague cow;Pestkuh
Plague frog;Pestfrosch
Poison Salesman;Giftverkäufer
Poison Scorpion;Giftskorpion
Poison spider;Giftspinne
Polar eagle;Polaradler
Polmafi Ferdygris;Polmafi Ferdygris
Poltenip;Poltenip
Pong;Pong
Pontak;Pontak
Ponts the Bridgemaster;Ponts der Brückenmeister
Poor looking man;Arm aussehender Mann
Poor looking woman;Arm aussehende Frau
Porazdir;Porazdir
Port Official;Hafenbeamter
Port worker;Hafenarbeiter
Portal;Portal
Portal of Death;Portal des Todes
Portobello;Portobello
Possessed Priest;Besessener Priester
Possessed pickaxe;Besessene Spitzhacke
Postie Pete;Postbote Pete
Pox;Pocken
Prael bat;Prael-Fledermaus
Praistan Ebola;Praistan Ebola
Prayer tutor;Gebetslehrer
Preswylwyr Dall;Preswylwyr Dall
Prickly kebbit;Stacheliger Kebbit
Priest;Priester
Priestess Zul-Gwenwynig;Priesterin Zul-Gwenwynig
Prifddinas guard;Prifddinas Wache
Primula;Primel
Prince Ali;Prinz Ali
Prince Black Dragon;Prinz Schwarzer Drache
Prince Brand;Prinz Brand
Princess Astrid;Prinzessin Astrid
Prison Pete;Gefängnis Pete
Prisoner;Gefangene
Prissy Scilla;Zimperliche Scilla
Private Paldo;Privat Paldo
Private Paldon;Privat Paldon
Private Pendron;Privater Pendron
Private Pierreb;Privat Pierreb
Probita;Probita
Professor Gracklebone;Professor Gracklebone
Professor Imblewyn;Professor Imblewyn
Professor Manglethorp;Professor Manglethorp
Professor Oddenstein;Professor Oddenstein
Professor Onglewip;Professor Onglewip
Prosecutor;Staatsanwalt
Prospector Percy;Prospektor Percy
Protest Leader;Protestführer
Protester;Demonstrant
Psykk bat;Psykk-Fledermaus
Puffer Fish;Kugelfisch
Puffin;Papageientaucher
Pumpy;Pumpy
Puppadile;Welpe
Purepker895;Purepker895
Purple Pewter Director;Direktor aus violettem Zinn
Purple Pewter Secretary;Sekretär aus violettem Zinn
Pusskins;Pusskins
Pyramid block;Pyramidenblock
Pyrefiend;Pyrefinend
Pyrelord;Pyrelord
Pyromancer;Pyromant
Quartermaster;Quartiermeister
Queen Ellamaria;Königin Ellamaria
Queen Sigrid;Königin Sigrid
Queen Zyanyi Arkan;Königin Zyanyi Arkan
Queen spawn;Königinbrut
Quest Guide;Questführer
Quiz Master;Quizmeister
Qutiedoll;Qutiedoll
R4ng3rNo0b889;R4ng3rNo0b889
Rabbit;Kaninchen
Raccoon;Waschbär
Rachael;Rachael
Radat;Radat
Radigad Ponfit;Radigad Ponfit
Radimus Erkle;Radimus Erkle
Radu;Radu
Raeli;Raeli
Raetul;Raetul
Ragnar;Ragnar
Ragnvald;Ragnvald
Rakkar;Rakkar
Ram;RAM
Ramara du Croissant;Ramara du Croissant
Ramarno;Ramarno
Ramocean;Ramocean
Ranael;Ranael
Ranalph Devere;Ranalph Devere
Randivor;Randivor
Ranged combat tutor;Fernkampflehrer
Ranger;Ranger
Ranger (medium);Ranger (mittel)
Ranging Guild Doorman;Türsteher der Ranging-Gilde
Ranis Drakan;Ranis Drakan
Rannveig;Rannveig
Rantz;Rantz
Raqueel;Raqueel
Rashiliyia;Rashiliyia
Rasolo;Rasolo
Rassain;Rassain
Rat;Ratte
Rat Burgiss;Ratte Burgiss
Rauborn;Rauborn
Raulyn;Raulyn
Raum Urda-Stein;Raum Urda-Stein
Ravager;Verwüster
Raven;Rabe
Razmire Keelgan;Razmire Keelgan
Razvan;Razvan
Reach;Erreichen
Reacher;Reacher
Reanimated TzHaar;Wiederbelebte TzHaar
Reanimated abyssal;Wiederbelebter Abgrund
Reanimated aviansie;Wiederbelebter Vogel
Reanimated bear;Wiederbelebter Bär
Reanimated bloodveld;Wiederbelebtes Blutveld
Reanimated chaos druid;Wiederbelebter Chaosdruide
Reanimated dagannoth;Wiederbelebter Dagannoth
Reanimated demon;Wiederbelebter Dämon
Reanimated demon spawn;Wiederbelebter Dämonenbrut
Reanimated dog;Wiederbelebter Hund
Reanimated dragon;Wiederbelebter Drache
Reanimated elf;Wiederbelebter Elf
Reanimated giant;Wiederbelebter Riese
Reanimated goblin;Wiederbelebter Kobold
Reanimated horror;Wiederbelebter Horror
Reanimated imp;Wiederbelebter Kobold
Reanimated kalphite;Wiederbelebter Kalphit
Reanimated minotaur;Wiederbelebter Minotaurus
Reanimated monkey;Wiederbelebter Affe
Reanimated ogre;Wiederbelebter Oger
Reanimated scorpion;Wiederbelebter Skorpion
Reanimated troll;Wiederbelebter Troll
Reanimated unicorn;Wiederbelebtes Einhorn
Rebel Archer;Rebellenbogenschütze
Rebel Scout;Rebellen-Scout
Rebel Warrior;Rebellenkrieger
Recruiter;Personalvermittler
Red;Rot
Red Axe Cat;Rote Axt-Katze
Red Axe Director;Red Axe-Direktor
Red Axe Henchman;Handlanger der Roten Axt
Red Axe Secretary;Red-Axe-Sekretär
Red Monkey;Roter Affe
Red Panda;Roter Panda
Red Sheep;Rotes Schaf
Red dragon;Roter Drache
Red fireflies;Rote Glühwürmchen
Red salamander;Roter Salamander
Redbeard Frank;Rotbart Frank
Reese;Reese
Reeso;Reeso
Ref;Ref
Refugee;Flüchtling
Regath;Regath
Reginald;Reginald
Reinald;Reinald
Reinn;Reinn
Reldak;Reldak
Reldo;Reldo
Relobo Blinyo (logs);Relobo Blinyo (Protokolle)
Remsai;Remsai
Remus Kaninus;Remus Kaninus
Renegade Knight;Abtrünniger Ritter
Renegade knight;Abtrünniger Ritter
Repugnant spectre;Abscheuliches Gespenst
Researcher;Forscher
Reshi;Reshi
Resistance Fighter;Widerstandskämpfer
Respiratory system;Atmungssystem
Restless ghost;Unruhiger Geist
Retired sailor;Matrose im Ruhestand
Revenant cyclops;Wiedergänger-Zyklopen
Revenant dark beast;Wiedergängerisches dunkles Biest
Revenant demon;Wiedergänger-Dämon
Revenant dragon;Wiedergänger-Drache
Revenant goblin;Wiedergänger-Kobold
Revenant hellhound;Wiedergänger-Höllenhund
Revenant hobgoblin;Wiedergänger-Hobkobold
Revenant imp;Wiedergänger-Kobold
Revenant knight;Wiedergängerritter
Revenant ork;Wiedergänger-Ork
Revenant pyrefiend;Wiedergänger-Pyrenfeind
Rewards Guardian;Belohnungswächter
Rhazien;Rhazien
Rhiannon;Rhiannon
Rhoddwr Tan;Rhoddwr Tan
Rhonen;Rhönen
Rhyfel;Rhyfel
Richard;Richard
Richard Flintmaul;Richard Flintmaul
Rick;Rick
Rick Turpentine;Rick Terpentin
Ricketty door;Ricketty-Tür
Rift guardian;Risswächter
Right head;Rechter Kopf
Riki the sculptor's model;Riki, das Modell des Bildhauers
Rimae Sirsalis;Rimae Sirsalis
Rind the gardener;Rinde den Gärtner
Rionasta;Rionasta
River troll;Flusstroll
Riyl Shade;Riyl Shade
Riyl Shadow;Riyl Schatten
Riyl shadow;Riyl-Schatten
Roachey;Roachey
Roavar;Roavar
Robert Boss;Robert Boss
Robert O'Reilly;Robert O'Reilly
Robert the Strong;Robert der Starke
Robin;Robin
Robyn;Robyn
Rock;Felsen
Rock Crab;Felsenkrabbe
Rock Golem;Felsgolem
Rock lobster;Languste
Rock pile;Steinhaufen
Rocks;Felsen
Rockslug;Rockslug
Rocky;Felsig
Rocnar;Rocnar
Rod Fishing spot;Angelplatz für Angelruten
Rogue;Schurke
Rogue Guard;Schurkenwache
Rohak;Rohak
Rokuh;Rokuh
Rolad;Rolad
Rolayne Twickit (hard);Rolayne Twickit (hart)
Romeo;Romeo
Rometti;Rometti
Romily Weaklax;Romily Weaklax
Rommik;Rommik
Ron Gadderanks;Ron Gadderanks
Rooster;Hahn
Root;Wurzel
Rory;Rory
Rosie;Rosie
Ross;Ross
Ross and Ben;Ross und Ben
Rowdy Guard;Rowdy Guard
Rowdy dwarf;Rowdy Zwerg
Rowdy slave;Rowdy-Sklave
Roy;Roy
Roy jr.;Roy jr.
Royal Guard;Königliche Garde
Ruantun;Ruantun
Ruby harvest;Rubinernte
Rufus;Rufus
Rug Merchant;Teppichhändler
Runa;Runa
Rune dragon;Runendrache
Runite Golem;Runitischer Golem
Runite Minor;Runit Minor
Runite ore;Runiterz
Runolf;Runolf
Runvastr;Runvastr
Rupert the Beard;Rupert der Bart
Rusty;Rostig
Saba;Saba
Sabeil;Sabeil
Saboteur;Saboteur
Sabre-toothed kebbit;Säbelzahn-Kebbit
Sabre-toothed kyatt;Säbelzahn-Kyatt
Sabreen;Sabreen
Sacrifice;Opfern
Sadwrn;Traurig
Saeros;Saeros
Saeth;Saeth
Safalaan Hallow;Safalaan Hallow
Safta Doc;Safta Doc
Sagira;Sagira
Sailor;Seemann
Salarin the twisted;Salarin der Verdrehte
Salenab;Salenab
Salgant;Salgant
Sam;Sam
Sammy Servil;Sammy Servil
San Fan;San Fan
San Tojalon;San Tojalon
Sand Crab;Sandkrabbe
Sand Snake;Sandschlange
Sand Snake (hard);Sandschlange (hart)
Sand storm;Sandsturm
Sandicrahb;Sandicrahb
Sandwich lady;Sandwich-Lady
Sandy;Sandig
Sandy Boulder;Sandiger Felsbrocken
Sandy rocks;Sandige Felsen
Sanfew;Sanfew
Sani Piliu;Sani Piliu
Saniboch;Saniboch
Santiri;Santiri
Sapphire glacialis;Saphir glazialis
Sarachnis;Sarachnis
Saradomin priest;Saradominischer Priester
Saradomin wizard;Saradomin-Zauberer
Saradominist recruiter;Saradoministischer Rekrutierer
Sarah;Sarah
Sarble;Sarble
Sarius Guile;Sarius Guile
Saro;Saro
Sassilik;Sassilik
Savant;Gelehrter
Sawmill Operator;Sägewerksbetreiber
Sawmill operator;Sägewerksbetreiber
Sbott;Sbott
Scabaras;Scabaras
Scarab mage;Skarabäus-Magier
Scarab swarm;Skarabäusschwarm
Scarabs;Skarabäen
Scared skavid;Verängstigter Skavid
Scarg;Scarg
Scavenger beast;Aasfressertier
Scavvo;Scavvo
Schoolboy;Schüler
Schoolgirl;Schulmädchen
Scion;Spross
Scorpia;Skorpion
Scorpia's guardian;Scorpias Vormund
Scorpia's offspring;Scorpias Nachwuchs
Scorpion;Skorpion
Scout;Erkunden
Screaming banshee;Schreiende Todesfee
Screaming twisted banshee;Schreiende, verdrehte Todesfee
Scrubfoot;Scrubfoot
Sea Snake Hatchling;Seeschlangenjunges
Sea Snake Young;Junge Seeschlange
Sea Troll General;Meertroll-General
Sea Troll Queen;Meerestrollkönigin
Sea slug;Meeresschnecke
Sea slugs display;Ausstellung von Meeresschnecken
Sea troll;Meerestroll
Seagull;Möwe
Seaman Lorris;Seemann Lorris
Seaman Morris;Seemann Morris
Seaman Thresnor;Seemann Thresnor
Secretary;Sekretär
Security Guard;Sicherheitsbeamter
Seddu;Seddu
Sedridor;Sedridor
Seer;Seher
Selena;Selena
Selene;Selene
Seravel;Seravel
Seren;Seren
Sergeant;Sergeant
Sergeant Damien;Sergeant Damien
Sergeant Grimspike;Sergeant Grimspike
Sergeant Mossfists;Sergeant Mossfists
Sergeant Ricardo;Sergeant Ricardo
Sergeant Sambur;Sergeant Sambur
Sergeant Slimetoes;Sergeant Slimetoes
Sergeant Steelwill;Sergeant Steelwill
Sergeant Strongstack;Sergeant Strongstack
Sergiu;Sergiu
Servant;Diener
Servery assistant;Servery-Assistent
Seth;Seth
Seth Groats;Seth Groats
Shade;Schatten
Shade Spirit;Schattengeist
Shadow;Schatten
Shadow Hound;Schattenhund
Shadow Wyrm;Schattenwyrm
Shadow spider;Schattenspinne
Shadow warrior;Schattenkrieger
Shadowy figure;Schattenhafte Gestalt
Shady figure;Schattige Figur
Shaeded Beast;Schattiertes Biest
Shamus;Shamus
Shanomi;Shanomi
Shantay;Shantay
Shantay Guard;Shantay-Wache
Sharimika;Sharimika
Shark;Hai
Shayda;Shayda
Shayzien Infiltrator;Shayzien-Eindringling
Sheep;Schaf
Sheepdog;Schäferhund
Sherlock;Sherlock
Sheryl;Sheryl
Shield master;Schildmeister
Shifter;Schalthebel
Shilop;Shilop
Shipyard worker;Werftarbeiter
Shiratti the Custodian;Shiratti der Hüter
Shop assistant;Verkäufer
Shop keeper;Ladenbesitzer
Shura;Schura
Siamun;Siamun
Sian;Sian
Sid;Sid
Siegfried Erkle;Siegfried Erkle
Sigbert the Adventurer;Sigbert der Abenteurer
Sigismund;Sigismund
Sigli the Huntsman;Sigli der Jäger
Sigmund;Sigmund
Sigmund The Merchant;Sigmund der Kaufmann
Sigmund and Zanik;Sigmund und Zanik
Signy;Signy
Sigurd;Sigurd
Sil'as Dahcsnu;Sil'as Dahcsnu
Silk merchant;Seidenhändler
Silk trader;Seidenhändler
Silver Cog Director;Silver Cog-Direktor
Silver Cog Secretary;Silver Cog-Sekretär
Silver merchant;Silberhändler
Silver ore;Silbererz
Simon;Simon
Simon Templeton;Simon Templeton
Simona;Simona
Sin Seer;Sündenseher
Sinclair;Sinclair
Sinclair Guard dog;Sinclair Wachhund
Sinco Doar;Sinco Doar
Sinister Stranger;Unheimlicher Fremder
Sir Amik Varze;Sir Amik Varze
Sir Bedivere;Sir Bedivere
Sir Carl;Sir Carl
Sir Gawain;Sir Gawain
Sir Harry;Sir Harry
Sir Jerro;Sir Jerro
Sir Kay;Sir Kay
Sir Kuam Ferentse;Sir Kuam Ferentse
Sir Lancelot;Sir Lancelot
Sir Leye;Herr Leye
Sir Lucan;Sir Lucan
Sir Mordred;Sir Mordred
Sir Palomedes;Herr Palomedes
Sir Pelleas;Sir Pelleas
Sir Percival;Sir Percival
Sir Prysin;Herr Prysin
Sir Rebral;Sir Rebral
Sir Ren Itchood;Sir Ren Itchood
Sir Renitee;Sir Renitee
Sir Spishyus;Sir Spishyus
Sir Tiffy Cashien;Sir Tiffy Cashien
Sir Tinley;Sir Tinley
Sir Tristram;Sir Tristram
Sir Vyvin;Sir Vyvin
Sirsal Banker;Sirsal Banker
Sister Aseret;Schwester Aseret
Sister Naoj;Schwester Naoj
Sister Salohcin;Schwester Salohcin
Sister Scarophia;Schwester Scarophia
Sister Senga;Schwester Senga
Sister Sevi;Schwester Sevi
Sister Soul Jar;Schwester Seelenglas
Sister Toen;Schwester Toen
Sister Yram;Schwester Yram
Sithik Ints;Sithik Ints
Skavid;Skavid
Skeletal Mystic;Skelettmystiker
Skeletal Wyvern;Skelettwyvern
Skeletal miner;Skelettbergmann
Skeleton;Skeleton
Skeleton Champion;Skeleton-Champion
Skeleton Hellhound;Skelett-Höllenhund
Skeleton Hellhound (hard);Skelett-Höllenhund (schwer)
Skeleton Mage;Skelettmagier
Skeleton brute;Skelettbrut
Skeleton fremennik;Skelettfremennik
Skeleton heavy;Skelett schwer
Skeleton hero;Skelettheld
Skeleton mage;Skelettmagier
Skeleton thug;Skelett-Schläger
Skeleton warlord;Skelett-Kriegsherr
Skippy;Skippy
Skogre;Skogre
Skotizo;Skotizo
Skotos;Skotos
Skrach Uglogwee;Skrach Uglogwee
Skraeling;Skraeling
Skulgrimen;Skulgrimen
Skuli Myrka;Skuli Myrka
Skullball;Schädelball
Skullball Boss;Skullball-Boss
Skullball Trainer;Skullball-Trainer
Slagilith;Slagilith
Slagilith (hard);Slagilith (hart)
Slash Bash;Slash Bash
Slave;Sklave
Sleeping Monkey;Schlafender Affe
Sleeping guard;Schlafender Wächter
Sleepwalker;Schlafwandler
Slieve;Slieve
Slim Louie;Slim Louie
Slippers;Hausschuhe
Sloane;Sloane
Slug Hemligssen;Schnecke Hemligssen
Slug Prince;Schneckenprinz
Small Lizard;Kleine Eidechse
Small ninja monkey;Kleiner Ninja-Affe
Small zombie monkey;Kleiner Zombie-Affe
Smellytoes;Stinkende Zehen
Smiddi Ryak (hard);Smiddi Ryak (hart)
Smith;Schmied
Smithing apprentice;Schmiedelehrling
Smoggy;Smogig
Smoke Devil;Rauchteufel
Smoke devil;Rauchteufel
Smokin' Joe;Smokin' Joe
Smolcano;Smolcano
Snail display;Schneckendisplay
Snake;Schlange
Snakeling;Schlangenling
Snow;Schnee
Snowflake;Schneeflocke
Snowy knight;Verschneiter Ritter
Sofiya;Sofia
Soldier;Soldat
Soldier (tier 1);Soldat (Stufe 1)
Soldier (tier 2);Soldat (Stufe 2)
Soldier (tier 3);Soldat (Stufe 3)
Soldier (tier 4);Soldat (Stufe 4)
Soldier (tier 5);Soldat (Stufe 5)
Solihib;Solihib
Solus Dellagar;Solus Dellagar
Solztun;Solztun
Sophanem guard;Sophanem-Wache
Sophia Hughes;Sophia Hughes
Sorceress;Zauberin
Sorebones;Knochenschmerzen
Sorin;Sorin
Sorrn;Tut mir leid
Sotetseg;Sotetseg
Soulless;Seelenlos
Spang;Spang
Spawn;Laichen
Spawn of Sarachnis;Brut von Sarachnis
Spectator;Zuschauer
Speedy Keith;Schneller Keith
Sphinx;Sphinx
Spice seller;Gewürzverkäufer
Spider;Spinne
Spidine;Spidine
Spiked Turoth;Stacheliger Turoth
Spin Blades;Spin Blades
Spined larupia;Stachelige Larupie
Spinner;Spinner
Spinolyp;Spinolyp
Spirit Angler;Geisterangler
Spirit of Scorpius;Geist von Scorpius
Spirit of Zadimus;Geist von Zadimus
Spirit tree;Geisterbaum
Spiritual mage;Spiritueller Magier
Spiritual warrior;Spiritueller Krieger
Spit goblin;Kobold spucken
Spitting Wyvern;Spuckender Wyvern
Splatter;Spritzer
Spotted kebbit;Gefleckter Kebbit
Spria;Spria
Spring Elemental;Frühlingselementar
Squire;Knappe
Squire (Intermediate);Knappe (Mittelstufe)
Squire (Novice);Knappe (Anfänger)
Squire (Veteran);Knappe (Veteran)
Squirrel;Eichhörnchen
Sraracha;Sraracha
Stag;Hirsch
Stanford;Stanford
Stankers;Stanker
Starflower;Sternblume
Starlight;Sternenlicht
Steel dragon;Stahldrache
Steve;Steve
Stick;Stock
Stone Guardian;Steinwächter
Stone mason;Steinmetz
Stonemason;Steinmetz
Storm Cloud;Sturmwolke
Storm cloud;Sturmwolke
Strange Old Man;Seltsamer alter Mann
Strange plant;Seltsame Pflanze
Strange watcher;Seltsamer Beobachter
Stranger;Fremder
Straven;Straven
Stray dog;Streunender Hund
Street urchin;Straßenjunge
Strong Ronny;Starker Ronny
Student;Student
Stuliette;Stuliette
Stumpy;Stumpfig
Stunned Hoop Snake;Betäubte Ringschlange
Stunted demonic gorilla;Verkümmerter dämonischer Gorilla
Styrmir;Styrmir
Suit of armour;Rüstung
Sulphur Lizard;Schwefeleidechse
Summer Elemental;Sommerelementar
Summoned Soul;Beschworene Seele
Summoned Zombie;Beschworener Zombie
Sune;Sune
Superior ghostly thrall;Überlegener Geisterknecht
Superior skeletal thrall;Überlegener Skelettknecht
Superior zombified thrall;Überlegener zombifizierter Sklave
Supreme Commander;Oberbefehlshaber
Suqah;Suqah
Surgeon General Tafani;Generalchirurg Tafani
Surma;Surma
Surok Magis;Surok Magis
Survival Expert;Überlebensexperte
Suspect;Verdächtig
Suspicious water;Verdächtiges Wasser
Svetlana;Swetlana
Svidi;Svidi
Swamp Crab;Sumpfkrabbe
Swamp Priest;Sumpfpriester
Swamp frog;Sumpffrosch
Swamp lizard;Sumpfeidechse
Swamp snake;Sumpfschlange
Swamp toad;Sumpfkröte
Swampy log;Sumpfiger Baumstamm
Swan;Schwan
Swarm;Schwarm
Sweeper;Kehrmaschine
Swensen the Navigator;Swensen der Navigator
Swordchick;Schwertküken
Sylas;Sylas
Taiman;Taiman
Talia;Talia
Taloned Wyvern;Krallenwyvern
Tamayu;Tamayu
Tamble;Tamble
Tanglefoot;Tanglefoot
Tanglefoot (hard);Tanglefoot (hart)
Tangleroot;Tangleroot
Tanner;Gerber
Tanya;Tanja
Tar Bubbles;Teerblasen
Tar Monster;Teermonster
Tarfol quo Maten;Tarfol quo Maten
Target;Ziel
Taria;Taria
Tarik;Tarik
Tarn;Tarn
Tarquin;Tarquin
Tassie Slipcast;Tassie Slipcast
Tati;Tati
Tatie;Tatie
Tau;Tau
Taxidermist;Präparator
Taylor;Taylor
Tayten;Tayten
Tea seller;Teeverkäufer
Teacher;Lehrer
Teacher and pupil;Lehrer und Schüler
Ted Rehnison;Ted Rehnison
Tegdak;Tegdak
Tegid;Tegid
Tektiny;Tektiny
Tekton;Tekton
Tekton (enraged);Tekton (wütend)
Telekinetic Guardian;Telekinetischer Wächter
Temple Spider;Tempelspinne
Temple guardian;Tempelwächter
Tempoross;Tempoross
Tentacle;Tentakel
Tenzing;Tenzing
Teodor;Teodor
Terror dog;Terrorhund
Terror dog statue;Terror-Hundestatue
Terrorbird;Terrorvogel
Terrorbird display;Terrorbird-Ausstellung
Terrorchick gnome;Terrorchick-Zwerg
Thakkrad Sigmundson;Thakkrad Sigmundson
The 'Wedge';Der „Keil“
The Beast;Das Biest
The Collector;Der Sammler
The Draugen;Die Draugen
The Everlasting;Das Ewige
The Everlasting (hard);Das Ewige (hart)
The Face;Das Gesicht
The Fisher King;Der Fischerkönig
The Illusive;Das Illusive
The Inadequacy;Die Unzulänglichkeit
The Inadequacy (hard);Die Unzulänglichkeit (hart)
The Jormungand;Der Jormungand
The Kendal;Der Kendal
The Kendal (hard);Der Kendal (hart)
The Lady of the Lake;Die Dame vom See
The Maiden of Sugadinti;Die Jungfrau von Sugadinti
The Mimic;Der Nachahmer
The Monkey's Uncle;Der Onkel des Affen
The Nightmare;Der Albtraum
The Queen of Thieves;Die Königin der Diebe
The Shaikahan;Der Shaikahan
The Untouchable;Der Unberührbare
The Untouchable (hard);Der Unberührbare (schwer)
Thermonuclear smoke devil;Thermonuklearer Rauchteufel
Thessalia;Thessalien
Thias Leacke;Thias Leake
Thief;Dieb
Thing under the bed;Ding unter dem Bett
Thingol;Thingol
Third Age Mage;Magier des dritten Zeitalters
Third Age Ranger;Ranger des dritten Zeitalters
Third Age Warrior;Krieger des dritten Zeitalters
Thirus;Thirus
Thistle;Distel
Thomdril;Thomdril
Thora;Thora
Thora the Barkeep;Thora die Barkeeperin
Thordur;Thordur
Thorgel;Thorgel
Thorhild;Thorhild
Thorkel Silkbeard;Thorkel Seidenbart
Thormac;Thormac
Thorodin;Thorodin
Thorvald the Warrior;Thorvald der Krieger
Thrantax the Mighty;Thrantax der Mächtige
Thrower Troll;Werfer-Troll
Thrower troll;Werfer-Troll
Thug;Schurke
Thumpy;Thumpy
Thurgo;Thurgo
Thyria;Thyria
Tiadeche;Tiadeche
Ticket Merchant;Tickethändler
Ticket dwarf;Ticketzwerg
Ticket goblin;Ticketkobold
Tide;Tide
Tiles;Fliesen
Tilt;Neigung
Tim;Tim
Timallus;Timallus
Timble;Timble
Timfraku;Timfraku
Tin ore;Zinnerz
Tina;Tina
Tindar;Tindar
Tindel Marchant;Tindel Marchant
Tinsay;Tinsay
Tinse Torpe;Tinse Torpe
Tiny Tempor;Winziger Tempor
Tirrie;Tirrie
Tjorvi;Tjorvi
Toban;Toban
Toby;Toby
Tok-Xil;Tok-Xil
Tolna;Tolna
Tomas Lawry;Tomas Lawry
Tombar;Tombar
Tommy 2-times;Tommy 2-mal
Tool Leprechaun;Werkzeug Kobold
Toothy;Zahnig
Topsy;Topsy
Torag the Corrupted;Torag der Verderbte
Torbrund;Torbrand
Torcher;Fackel
Torfinn;Torfinn
Tormented Soul;Gequälte Seele
Torrcs;Torrcs
Torrell;Torrell
Tortoise;Schildkröte
Tortured gorilla;Gefolterter Gorilla
Tortured soul;Gequälte Seele
Tostig;Tostig
Tough Guy;Harter Kerl
Tower Advisor;Turmberater
Tower Archer;Turmbogenschütze
Tower Mage;Turmmagier
Tower guard;Turmwächter
Town Crier;Stadtausrufer
Town Guard;Stadtwache
Toy Doll;Spielzeugpuppe
Toy Mouse;Spielzeugmaus
Toy Soldier;Spielzeugsoldat
Tracker gnome 1;Tracker-Zwerg 1
Tracker gnome 2;Trackergnom 2
Tracker gnome 3;Tracker-Gnom 3
Trade Referee;Handelsschiedsrichter
Trader;Händler
Trader Crewmember;Mitglied der Händlercrew
Trader Stan;Händler Stan
Trader Sven;Händler Sven
Traiborn;Traiborn
Trainee Guard;Azubi-Wache
Trainer Nacklepen;Trainer Nacklepen
Tramp;Tramp
Trapped Soul;Gefangene Seele
Trapped Soul (hard);Gefangene Seele (schwer)
Traxi;Traxi
Treacle;Sirup
Treasure fairy;Schatzfee
Tree;Baum
Tree spirit;Baumgeist
Tree spirit (hard);Baumgeist (hart)
Trees;Bäume
Trefaji;Trefaji
Treus Dayth;Treus Dayth
Treus Dayth (hard);Treus Dayth (hart)
Treznor;Treznor
Tribal Weapon Salesman;Stammeswaffenverkäufer
Tribesman;Stammesangehörige
Tristan;Tristan
Trobert;Trobert
Trogen Konungarde;Trogen Konungarde
Troll;Troll
Troll child;Trollkind
Troll father;Troll-Vater
Troll general;Troll-General
Troll mother;Trollmutter
Troll spectator;Troll-Zuschauer
Trolley;Wagen
Tropical wagtail;Tropische Bachstelze
Trossa;Trossa
Trufitus;Trufitus
Tstanon Karlak;Tstanon Karlak
Turael;Turael
Turbogroomer;Turbogroomer
Turgall;Turgall
Turgok;Turgok
Turgon;Turgon
Turoth;Turoth
Tutab;Tutab
Twig;Zweig
Twiggy O'Korn;Twiggy O'Korn
Twisted Banshee;Verdrehte Todesfee
Two-pints;Zwei Pints
Tyke;Tyke
Tynan;Tynan
Typhor;Typhor
Tyras Guard;Tyras-Wache
Tyras guard;Tyras Wache
Tyss;Tyss
Tz-Kek;Tz-Kek
Tz-Kih;Tz-Kih
TzHaar-Hur;TzHaar-Hur
TzHaar-Hur-Lek;TzHaar-Hur-Lek
TzHaar-Hur-Rin;TzHaar-Hur-Rin
TzHaar-Hur-Tel;TzHaar-Hur-Tel
TzHaar-Hur-Zal;TzHaar-Hur-Zal
TzHaar-Ket;TzHaar-Ket
TzHaar-Ket-Keh;TzHaar-Ket-Keh
TzHaar-Ket-Rak;TzHaar-Ket-Rak
TzHaar-Ket-Yil;TzHaar-Ket-Yil
TzHaar-Ket-Zuh;TzHaar-Ket-Zuh
TzHaar-Mej;TzHaar-Mej
TzHaar-Mej-Bal;TzHaar-Mej-Bal
TzHaar-Mej-Dir;TzHaar-Mej-Dir
TzHaar-Mej-Jal;TzHaar-Mej-Jal
TzHaar-Mej-Kah;TzHaar-Mej-Kah
TzHaar-Mej-Roh;TzHaar-Mej-Roh
TzHaar-Xil;TzHaar-Xil
TzKal-Zuk;TzKal-Zuk
TzRek-Jad;TzRek-Jad
TzRek-Zuk;TzRek-Zuk
TzTok-Jad;TzTok-Jad
Ug;Ug
Uglug Nar;Uglug Nar
Ugthanki;Ugthanki
Ulfric;Ulfric
Ulifed;Ulifed
Ulizius;Ulizius
Ulsquire Shauncy;Ulsquire Shauncy
Undead Druid;Untoter Druide
Undead Lumberjack;Untoter Holzfäller
Undead Zealot;Untoter Eiferer
Undead chicken;Untotes Huhn
Undead cow;Untote Kuh
Undead one;Untoter
Undead tree;Untoter Baum
Undor;Undor
Unferth;Unferth
Ungadulu;Ungadulu
Unicorn;Einhorn
Unicorn Foal;Einhornfohlen
Unicow;Unicow
Unnamed troll child;Unbenanntes Trollkind
Uodai;Uodai
Ur-lun;Ur-lun
Ur-meg;Ur-meg
Ur-pel;Ur-Pel
Ur-taal;Ur-Taal
Ur-tag;Ur-Tag
Ur-vass;Ur-Vass
Ur-zek;Ur-zek
Urbi;Urbi
Uri;Uri
Urium Shade;Urium-Schatten
Urium Shadow;Urium-Schatten
Usi;Usi
Utrec;Utrec
Uurrak quo Narga;Uurrak quo Narga
Uwogo;Uwogo
Uyoro;Uyoro
Vaeringk;Vaeringk
Vaire;Vaire
Valaine;Valaine
Valantay Eppel (medium);Valantay Eppel (mittel)
Valentin Rasputin;Walentin Rasputin
Valentina Diaemus;Valentina Diaemus
Valeria;Valeria
Valgerd;Valgerd
Vallessia Dracyula;Vallessia Dracyula
Vallessia von Pitt;Vallessia von Pitt
Vampyre Juvenile;Vampir-Jugendlicher
Vampyre Juvinate;Vampir-Juvinat
Vampyressa van Von;Vampyressa van Von
Vampyric hound;Vampirhund
Vampyrus Diaemus;Vampyrus Diaemus
Vanescula Drakan;Vanescula Drakan
Vanessa;Vanessa
Vanguard;Vorhut
Vanligga Gastfrihet;Vanligga Gastfrihet
Vannah;Vannah
Vannaka;Vannaka
Vanstrom Klause;Vanstrom Klause
Varrian Sobak;Varrian Sobak
Vasa Minirio;Vasa Minirio
Vasa Nistirio;Vasa Nistirio
Vasile;Vasile
Vasquen;Vasken
Veliaf Hurtz;Veliaf Hurtz
Velorina;Velorina
Velrak the explorer;Velrak der Entdecker
Venenatis;Venenatis
Venenatis spiderling;Venenatis-Spinne
Veos;Veos
Vera;Vera
Verac the Defiled;Verac der Befleckte
Verak;Verak
Vermundi;Vermundi
Veronica;Veronika
Vertida Sefalatis;Vertida Sefalatis
Verzik Vitur;Verzik Vitur
Vespina;Vespina
Vespine soldier;Vespinischer Soldat
Vespula;Vespula
Vestri;Vestri
Vet'ion;Vet'ion
Vet'ion Jr.;Vet'ion Jr.
Vet'ion Reborn;Vet'ion wiedergeboren
Victor;Sieger
Vigr;Vigr
Vigroy;Vigroy
Villager;Dorfbewohner
Villia;Villia
Violetta Sanguine;Violetta Sanguine
Viyeldi;Viyeldi
Vlad Bechstein;Vlad Bechstein
Vlad Diaemus;Vlad Diaemus
Vladimir;Wladimir
Voice of Yama;Stimme von Yama
Void Knight;Leerenritter
Volf Olafson;Volf Olafson
Von van Von;Von van Von
Vonnetta Varnis;Vonnetta Varnis
Vorkath;Vorkath
Vorki;Vorki
Vormar Vakan;Vormar Vakan
Vornas quo Maten;Vornas quo Maten
Vortas quo Keran;Vortas quo Keran
Vritra;Vritra
Vulcan Orvoros;Vulkanischer Orvoros
Vulture;Geier
Vyre Orator;Vyre-Redner
Vyrelady;Vyrelady
Vyrelord;Vyrelord
Vyrewatch;Vyrewatch
Vyrewatch Sentinel;Vyrewatch-Wächter
Wagchin;Wagchin
Wall beast;Wandbestie
Wallasalki;Wallasalki
Wally;Wally
Wanderer;Wanderer
Wandering impling;Umherwandernder Imple
Warped Jelly;Verzerrtes Gelee
Warrior;Krieger
Warrior of Murahs;Krieger von Murahs
Warrior woman;Kriegerin
Watchman;Wächter
Watchtower Wizard;Wachtturm-Zauberer
Water elemental;Wasserelementar
Water wizard;Wasserzauberer
Waterfiend;Wasserfeind
Watson;Watson
Waydar;Waydar
Waymottin;Waymottin
Wayne;Wayne
Weakened Delrith;Delrith geschwächt
Weaponsmaster;Waffenmeister
Weird Old Man;Seltsamer alter Mann
Well-armed Foe;Gut bewaffneter Feind
Wemund;Wemund
Wengra quo Sihar;Wengra quo Sihar
Werewolf;Werwolf
Wesley;Wesley
Weve;Weve
Whirlpool;Whirlpool
White Chisel Director;White Chisel-Regisseur
White Chisel Secretary;White Chisel-Sekretär
White Knight;Weißer Ritter
White golem;Weißer Golem
White wolf;Weißer Wolf
Wild dog;Wildhund
Wild kebbit;Wildes Kebbit
Will o' the wisp;Will das Irrlicht
William;Wilhelm
Willow;Weide
Wilough;Wilough
Wilson;Wilson
Wily cat;Listige Katze
Wily hellcat;Listige Höllenkatze
Winelda;Winelda
Wingman Skree;Wingman Skree
Wingstone;Flügelstein
Winkin;Winkin
Winter Elemental;Winterelementar
Winter Soldier;Wintersoldat
Wintertoad;Winterkröte
Wise Old Man;Weiser alter Mann
Wise Young Man;Weiser junger Mann
Wiskit;Wiskit
Wistan;Wistan
Witch;Hexe
Witch's cat;Hexenkatze
Witch's experiment;Hexenexperiment
Witch's experiment (fourth form);Hexenexperiment (vierte Klasse)
Witch's experiment (fourth form) (hard);Hexenexperiment (vierte Klasse) (schwer)
Witch's experiment (hard);Hexenexperiment (schwer)
Witch's experiment (second form);Hexenexperiment (zweite Form)
Witch's experiment (second form) (hard);Hexenexperiment (zweite Form) (schwer)
Witch's experiment (third form);Hexenexperiment (dritte Form)
Witch's experiment (third form) (hard);Hexenexperiment (dritte Form) (schwer)
Witchaven villager;Dorfbewohner von Witchaven
Wizard;Zauberer
Wizard Akutha;Zauberer Akutha
Wizard Cromperty;Zauberer Cromperty
Wizard Distentor;Zauberer-Distentor
Wizard Frumscone;Zauberer Frumscone
Wizard Grayzag;Zauberer Grayzag
Wizard Mizgog;Zauberer Mizgog
Wizard Sinina;Zauberer Sinina
Wolf;Wolf
Wolfbone;Wolfsknochen
Woman;Frau
Woman-at-arms (hard);Woman-at-arms (hart)
Wood Dryad;Holzdryade
Woodsman tutor;Woodsman-Nachhilfelehrer
Workman;Arbeiter
Wormbrain;Wurmhirn
Wounded soldier;Verwundeter Soldat
Wurbel;Würbel
Wydin;Wydin
Wyrm;Wyrm
Wyson the gardener;Wyson der Gärtner
Wyvern display;Wyvern-Ausstellung
Xamphur;Xamphur
Xarpus;Xarpus
Xorrah quo Sihar;Xorrah quo Sihar
Yadviga;Yadviga
Yak;Yak
Yanni Salika;Yanni Salika
Yarsul;Jarsul
Yellow Fortune Director;Yellow Fortune-Direktor
Yellow Fortune Secretary;Gelber Glückssekretär
Yellow Sheep;Gelbes Schaf
Yellow Snow;Gelber Schnee
Yenrab;Yenrab
Yeti;Yeti
Ymladd;Ymladd
Yohnus;Yohnus
Young 'un;Junge Leute
Young impling;Junger Flegel
Youngllef;Youngllef
Yrsa;Yrsa
Ysbeid;Ysbeid
Ysgawyn;Ysgawyn
Ystwyth;Ystwyth
Yt-HurKot;Yt-HurKot
Yt-MejKot;Yt-MejKot
Yulf Squecks;Yulf Squecks
Yuri;Yuri
