 Sneaky undead fowl;Galinha morta-viva sorrateira
'Beedy-eye' Jones;'Olho-Beedy' Jones
'Beefy' Burns;Queimaduras 'carnudas'
'Betty' B.Boppin;'Betty' B. Boppin
'Bird's-Eye' Jack;Jack 'olho de pássaro'
'Birds-Eye' Jack;Jack 'Olho de Pássaro'
'Black-eye';'Olho roxo'
'Currency' The Alchemist;'Moeda' O Alquimista
'Eagle-eye' Shultz;Shultz 'olho de águia'
'Gummy';'Gomoso'
'Lecherous' Lee;'Lecheroso' Lee
'No fingers';'Sem dedos'
'Picarron' Pete;'Picarron' Pete
'Sticky' Sanders;Lixadeiras 'pegajosas'
'The Guns';'As armas'
'Transmute' The Alchemist;‘Transmutar’ O Alquimista
1337sp34kr;1337sp34kr 
50% Luke;50% Lucas
? ? ? ?;? ? ? ?
A Doubt;Uma dúvida
A pile of broken glass;Uma pilha de vidro quebrado
A'abla;A'abla
Abbot Langley;Abade Langley
Aberab;Aberab
Aberrant spectre;Espectro aberrante
Abhorrent spectre;Espectro abominável
Abidor Crank;Manivela Abidor
Abigaila;Abigaila
Abigale;Abigale
Abomination;Abominação
Abyssal Sire;Senhor Abissal
Abyssal demon;Demônio abissal
Abyssal guardian;Guardião Abissal
Abyssal leech;Sanguessuga abissal
Abyssal orphan;Órfão abissal
Abyssal walker;Caminhante Abissal
Account Guide;Guia da conta
Account security tutor;Tutor de segurança de conta
Achietties;Achiettis
Acidic Bloodveld;Bloodveld Ácido
Acorn;Bolota
Adamant dragon;Dragão Adamante
Adamantite ore;Minério de Adamantita
Adventurer;Aventureiro
Adventurer (easy);Aventureiro (fácil)
Adventurer Jon;Aventureiro Jon
Advisor Ghrim;Conselheiro Ghrim
Aemad;Aemad
Aeonisig Raispher;Aeonisig Raispher
Afflicted;Afligido
Afflicted(Razmire);Afligido (Razmire)
Afflicted(Ulsquire);Aflito (Ulsquire)
Afrah;Afra
Aga;Ága
Aggie;Aggie
Agility Boss;Chefe de agilidade
Agility Instructor;Instrutor de Agilidade
Agility Trainer;Treinador de Agilidade
Agmundi;Agmundi
Agnar;Agnar
Agrith Naar;Agrith Naar
Agrith Naar (hard);Agrith Naar (difícil)
Agrith-Na-Na;Agrith-Na-Na
Agrith-Na-Na (hard);Agrith-Na-Na (difícil)
Ahab;Acabe
Ahrim the Blighted;Ahrim, o Arruinado
Air elemental;Elemental do ar
Air wizard;Mago do ar
Aisles;Corredores
Aivas;Aivas
Ajjat;Ajjat
Ak-Haranu;Ak-Haranu
Akthanakos;Aktanakos
Al Shabim;Al-Shabim
Al the Camel;Al o Camelo
Al-Kharid warrior;Guerreiro Al-Kharid
Alain;Alan
Alan;Alan
Albino bat;Morcego albino
Alchemical Hydra;Hidra Alquímica
Alchemy Guardian;Guardião da Alquimia
Alec Kincade;Alec Kincade
Aleck;Aleck
Alek Constantine;Alex Constantino
Alexander;Alexandre
Alexandra;Alexandra
Alexis;Alexis
Alfonse the waiter;Afonso, o garçom
Ali Morrisane;Ali Morrisane
Ali The barman;Ali, o barman
Ali the Camel;Ali, o Camelo
Ali the Camel Man;Ali, o Homem Camelo
Ali the Carter;Ali o Carter
Ali the Farmer;Ali, o Fazendeiro
Ali the Guard;Ali, o Guarda
Ali the Hag;Ali, a Bruxa
Ali the Kebab seller;Ali, o vendedor de Kebab
Ali the Leaflet Dropper;Ali, o conta-gotas de folhetos
Ali the Mayor;Ali, o prefeito
Ali the Operator;Ali o Operador
Ali the Smith;Ali, o Ferreiro
Ali the Snake Charmer;Ali, o Encantador de Serpentes
Ali the Tailor;Ali, o Alfaiate
Ali the dyer;Ali, o tintureiro
Alice;Alice
Alice the Camel;Alice, o Camelo
Alice's husband;Marido de Alice
Allanna;Allana
Almera;Almera
Alomone;Alomone
Alrena;Alrena
Alrik;Alrik
Alry the Angler;Alry, o Pescador
Altar;Altar
Altarkiz;Altarkiz
Aluft Gianne snr.;Aluft Gianne Sr.
Alviss;Alviss
Alwyn;Alwyn
Alyssa;Alyssa
Ambassador Alvijar;Embaixador Alvijar
Ambassador Ferrnook;Embaixador Ferrnook
Ambassador Gimblewap;Embaixador Gimblewap
Ambassador Spanfipple;Embaixador Spanfipple
Amelia;Amélia
Ammonite Crab;Caranguejo Amonita
Amrod;Amrod
Amy;Amém
An old Dwarf;Um velho anão
Ana;Ana
Anaire;Anaire
Ancient Fungi;Fungos Antigos
Ancient Ghost;Fantasma Antigo
Ancient Guardian;Antigo Guardião
Ancient Wizard;Feiticeiro Antigo
Ancient Wyvern;Wyvern Antigo
Ancient Zygomite;Zigomita Antigo
Ancient monkey;Macaco antigo
Andiess Juip;Andiess Juip
Andras;Andras
Andrea;Andreia
Andros Mai;Andros Mai
Aneirin;Aneirin
Angel;Anjo
Angelo;Ângelo
Angry barbarian spirit;Espírito bárbaro irritado
Angry bear;Urso irritado
Angry giant rat;Rato gigante irritado
Angry goblin;Duende irritado
Angry unicorn;Unicórnio irritado
Animated Adamant Armour;Armadura Adamant Animada
Animated Black Armour;Armadura Negra Animada
Animated Bronze Armour;Armadura de Bronze Animada
Animated Iron Armour;Armadura de Ferro Animada
Animated Mithril Armour;Armadura de Mithril Animada
Animated Rune Armour;Armadura Rúnica Animada
Animated Steel Armour;Armadura de Aço Animada
Animated spade;Espada animada
Animated steel armour;Armadura de aço animada
Anita;Anitta
Anja;Anja
Ankou;Ankou
Anleif;Anelif
Anna;Ana
Anna Jones;Ana Jones
Anne Isaakson;Anne Isaacson
Annette;Annette
Annoyed guardian mummy;Múmia guardiã irritada
Anton;Anton
Anwen;Anwen
Apmeken;Apmeken
Apothecary;Boticário
Apprentice;Aprendiz
Apprentice (medium);Aprendiz (médio)
Apprentice workman;Trabalhador aprendiz
Aranwe;Aranwe
Archaeological expert;Perito arqueológico
Archaeologist;Arqueólogo
Archeio;Archeio
Archer;Arqueiro
Archpriest of the Unicorn;Arcipreste do Unicórnio
Arcis;Arcis
Aredhel;Aredhel
Aretha;Aretha
Arhein;Arhein
Arianwyn;Arianwyn
Arianwyn (hard);Arianwyn (difícil)
Aristarchus;Aristarco
Armadylean guard;Guarda Armadyliano
Armod;Armad
Armour salesman;Vendedor de armadura
Armoured Foe;Inimigo Blindado
Armourer (tier 1);Armeiro (nível 1)
Armourer (tier 2);Armeiro (nível 2)
Armourer (tier 3);Armeiro (nível 3)
Armourer (tier 4);Armeiro (nível 4)
Armourer (tier 5);Armeiro (nível 5)
Army Commander;Comandante do Exército
Arno;Arno
Arnold Lydspor;Arnold Lydspor
Arnor;Arnor
Arrg;Arrg
Arrg (hard);Arrg (difícil)
Arsen the Thief;Arsen, o Ladrão
Art;Arte
Art Critic Jacques;Crítico de arte Jacques
Arthur;Artur
Arthur the Clue Hunter;Arthur, o caçador de pistas
Artimeus;Artimeu
Artur Hosidius;Artur Hosídio
Arvel;Arvel
Arzinian Avatar of Magic;Avatar Arziniano da Magia
Arzinian Avatar of Ranging;Avatar Arziniano de Alcance
Arzinian Avatar of Strength;Avatar Arziniano da Força
Arzinian Being of Bordanzan;Ser Arziniano de Bordanzan
Ash;Cinzas
Ashild;Ashild
Askeladden;Askeladden
Assassin;Assassino
Assistant;Assistente
Assistant Brock;Assistente Brock
Assistant Le Smith;Assistente Le Smith
Assistant Lori;Assistente Lori
Assistant Marrow;Medula Assistente
Assistant Serf;Servo Assistente
Assistant Stan;Assistente Stan
Asteros Arceuus;Asteros Arceuus
Asyff;Asyff
Asyn Shade;Sombra Assíncrona
Asyn Shadow;Sombra Asyn
Asyn shadow;Sombra assíncrona
Atlas;Atlas
Aubury;Aubury
Auctioneer;Leiloeiro
Audmann;Audmann
Auguste;Augusto
Aurel;Aurel
Austri;Áustria
Autumn Elemental;Elemental de Outono
Ava;Ava
Avan;Avan
Avatar of Creation;Avatar da Criação
Avatar of Destruction;Avatar da Destruição
Aviansie;Aviansie
Awakened Altar;Altar Desperto
Awowogei;Awowogei
Awusah the Mayor;Awusah, o prefeito
Ayesha;Ayesha
Azzanadra;Azzanadra
Baba Yaga;Baba Yaga
Baby Chinchompa;Bebê Chinchompa
Baby Mole;Toupeira bebê
Baby Mole-rat;Bebê rato-toupeira
Baby Roc;Bebê Roc
Baby black dragon;Bebê dragão negro
Baby blue dragon;Dragão azul bebê
Baby green dragon;Bebê dragão verde
Baby impling;Bebê implicável
Baby red dragon;Bebê dragão vermelho
Baby tanglefoot;Bebê emaranhado
Badger;Texugo
Bailey;Bailey
Baker;Padeiro
Bakuna;Bakuna
Bald Headed Eagle;Águia careca
Balfrug Kreeyath;Balfrug Kreeyath
Balloon Animal;Animal Balão
Balloon Toad;Sapo Balão
Bandit;Bandido
Bandit Leader;Líder bandido
Bandit champion;Campeão bandido
Bandit shopkeeper;Lojista bandido
Bandosian guard;Guarda Bandosiano
Banisoch;Banisoch
Bank guard;Guarda do banco
Banker;Banqueiro
Banker tutor;Tutor de banqueiro
Banknote Exchange Merchant;Comerciante de troca de notas
Banshee;Banshee
Baraek;Baraek
Barb-tailed kebbit;Kebbit de cauda farpada
Barbara;Bárbara
Barbarian;Bárbaro
Barbarian Warlord;Senhor da Guerra Bárbaro
Barbarian guard;Guarda bárbaro
Bardur;Bardur
Barfy Bill;Barfy Bill
Barge foreman;Capataz de barcaça
Barge guard;Guarda de barcaça
Barge workman;Trabalhador de barcaça
Bark Blamish Snail;Casca de caracol Blamish
Barker;Ladrador
Barlak;Barlak
Barmaid;Garçonete
Barman;Barman
Barnabus Hurma;Barnabé Hurma
Barrelchest;Baú de barril
Barrelchest (hard);Peito de barril (duro)
Barricade;Barricada
Bartak;Bartak
Bartender;Barman
Basilisk;Basilisco
Basilisk Knight;Cavaleiro Basilisco
Basilisk Sentinel;Sentinela Basilisco
Basilisk Youngling;Filhote de Basilisco
Bast;Bast
Bat;Bastão
Batt Mellamy;Batt Mellamy
Battle mage;Mago de batalha
Battle tortoise display;Exibição de tartaruga de batalha
Baxtorian;Baxtoriano
Bear Cub;Filhote de urso
Bearded gorilla;Gorila barbudo
Beaver;Castor
Bed;Cama
Bedabin Nomad;Nômade Bedabino
Bedabin Nomad Fighter;Lutador Nômade Bedabin
Bedabin Nomad Guard;Guarda Nômade Bedabin
Bedread the bold;Leia o negrito
Bee keeper;Apicultor
Bees!;Abelhas!
Beggar;Mendigo
Beigarth;Beigarth
Beite;Beite
Bellemorde;Bellemorde
Belona;Belona
Bench;Banco
Benjamin;Benjamin
Benny;Benny
Bentamir;Bentamir
Bernald;Bernardo
Berry;Baga
Berserk barbarian spirit;Espírito bárbaro furioso
Bert;Bert
Betty;Betty
Biblia;Bíblia
Big Dave;Grande Dave
Big Snake;Cobra Grande
Big Wolf;Lobo Grande
Big frog;Sapo grande
BigRedJapan;BigRedJapão
Bill Teach;Bill ensina
Billy;Billy
Billy Goat;Bode
Billy Rehnison;Billy Rehnison
Billy, a guard of Falador;Billy, um guarda de Faladore
Bird;Pássaro
Bjorn;Bjorn
Black Cat;Gato preto
Black Guard;Guarda Negra
Black Guard Berserker;Berserker da Guarda Negra
Black Heather;Urze Negra
Black Knight;Cavaleiro Negro
Black Knight Captain;Capitão Cavaleiro Negro
Black Knight Titan;Cavaleiro Negro Titã
Black Knight Titan (hard);Cavaleiro Negro Titã (difícil)
Black bear;Urso preto
Black chinchompa;Chinchompa preta
Black demon;Demônio negro
Black demon (hard);Demônio negro (difícil)
Black dragon;Dragão negro
Black golem;Golem negro
Black knight;Cavaleiro negro
Black salamander;Salamandra preta
Black swan;Cisne negro
Black unicorn;Unicórnio preto
Black unicorn Foal;Potro unicórnio preto
Black warlock;Bruxo negro
Blackjack seller;Vendedor de blackjack
Blaec;Blaec
Blair;Blair
Blandebir;Blandebir
Blanin;Blanin
Blasidar the sculptor;Blasidar, o escultor
Blast Furnace Foreman;Encarregado de Alto Forno
Blessed giant rat;Abençoado rato gigante
Blessed spider;Aranha abençoada
Bloated Toad;Sapo inchado
Blood Blamish Snail;Caracol da Culpa de Sangue
Blood spawn;Geração de sangue
Bloodhound;Cão de caça
Bloodveld;Veld Sangrento
Bloodworm;Verme de sangue
Blue Monkey;Macaco Azul
Blue Opal Director;Diretor Opala Azul
Blue Opal Secretary;Secretária Opala Azul
Blue Sheep;Ovelha Azul
Blue dragon;Dragão azul
Blurberry;Mirtilo
Boar;Javali
Boat;Barco
Bob;Prumo
Bob Barter (herbs);Bob Barter (ervas)
Bob, another guard of Falador;Bob, outro guarda de Faladore
Bobawu;Bobawu
Bobbing fossil;Balançando fóssil
Body Golem;Golem Corporal
Bolkoy;Bolkóy
Bologa;Bolonha
Bolongo;Bolongo
Bonafido;Bonafido
Boneguard;Guarda-ossos
Bones;Ossos
Bonzara;Bonzara
Bonzo;Bonzo
Boot;Bota
Border Guard;Guarda de Fronteira
Boris;Bóris
Bork Sigmundson;Bork Sigmundson
Borrokar;Borrokar
Boulder;Pedregulho
Bouncer;Segurança
Bouncer (hard);Segurança (difícil)
Bouquet Mac Hyacinth;Bouquet Mac Jacinto
Bow and Arrow salesman;Vendedor de arco e flecha
Boy;Garoto
Brambickle;amoreira silvestre
Brana;Brana
Branwen;Branwen
Brassican Mage;Mago Brassicano
Bravek;Corajoso
Brawler;Lutador
Bree;Bree
Breive;Breive
Brendt;Brendt
Breoca;Breoca
Brewer;Cervejeiro
Brian;Brian
Brian O'Richard;Brian O'Richard
Briget;Briget
Brimstail;Brimstail
Brine rat;Rato de salmoura
Broddi;Broddi
Broken Handz;Mão Quebrada
Broken clay golem;Golem de argila quebrada
Bronze dragon;Dragão de bronze
Broodoo victim;Vítima Broodoo
Brother Aimeri;Irmão Aimeri
Brother Althric;Irmão Althric
Brother Brace;Irmão Brace
Brother Cedric;Irmão Cedrico
Brother Jered;Irmão Jered
Brother Kojo;Irmão Kojo
Brother Maledict;Irmão Maldito
Brother Omad;Irmão Omad
Brother Tranquility;Irmão Tranquilidade
Brown Engine Director;Diretor de Motor Brown
Brown Engine Secretary;Secretário de Motores Brown
Brugsen Bursen;Brugsen Bursen
Bruise Blamish Snail;Caracol de contusão e culpa
Brundt the Chieftain;Brundt, o Chefe
Brutal black dragon;Dragão negro cruel
Brutal blue dragon;Dragão azul brutal
Brutal green dragon;Dragão verde brutal
Brutal red dragon;Dragão vermelho brutal
Bryn;Brinna
Bryophyta;Briófita
Bugs;Erros
Builder;Construtor
Buinn;Buinn
Bullrush;Bullrush
Bunkdo;Beliche
Bunkwicket;Beliche
Bunny;Coelhinho
Burkor;Burkor
Burntmeat;Carne queimada
Burntof;Queimado
Bush snake;Cobra do mato
Butler;Mordomo
Butler Jarvis;Mordomo Jarvis
Butler Jones;Mordomo Jones
Butterfly;Borboleta
Cabin Boy Colin;Garoto da cabine Colin
Cabin Boy Herbert;Garoto da cabine Herbert
Cabin boy;Garoto da cabine
Cabin boy Jenkins;Garoto da cabine Jenkins
Caden Azro;Caden Azro
Caerwyn;Caerwyn
Cage;Jaula
Caleb;Calebe
Calin;Calin
Callisto;Calisto
Callisto cub;Filhote de Calisto
Cam the Camel;Cam, o camelo
Camarst;Camarst
Camel;Camelo
Camel display;Exibição de camelo
Camorra;Camorra
Camp dweller;Morador do acampamento
Candle maker;Fabricante de velas
Candle seller;Vendedor de velas
Caninelle Draynar;Caninelle Draynar
Cannoneer;Artilheiro
Cap'n Hand;Capitão Mão
Cap'n Izzy No-Beard;Capitão Izzy sem barba
Capt' Arnav;Capitão Arnav
Captain;Capitão
Captain Barnaby;Capitão Barnaby
Captain Bentley;Capitão Bentley
Captain Bleemadge;Capitão Bleemadge
Captain Braindeath;Capitão Morte Cerebral
Captain Bruce;Capitão Bruce
Captain Cain;Capitão Caim
Captain Cleive;Capitão Cleive
Captain Daerkin;Capitão Daerkin
Captain Dalbur;Capitão Dalbur
Captain Donnie;Capitão Donnie
Captain Dudi;Capitão Dudi
Captain Errdo;Capitão Errdo
Captain Ginea;Capitão Gineá
Captain Janaway;Capitão Janaway
Captain Kalt;Capitão Kalt
Captain Khaled;Capitão Khaled
Captain Klemfoodle;Capitão Klemfoodle
Captain Lamdoo;Capitão Lamdoo
Captain Lawgof;Capitão Lawgof
Captain Magoro;Capitão Magoro
Captain Ned;Capitão Ned
Captain Ninto;Capitão Ninto
Captain Pudi;Capitão Pudi
Captain Rachelle;Capitã Raquel
Captain Rimor;Capitão Rimor
Captain Rovin;Capitão Rovin
Captain Sdiar;Capitão Sdiar
Captain Shanks;Capitão Shanks
Captain Shoracks;Capitão Shoracks
Captain Siad;Capitão Siad
Captain Tobias;Capitão Tobias
Captain Tock;Capitão Tock
Captain Tom;Capitão Tom
Carado;Carado
Caranthir;Caranthir
Carl;Carlos
Carla;Karla
Carnivorous chinchompa;Chinchompa carnívora
Carnivus Belamorta;Carnivus Belamorta
Carol;Carol
Caroline;Carolina
Carpenter;Carpinteiro
Carpenter Kjallak;Carpinteiro Kjallak
Cart Camel;Carrinho Camelo
Cart conductor;Condutor de carrinho
Cassie;Cássia
Cat;Gato
Catablepon;Catablepon
Catalina;Catarina
Cave Scenery;Cenário da Caverna
Cave abomination;Abominação da caverna
Cave bug;Inseto da caverna
Cave bug larva;Larva de inseto da caverna
Cave crawler;Rastreador de cavernas
Cave goblin;Duende das cavernas
Cave goblin child;Criança goblin das cavernas
Cave goblin guard;Guarda goblin da caverna
Cave goblin miner;Mineiro goblin das cavernas
Cave horror;Terror da caverna
Cave kraken;Kraken da caverna
Cave lizard;Lagarto da caverna
Cave monk;Monge da caverna
Cave slime;Lodo da caverna
Cave snake;Cobra da caverna
Cavemouth;Boca da Caverna
Cavey Davey;Cavey Davey
Cecilia;Cecília
Celebrian;Celebridade
Celegorm;Celegorm
Celyn;Celina
Centaur;Centauro
Ceolburg;Ceolburgo
Cerberus;Cérbero
Ceril Carnillean;Ceril Carnillean
Cerulean twitch;Contração cerúlea
Ceto;Ceto
Chadwell;Chadwell
Chaeldar;Chaeldar
Chamber guardian;Guardião da Câmara
Chancy;Azarado
Chaos Elemental;Elemental do Caos
Chaos Elemental Jr.;Elemental do Caos Jr.
Chaos Fanatic;Fanático do Caos
Chaos Golem;Golem do Caos
Chaos druid;Druida do caos
Chaos druid warrior;Guerreiro Druida do Caos
Chaos dwarf;Anão do caos
Chaotic death spawn;Geração de morte caótica
Charles;Carlos
Charles Charlington;Carlos Charlington
Charley;Charley
Charlie;Charlie
Charlie Brown;Charlie Brown
Charlie the Tramp;Charlie, o Vagabundo
Charlie the cook;Charlie, o cozinheiro
Charmed Warrior;Guerreiro Encantado
Chasm Crawler;Rastreador do Abismo
Checkal;Verificador
Cheerleader;Líder de torcida
Chef Olivia;Chef Olívia
Chemist;Químico
Cheryl;Cheryl
Chicken;Frango
Chief Farmer;Fazendeiro Chefe
Chief Tess;Chefe Tess
Chief servant;Servo-chefe
Child;Criança
Chinchompa;Chinchompa
Choke devil;Diabo sufocado
Chompy bird;Pássaro picador
Chompy chick;Garota picante
Chronozon;Cronozon
Chronozon (hard);Cronozon (difícil)
Chuck;Mandril
Cirdan;Círdan
City guard;Guarda Municipal
Civilian;Civil
Clan Guard;Guarda do Clã
Claude;Cláudio
Claus the chef;Noel, o chef
Clay golem;Golem de argila
Cleaner;Limpador
Cleddyf;Cleddyf
Clerk;Atendente
Clerris;Clerris
Clivet;Clivet
Clockwork cat;Gato mecânico
Clothears;Roupas
Co-ordinator;Coordenador
Coal;Carvão
Cob;Espiga
Cockathrice;Cockatrice
Cockatrice;Basilisco
Coenus;Coeno
Col. O'Niall;Coronel O'Niall
Colonel Grimsson;Coronel Grimsson
Colonel Radick;Coronel Radick
Colossal Hydra;Hidra Colossal
Combat Instructor;Instrutor de Combate
Combat Test;Teste de Combate
Combat Test (maxhit);Teste de Combate (maxhit)
Combat stone;Pedra de combate
Commander Connad;Comandante Connad
Commander Fullore;Comandante Fullore
Commander Montai;Comandante Montai
Commander Veldaban;Comandante Veldaban
Commander Zilyana;Comandante Zilyana
Commissioner Anwar;Comissário Anwar
Competition Judge;Juiz da Competição
Confused barbarian;Bárbaro confuso
Confusion beast;Besta da confusão
Conrad King;Conrado Rei
Conwenna;Conwenna
Cook;Cozinhar
Cooking tutor;Tutor de culinária
Cool Mom227;Legal Mãe227
Copper longtail;Cauda longa de cobre
Copper ore;Minério de cobre
Corkat quo Sihar;Corkat quo Sihar
Cormorant;Cormorão
Cornelius;Cornélio
Corporeal Beast;Besta Corpórea
Corporeal Critter;Criatura Corpórea
Corpse;Cadáver
Corrupt Lizardman;Homem Lagarto Corrupto
Corrupt Lizardman (hard);Lizardman Corrupto (difícil)
Corrupted Bat;Morcego Corrompido
Corrupted Bear;Urso Corrompido
Corrupted Dark Beast;Besta Negra Corrompida
Corrupted Dragon;Dragão Corrompido
Corrupted Hunllef;Hunllef Corrompido
Corrupted Rat;Rato Corrompido
Corrupted Scorpion;Escorpião Corrompido
Corrupted Spider;Aranha Corrompida
Corrupted Unicorn;Unicórnio Corrompido
Corrupted Wolf;Lobo Corrompido
Corrupted Youngllef;Youngllef corrompido
Corrupted scavenger;Limpador corrompido
Corsair Traitor;Traidor Corsário
Corsair Traitor (hard);Corsário Traidor (difícil)
Cosmic Being;Ser Cósmico
Council workman;Trabalhador do conselho
Councillor Andrews;Conselheiro Andrews
Councillor Halgrive;Conselheiro Halgrive
Councillor Orson;Conselheiro Orson
Councillor Unkar;Conselheiro Unkar
Count Check;Verificação de contagem
Count Draynor;Conde Draynor
Count Draynor (hard);Conde Draynor (difícil)
Court judge;Juiz do tribunal
Cow;Vaca
Cow (hard);Vaca (difícil)
Cow calf;Bezerro de vaca
Cow31337Killer;Vaca31337Assassino
Cowardly Bandit;Bandido Covarde
Crab;Caranguejo
Crafting tutor;Tutor de artesanato
Crate;Caixa
Crate goblin;Duende da caixa
Crawling Hand;Mão Rastejante
Crawling hand;Mão rastejante
Crazy archaeologist;Arqueólogo maluco
Creakyknees;Joelhos rangentes
Crefydd;Crefydd
Crimson swift;Carmesim rápido
Crimsonette van Marr;Carmesim van Marr
Crocodile;Crocodilo
Crondis;Crondis
Crone;Velha
Crow;Corvo
Crunchy;Crocante
Crusher;Triturador
Crushing hand;Mão esmagadora
Crust of ice;Crosta de gelo
Crypt rat;Rato da cripta
Crypt spider;Aranha da cripta
Crystal impling;Impelente de cristal
Crystalline Bat;Morcego Cristalino
Crystalline Bear;Urso Cristalino
Crystalline Dark Beast;Besta Negra Cristalina
Crystalline Dragon;Dragão Cristalino
Crystalline Hunllef;Hunllef Cristalino
Crystalline Rat;Rato Cristalino
Crystalline Scorpion;Escorpião Cristalino
Crystalline Spider;Aranha Cristalina
Crystalline Unicorn;Unicórnio Cristalino
Crystalline Wolf;Lobo Cristalino
Cuffs;Punhos
Culinaromancer;Culinaromante
Culinaromancer (hard);Culinaromante (difícil)
Curator Haig Halen;Curador Haig Halen
Curly;Encaracolado
Curpile Fyod;Curpile Fyod
Curufin;Curufin
Customer;Cliente
Customs officer;Oficial de alfândega
Cute creature;Criatura fofa
Cyclops;Ciclope
Cyreg Paddlehorn;Chifre de remo Cyreg
Cyrisus;Cirisco
Da Vinci;Da Vinci
Dad;Pai
Dad (hard);Pai (difícil)
Daer Krand;Daer Krand
Daero;Daero
Daga;Daga
Dagannoth;Dagannoth
Dagannoth Prime;Dagannoth Prime
Dagannoth Prime Jr.;Dagannoth Prime Jr.
Dagannoth Rex;Dagannoth Rex
Dagannoth Rex Jr.;Dagannoth Rex Jr.
Dagannoth Supreme;Dagannoth Supremo
Dagannoth Supreme Jr.;Dagannoth Supremo Jr.
Dagannoth fledgeling;Novato Dagannoth
Dagannoth mother;Mãe Dagannoth
Dagannoth mother (hard);Mãe Dagannoth (difícil)
Dagannoth spawn;Desova de Dagannoth
Dakh'thoulan Aegis;Égide de Dakh'thoulan
Dalal;Dalal
Dalcian Fang (easy);Dalcian Fang (fácil)
Dalila;Dalila
Dallas Jones;Dallas Jones
Dalldav;Daldav
Damaged clay golem;Golem de argila danificado
Damien Leucurte;Damien Leucurte
Damis;Damis
Damis (hard);Damis (difícil)
Dampe;Amortecimento
Damwin;Damwin
Dantaera;Dantaera
Darcor quo Narga;Darcor quo Narga
Dark Ankou;Ankou Sombrio
Dark Core;Núcleo Sombrio
Dark Mage;Mago Negro
Dark Squirrel;Esquilo Escuro
Dark beast;Besta negra
Dark core;Núcleo escuro
Dark energy core;Núcleo de energia escura
Dark kebbit;Kebbit escuro
Dark mage;Mago negro
Dark warrior;Guerreiro sombrio
Dark wizard;Bruxo das trevas
Darkmeyer Slave;Escravo Darkmeyer
Darren;Darren
Dartog;Dartog
Darve;Darve
Daryl;Daryl
Dashing kebbit;Kebbit arrojado
Dave;David
Davey;David
David;Davi
David Andrews;David Andrews
Davon;Davon
Dawn;Alvorecer
Dead Monk;Monge Morto
Dead swamp snake;Cobra morta do pântano
Deadly red spider;Aranha vermelha mortal
Death;Morte
Death spawn;Geração da morte
Death wing;Asa da morte
Deathly mage;Mago mortal
Deathly ranger;Ranger mortal
Debra;Débora
Defiler;Profanador
Del-Monty;Del Monty
Delrith;Delrith
Demon;Demônio
Demon butler;Mordomo demônio
Demonic gorilla;Gorila demoníaco
Denadu;Denadu
Denath;Denath
Denulth;Denulth
Deranged archaeologist;Arqueólogo enlouquecido
Derni;Derni
Dernu;Dernu
Derrik;Derrik
Derse Venator;Derse Venador
Derwen;Derwen
Desert Lizard;Lagarto do Deserto
Desert Phoenix;Fênix do Deserto
Desert Spirit;Espírito do Deserto
Desert Wolf;Lobo do Deserto
Desert eagle;Águia do deserto
Desert snake;Cobra do deserto
Desmodus Lasiurus;Desmodus Lasiurus
Despoina Callidra;Despoina Callidra
Dessourt;Sobremesa
Dessourt (hard);Sobremesa (difícil)
Dessous;Dessous
Dessous (hard);Desous (difícil)
Devan Rutter;Devan Rutter
Deviant spectre;Espectro desviante
Devin Mendelberg;Devin Mendelberg
Dharok the Wretched;Dharok, o Miserável
Diana;Diana
Diango;Diango
Dig Site workman;Trabalhador do local de escavação
Digsite workman;Trabalhador de escavação
Dimintheis;Dimintheis
Diol;Diol
Diphylla Bechstein;Diphylla Bechstein
Dire Wolf;Lobo Terrível
Disciple of Iban;Discípulo de Iban
Disciple of Yama;Discípulo de Yama
Dobwinkle;Dobwinkle
Dock worker;Trabalhador portuário
Dockmaster;Mestre das docas
Doctor Orbon;Doutor Órbon
Dodgy Squire;Escudeiro desonesto
Dog;Cachorro
Doll;Boneca
Dominic Onion;Cebola Dominic
Dommik;Dommik
Don;Vestir
Don't Know What;Não sei o quê
Donal;Donal
Dondakan the Dwarf;Dondakan, o Anão
Donie;Donie
Donny the lad;Donny, o rapaz
Donovan the Family Handyman;Donovan, o faz-tudo da família
Doomion;Perdição
Doomsayer;Apocalypse
Door;Porta
Door man;Porteiro
Door-support;Suporte de porta
Doric;Dórico
Doris;Dóris
Double agent;Agente duplo
Doug Deeping;Doug Deeping
Doyen;Decano
Dr Fenkenstrain;Dr. Fenkenstrain
Dr Ford;Dr. Ford
Dr Harlow;Dr. Harlow
Dr Jekyll;Dr Jekyll
Draconis Sanguine;Draconis Sanguíneo
Dragon display;Exibição de dragão
Dragon impling;Dragão implicável
Dragonkin;Dragão
Drain pipe;Tubo de drenagem
Drake;Drake
Drasdan Ranor;Drasdan Ranor
Draul Leptoc;Draul Leptoc
Dreven;Dreven
Drew;Atraiu
Drezel;Drezel
Driftwood;Madeira flutuante
Drill Sergeant;Sargento de treinamento
Droalak;Droalak
Drogo dwarf;Drogo anão
Dromund;Dromundo
Dromund's cat;O gato de Dromund
Dron;Drone
Druid;druida
Drunken Ali;Ali bêbado
Drunken Dwarf;Anão Bêbado
Drunken Dwarf's Leg;Perna de Anão Bêbado
Drunken man;Homem bêbado
Drunken soldier;Soldado bêbado
Dryad;Dríade
Duck;Pato
Duckling;Patinho
Ducklings;Patinhos
Dugopul;Dugopul
Duke;Duque
Duke Horacio;Duque Horácio
Dummy;Fictício
Dumpy;Atarracado
Dunce;burro
Dung;Estrume
Dungeon rat;Rato da masmorra
Dunstan;Dunstan
Duradel;Duradel
Durgok;Durgok
Dusk;Crepúsculo
Dust devil;Diabo de poeira
Dusty Aliv;Dusty Aliv
Dusuri;Dusuri
Dwarf;Anão
Dwarf gang member;Membro de gangue anã
Dwarven Boatman;Anão Barqueiro
Dwarven Engineer;Engenheiro Anão
Dwarven Ferryman;Barqueiro Anão
Dwarven Miner;Mineiro Anão
Eadburg;Eadburg
Eadgar;Eadgar
Eagle;Águia
Earth Warrior Champion;Campeão Guerreiro da Terra
Earth elemental;Elemental da Terra
Earth impling;Impling terrestre
Earth warrior;Guerreiro da Terra
Earth wizard;Mago da Terra
Earwen;Earwen
Eblis;Éblis
Echned Zekin;Echned Zekin
Eclectic impling;Impling eclético
Ed;Ed.
Ed Wood;Ed Madeira
Edmond;Edmond
Edrahil;Edrahil
Eduard;Eduardo
Edward;Eduardo
Eebel;Eebel
Eek;Eek
Efa;Efa
Effigy;Efígie
Egg;Ovo
Egg launcher;Lançador de ovos
Einar;Einar
Eira;Eira
Ek'ans Chan;Ek’ans Chan
Ektheme;Ektheme
Eldalote;Eldalote
Elder Chaos druid;Druida Ancião do Caos
Elder Gnome child;Filho do Gnomo Ancião
Elder Guard;Guarda Ancião
Elderly Elf;Elfo Idoso
Eldgrim;Eldgrim
Elemental balance;Equilíbrio elementar
Elemental rock;Rocha elementar
Elena;Elena
Elena Hosidius;Elena Hosídio
Elenwe;Elenwe
Elf Archer;Elfo Arqueiro
Elf Hermit;Elfo Eremita
Elf Tracker;Elfo Rastreador
Elf Warrior;Elfo Guerreiro
Elfinlocks;Elfinlocks
Elgan;Elgan
Elijah;Elias
Elisabeta;Elisabeta
Elise;Eliseu
Elissa;Elissa
Elite Void Knight;Cavaleiro do Vazio de Elite
Elizabeth;Elisabete
Elkoy;Elkoy
Elladan;Elladan
Ellen;Ellen
Ellena;Ellena
Ellie;Ellie
Ellis;Elis
Elly the Camel;Elly, o Camelo
Elnock Inquisitor;Inquisidor Elnock
Elsie;Elsie
Elstan;Elstan
Eluned;Eluned
Elvarg;Elvarg
Elvarg (hard);Elvarg (difícil)
Elven Scout;Escoteiro Élfico
Embalmer;Embalsamador
Emblem Trader;Comerciante de Emblemas
Emerald Benedict;Esmeralda Benedict
Emilia;Emília
Emily;Emilly
Enakhra;Enakhra
Enchanted Broom;Vassoura Encantada
Enchanted Bucket;Balde Encantado
Enchantment Guardian;Guardião do Encantamento
Enclave guard;Guarda do Enclave
Enel;Enel
Enelye;Enelye
Enerdhil;Enerdhil
Energy focus (blue);Foco energético (azul)
Energy focus (green);Foco energético (verde)
Energy focus (red);Foco energético (vermelho)
Energy focus (white);Foco energético (branco)
Energy sprite;Espírito de energia
Engineer;Engenheiro
Engineering assistant;Assistente de engenharia
Enilly;Enilly
Eniola;Eniola
Enoch;Enoch
Enormous Tentacle;Enorme Tentáculo
Enraged Tektiny;Tektiny Enfurecido
Enraged barbarian spirit;Espírito bárbaro enfurecido
Ent;Ent
Entomologist;Entomologista
Entrana firebird;Pássaro de Fogo Entrana
Entrance Guardian;Guardião da Entrada
Eodan;Eodan
Eohric;Eohrico
Eoin;Eoin
Episcula Helsing;Epíscula Helsing
Erdan;Erdan
Erestor;Erestor
Eric;Érico
Ermin;Ermin
Ernest;Ernesto
Erodoeht;Erodoeht
Escaping slave;Escravo fugitivo
Essence impling;Implicação de essência
Essyllt;Essyllt
Essyllt (hard);Essyllt (difícil)
Estate agent;Agente imobiliário
Esther;Ester
Ethereal Expert;Especialista Etéreo
Ethereal Fluke;Fluke Etéreo
Ethereal Guide;Guia Etéreo
Ethereal Lady;Senhora Etérea
Ethereal Man;Homem Etéreo
Ethereal Mimic;Mímico Etéreo
Ethereal Numerator;Numerador Etéreo
Ethereal Perceptive;Perceptivo Etéreo
Eudav;Eudav
Eve;Véspera
Evil Bob;Malvado Bob
Evil Chicken;Frango Maligno
Evil Chicken (hard);Frango Maligno (difícil)
Evil Dave;Dave malvado
Evil creature;Criatura maligna
Evil spirit;Espírito maligno
Ewesey;Ewesey
Examiner;Examinador
Executioner;Carrasco
Experiment;Experimentar
Experiment No.2;Experimento nº 2
Ezekial Lovecraft;Ezequial Lovecraft
Factory Manager;Gerente de Fábrica
Factory Worker;Operário de fábrica
Fadli;Fadli
Fairy;Fada
Fairy Aeryka;Fada Aeryka
Fairy Fixit;Fada Fixit
Fairy Godfather;Fada Padrinho
Fairy Nuff;Fada Nuff
Fairy Queen;Rainha Fada
Fairy Very Wise;Fada muito sábia
Fairy chef;Chef fada
Fairy shop assistant;Assistente de loja de fadas
Fairy shop keeper;lojista de fadas
Fake Man;Homem Falso
Fallen Man;Homem Caído
Falo the Bard;Falo, o Bardo
Fancy Dan;Dan chique
Fanellaman;Fanellaman
Fareed;Tarifado
Fareed (hard);Tarifado (difícil)
Farid Morrisane (ores and bars);Farid Morrisane (minérios e barras)
Farmer;Agricultor
Farmer Brumty;Fazendeiro Brumty
Farmer Fromund;Agricultor Fromund
Farmer Gricoller;Fazendeiro Gricoller
Farmer Hayfield;Fazendeiro Hayfield
Farmer's wife;Esposa do fazendeiro
Farolt;Farol
Fat Rocco;Rocco gordo
Fat Tony;Tony gordo
Father Aereck;Padre Aereck
Father Badden;Padre Badden
Father Eysseric;Padre Eysserico
Father Jean;Padre Jean
Father Lawrence;Padre Lourenço
Father Reen;Padre Reen
Father Urhney;Padre Urhney
Fayeth;Fayeth
Feanor;Fëanor
Fear reaper;Ceifador de medo
Felfiz Yaryus;Felfiz Yaryus
Felkrash;Felkrash
Female slave;Escrava
Femi;Mulher
Fenkenstrain's Monster;Monstro de Fenkenstrain
Feral Vampyre;Vampiro Feral
Ferd;Fernando
Fernahei;Fernahei
Ferocious barbarian spirit;Espírito bárbaro feroz
Ferox;Ferox
Ferret;Furão
Ferryman Nathwood;Barqueiro Nathwood
Ferryman Sathwood;Barqueiro Sathwood
Fever spider;Aranha da febre
Ffoni;Ffoni
Fidelio;Fidélio
Fightslave;Escravo de Luta
Filamina;Filamina
Filliman Tarlock;Filliman Tarlock
Financial Seer;Vidente Financeiro
Financial Wizard;Assistente Financeiro
Finarfin;Finarfin
Findis;Findis
Finduilas;Finduilas
Fingolfin;Fingolfin
Fingon;Fingon
Finn;finlandês
Fionella;Fionela
Fior;Fior
Fire Warrior of Lesarkus;Guerreiro do Fogo de Lesarkus
Fire elemental;Elemental do fogo
Fire giant;Gigante de fogo
Fire wizard;Mago de fogo
First Mate Deri;Primeiro imediato Deri
First Mate Peri;Primeiro Imediato Peri
First mate 'Davey-boy';Primeiro imediato 'Davey-boy'
Fish;Peixe
Fish monger;Peixeiro
Fish shoal;Cardume de peixes
Fishbowl;Aquário
Fisherman;Pescador
Fisherman Frodi;Pescador Frodi
Fishing spot;Local de pesca
Fishing tutor;Tutor de pesca
Fishmonger;Peixeiro
Fiyr Shade;Sombra Fiyr
Fiyr Shadow;Sombra Fiyr
Flambeed;Flambado
Flambeed (hard);Flambado (duro)
Flaming pyrelord;Pirelorde Flamejante
Flawed Golem;Golem Defeituoso
Flax keeper;Guardião do linho
Flaygian Screwte;Parafuso Flaygiano
Flesh Crawler;Rastreador de Carne
Flies;Moscas
Flight Kilisa;Voo Kilisa
Flippa;Flippa
Flockleader Geerin;Líder do rebanho Geerin
Floki;Floki
Florin;Florim
Flosi Dalksson;Flosi Dalksson
Flower;Flor
Flower Girl;Florista
Fly trap;Armadilha para mosca
Flying Book;Livro voador
Flying Vespina;Vespina voadora
Flying female vampire;Vampiro feminino voador
Flynn;Flynn
Foreman;Capataz
Forester;Silvicultor
Forester (hard);Florestal (difícil)
Forgotten Soul;Alma Esquecida
Former Vampyre;Ex-Vampiro
Fornek quo Maten;Fornek quo Maten
Fortress Guard;Guarda da Fortaleza
Fortunato;Fortunato
Fossegrimen;Fossegrimen
Fossil Collector;Colecionador de Fósseis
Fossil Rock;Rocha Fóssil
Fox;Raposa
Fragment of Seren;Fragmento de Seren
Francis;Francisco
Francois;François
Frank;Frank
Frankie;Frankie
Franklin Caranos;Franklin Caranos
Freaky Forester;Silvicultor esquisito
Freald;Frederico
Fred the Farmer;Fred, o Fazendeiro
Freidir;Freidir
Freja;Freja
Fremennik Warrior;Guerreiro Fremennik
Frenita;Frenita
Freygerd;Freygerd
Fridgeir;Geladeira
Fridleif Shieldson;Fridleif Shieldson
Frincos;Frincos
Fritz the Glassblower;Fritz, o soprador de vidro
Frizzy Skernip;Skernip crespo
Frog;Sapo
Frog prince;Príncipe Sapo
Frog princess;Princesa sapo
Frogeel;Frogeel
Froono;Froono
Fuggy;Fuggy
Fullangr;Fullangr
Fungi;Fungos
Fur trader;Comerciante de peles
Furnace grate;Grelha do forno
Fycie;Ficie
Fyiona Fray (easy);Fyiona Fray (fácil)
G.L.O. Caranock;G.L.O. Caranock
GPDT employee;Funcionário do GPDT
Gabooty;Gaboty
Gabriela;Gabriela
Gadderanks;Gaderanks
Gadrin;Gadrin
Gaius;Caio
Galahad;Galahad
Galana;Galana
Galathil;Galatil
Galina;Galina
Gallow;Forca
Galvek;Galvek
Gamer;Jogador
Gamfred;Gamfred
Gang boss;Chefe de gangue
Gangster;Gângster
Garai;Garai
Garbek quo Maten;Garbek quo Maten
Garden supplier;Fornecedor de jardim
Gardener;Jardineiro
Gardener Ghost;Jardineiro Fantasma
Gardener Gunnhild;Jardineiro Gunnhild
Gardener Jay Jr.;Jardineiro Jay Jr.
Gargh;Gargh
Gargoyle;Gárgula
Garkor;Garkor
Garl;Garl
Garth;Garth
Garv;Garv
Gate of War;Portão da Guerra
Gatekeeper;Porteiro
Gauss;Gauss
Gee;Nossa
Gelatinnoth Mother;Mãe Gelatina
Gelatinnoth Mother (hard);Mãe gelatinosa (difícil)
Gelin;Gelin
Gelmir;Gelmir
Gem;Jóia
Gem merchant;Comerciante de joias
Gem trader;Comerciante de joias
Gene;Gene
General Babacus;General Babacus
General Bentnoze;General Bentnoze
General Graardor;General Graardor
General Graardor Jr.;General Graardor Jr.
General Hining;Hining Geral
General Khazard;Geral Khazard
General Kilian;General Kilian
General Salara;General Salara
General Vir;Geral Vir
General Wartface;Verruga Geral
Generic Diplomat;Diplomata genérico
Genie;Gênio
George Laxmeister;George Laxmeister
Georgy;Jorge
Gerald;Geraldo
Gerrant;Gerrante
Gertrude;Gertrudes
Gertrude's cat;O gato de Gertrudes
Gethin;Chegando
Ghaslor the Elder;Ghaslor, o Velho
Ghast;Fantástico
Ghommal;Fantasmagórico
Ghost;Fantasma
Ghost (?);Fantasma (?)
Ghost banker;Banqueiro fantasma
Ghost captain;Capitão fantasma
Ghost disciple;Discípulo fantasma
Ghost farmer;Fazendeiro fantasma
Ghost guard;Guarda fantasma
Ghost innkeeper;Estalajadeiro fantasma
Ghost sailor;Marinheiro fantasma
Ghost shopkeeper;Lojista fantasma
Ghost villager;Aldeão fantasma
Ghoul;Carniçal
Ghoul Champion;Campeão Carniçal
Gianne jnr.;Gianne Jr.
Giant;Gigante
Giant Champion;Campeão Gigante
Giant Lobster;Lagosta Gigante
Giant Mole;Toupeira gigante
Giant Roc;Roca Gigante
Giant Roc (hard);Roc Gigante (difícil)
Giant Rock Crab;Caranguejo Gigante
Giant Sea Snake;Cobra Marinha Gigante
Giant Squirrel;Esquilo Gigante
Giant bat;Morcego gigante
Giant crypt rat;Rato gigante da cripta
Giant crypt spider;Aranha gigante da cripta
Giant frog;Sapo gigante
Giant lobster;Lagosta gigante
Giant mosquito;Mosquito gigante
Giant rat;Rato gigante
Giant rockslug;Lesma gigante
Giant scarab;Escaravelho gigante
Giant scarab (hard);Escaravelho gigante (difícil)
Giant skeleton;Esqueleto gigante
Giant snail;Caracol gigante
Giant spider;Aranha gigante
Gielinor Guide;Guia Guilenor
Giles;Giles
Gileth;Gileth
Gillie Groats;Gillie Grumos
Giral bat;Morcego giral
Gita Prymes;Gita Prymes
Gladiator;Gladiador
Glenda;Glenda
Glod;Deus
Glod (hard);Deus (difícil)
Glorfindel;Glorfindel
Glough;Glow
Glouphrie the Untrusted;Glouphrie, a Não Confiável
Gnocci the Cook;Gnocci, o cozinheiro
Gnome;Gnomo
Gnome Archer;Arqueiro Gnomo
Gnome Coach;Treinador Gnomo
Gnome Driver;Motorista Gnomo
Gnome Mage;Mago Gnomo
Gnome Waiter;Garçom Gnomo
Gnome ball referee;Árbitro de bola gnomo
Gnome baller;Jogador gnomo
Gnome banker;Banqueiro gnomo
Gnome child;Criança gnomo
Gnome companion;Companheiro gnomo
Gnome emissary;Emissário gnomo
Gnome guard;Guarda Gnomo
Gnome shop keeper;Lojista Gnomo
Gnome soldier;Soldado gnomo
Gnome trainer;Treinador gnomo
Gnome traveller;Viajante gnomo
Gnome troop;Tropa de gnomos
Gnome winger;Ala gnomo
Gnome woman;Mulher gnomo
Gnormadium Avlafrim;Gnormadium Avlafrim
Gnosi;Gnosis
Goat;Cabra
Goat Poo;Cocô de cabra
Goblin;Duende
Goblin Champion;Campeão Goblin
Goblin Cook;Cozinheiro Goblin
Goblin fish;Peixe duende
Goblin guard;Guarda Goblin
Goblin scribe;Escriba duende
Godric;Godrico
Gold ore;Minério de ouro
Golden sheep;ovelha dourada
Golden warbler;Toutinegra dourada
Golem;Golem
Golova;Golova
Golrie;Golrie
Gorad;Gorad
Gorak;Gorak
Gordon;Gordon
Goreu;Goreu
Gorhak quo Narga;Gorhak quo Narga
Gorilla;Gorila
Gossip;Fofoca
Gourmet;Gourmet
Gourmet impling;Impling gourmet
Grace;Graça
Grail Maiden;Donzela do Graal
Grand Exchange Clerk;Escriturário do Mercado Geral
Grandpa Jack;Vovô Jack
Grave;Cova
Grave digger;Coveiro
Grave scorpion;Escorpião grave
Graveyard Guardian;Guardião do Cemitério
Gravingas;Gravações
Greasycheeks;Bochechas gordurosas
Great Olm;Grande Olmo
Great Olm (Left claw);Grande Olm (garra esquerda)
Great Olm (Right claw);Grande Olm (garra direita)
Great blue heron;Garça-real-azul
Greater Nechryael;Grande Nechryael
Greater Skeleton Hellhound;Cão Infernal Esqueleto Maior
Greater abyssal demon;Demônio Abissal Maior
Greater demon;Demônio maior
Greater ghostly thrall;Maior escravo fantasmagórico
Greater skeletal thrall;Escravo esquelético maior
Greater zombified thrall;Maior escravo zumbificado
Green Gemstone Director;Diretor de Pedras Preciosas Verdes
Green Gemstone Secretary;Secretário de Pedras Preciosas Verdes
Green Sheep;Ovelha Verde
Green dragon;Dragão verde
Green fireflies;Vaga-lumes verdes
Greengrocer;Verdureiro
Greldo;Greldo
Grew;Cresceu
Grey golem;Golem cinza
Grigor Rasputin;Grigor Rasputin
Grigore;Gregório
Grimesquit;Grimesquito
Grimgnash;Grimgnash
Grinka Krast;Grinka Krast
Grip;Pegada
Grish;Grish
Grizzly bear;Urso pardo
Grizzly bear cub;Filhote de urso pardo
Growler;Rosnador
Growthling;Crescendo
Grubfoot;Pé Grub
Grubor;Grubor
Gruff McScruff;McScruff rude
Grug;Grugue
Gruh;Gruh
Grum;Grum
Grundt;Grundt
Grunsh;Grunhido
Gruva Patrull;Gruva Patrull
Guanic bat;Morcego Guânico
Guard;Guarda
Guard Bandit;Bandido da Guarda
Guard Captain;Capitão da Guarda
Guard Recruiter;Recrutador de Guarda
Guard Vemmeldo;Guarda Vemmeldo
Guard dog;Cão de guarda
Guardian Drake;Dragão Guardião
Guardian mummy;Múmia guardiã
Guardian of Armadyl;Guardião de Armadyl
Guidor;Guidor
Guildmaster;Mestre da Guilda
Guildmaster Jane;Mestre da Guilda Jane
Guildmaster Lars;Mestre da Guilda Lars
Guilin;Guilin
Guinevere;Guinevere
Gujuo;Gujuo
Gull;Gaivota
Gulldamar;Gulldamar
Gulluck;Gulluck
Gundai;Gundai
Gundik;Gundik
Gunnar Holdstrom;Gunnar Holdstrom
Gunnjorn;Gunjorn
Gunslik;Gunslik
Gunthor the brave;Gunthor, o corajoso
Guthan the Infested;Guthan, o Infestado
Gwallter;Gwallter
Gwerin Hapus;Gwerin Hapus
Gwindor;Gwindor
Gwyl;Gwyl
Gwyn;Gwyn
Gypsy;cigano
Gypsy Aris;Cigano Aris
Gyr Falcon;Falcão Gir
H.A.M. Archer;PRESUNTO. Arqueiro
H.A.M. Deacon;PRESUNTO. Diácono
H.A.M. Guard;PRESUNTO. Guarda
H.A.M. Mage;PRESUNTO. Mago
H.A.M. Member;PRESUNTO. Membro
HAM member;Membro do HAM
HRH Hrafn;Sua Alteza Real Hrafn
Habibah;Habibah
Hadley;Hadley
Haemas Lamescus;Haemas Lamescus
Haera;Haera
Hafuba;Hafuba
Hairdresser;Cabeleireiro
Hajedy;Hajedy
Haldor quo Keran;Haldor quo Keran
Half-Zombie;Meio Zumbi
Half-soulless;Meio sem alma
Halla;Halla
Hallak;Hallak
Hamab;Hamab
Hamal the Chieftain;Hamal, o Chefe
Hameln the Jester;Hameln, o Bobo da Corte
Hamid;Hamid
Haming;Haming
Hammerspike Stoutbeard;Barba Robusta de Espigão de Martelo
Hanchen the Hound;Hanchen, o Cão de Caça
Hangman game;Jogo da Forca
Hans;Hans
Hari;Hari
Haris;Haris
Harold;Haroldo
Harold Evans;Haroldo Evans
Harpert;Harpert
Harpie Bug Swarm;Enxame de Insetos Harpia
Harrallak Menarous;Harrallak Menaroso
Harry;Harry
Haskell;Haskell
Hassan;Hassan
Hatius Cosaintus;Hatius Cosaintus
Haze;Confusão
Hazeel;Avelã
Hazeel Cultist;Cultista Hazeel
Hazelmere;Hazelmere
Head;Cabeça
Head Guard;Guarda Chefe
Head Mourner;Enlutado Chefe
Head Thief;Ladrão de cabeça
Head chef;Chefe de cozinha
Headless Beast;Besta Sem Cabeça
Headless Beast (hard);Besta Sem Cabeça (difícil)
Healthorg and tortoise;Healthorg e tartaruga
Heckel Funch;Heckel Funch
Hegir;Hégir
Helemos;Helemos
Helena;Helena
Helga;Helga
Hell-Rat;Rato do Inferno
Hell-Rat Behemoth;Behemoth Rato Infernal
Hell-kitten;Gatinho do inferno
Hellcat;Gato infernal
Hellhound;Cão infernal
Hellpuppy;Filhote de cachorro infernal
Hendor;Hendor
Hengel;Hengel
Hengrad;Hengrad
Henja;Henja
Henryeta Carnillean;Henryeta Carnillean
Herbi;Herbi
Herbiboar;Javali herbívoro
Herman Caranos;Herman Caranos
Hero;Herói
Heron;Garça
Herquin;Herquin
Hervi;Hervi
Heskel;Heskel
Hespori;Héspori
Het;Ele
Hetty;Hetty
Hewey;Hewey
Hickton;Hickton
Hieve;Colmeia
High Priest;Sumo Sacerdote
High Priestess Zul-Harcinqa;Alta Sacerdotisa Zul-Harcinqa
Highwayman;Highwayman
Hild;Hilda
Hill Giant;Gigante da Colina
Hirko;Hirko
Historian Duffy;Historiador Duffy
Historian Minas;Historiador Minas
Hiylik Myna;Hiylik Myna
Hobbes;Hobbes
Hobgoblin;Duende Macabro
Hobgoblin Champion;Campeão Hobgoblin
Hofuthand (weapons and armour);Hofuthand (armas e armaduras)
Hole in the wall;Buraco na parede
Holgart;Holgart
Holoy;Holoy
Holthion;Holtião
Homunculus;Homúnculo
Honest Jimmy;Jimmy honesto
Honour guard;Guarda de honra
Hooded Figure;Figura encapuzada
Hooknosed Jack;Jack de nariz adunco
Hoop Snake;Cobra de Argola
Hopeless beast;Besta sem esperança
Hopeless creature;Criatura sem esperança
Hopleez;Hopleez
Hops;Lúpulo
Horace;Horácio
Horacio;Horácio
Horned graahk;Graahk com chifres
Horphis;Horphis
Horvik;Horvik
Hosa;Hosa
House;Casa
Hring Hring;Hora Hora
Hudo;Hudo
Hudon;Hudon
Huge spider;Aranha enorme
Hugor;Hugor
Hunding;Caçando
Hunting expert;Especialista em caça
Hura;Hura
Husk;Casca
Hydra;Hidra
Hygd;Higd
Ian;Ian
Iban;Iban
Ice Queen;Rainha do Gelo
Ice Troll;Troll de gelo
Ice Troll King;Rei Troll de Gelo
Ice Troll King (hard);Rei Troll de Gelo (difícil)
Ice block;Bloco de gelo
Ice demon;Demônio de gelo
Ice giant;Gigante de gelo
Ice spider;Aranha de gelo
Ice troll;Troll de gelo
Ice troll female;Mulher troll de gelo
Ice troll grunt;Grunhido de troll de gelo
Ice troll male;Troll de gelo masculino
Ice troll runt;Troll de gelo nanico
Ice warrior;Guerreiro do gelo
Ice wolf;Lobo de gelo
Iceberg;Iceberg
Icefiend;Demônio do Gelo
Icelord;Senhor do gelo
Icicle;Sincelo
Icthlarin;Icthlarin
Idril;Idril
Idris;Idris
Iestin;Iestin
Ifaba;Ifaba
Iffie;Iffie
Ignatius Vulcan;Inácio Vulcano
Ignisia;Ignisia
Ikkle Hydra;Ikkle Hidra
Ileana;Ileana
Ilfeen;Ilfeen
Ima;eu
Imerominia;Imeromínia
Imiago;Imiago
Imin;Imin
Iminye;Iminye
Immenizz;Imenizz
Imp;Diabrete
Imp Champion;Campeão Diabrete
Imp defender;Defensor diabrete
Imre;Eu estou
Incapacitated Pyromancer;Piromante Incapacitado
Indis;Índia
Infernal Mage;Mago Infernal
Infernal pyrelord;Pirelorde infernal
Information clerk;Balconista de informações
Inga;Ingá
Ingrid;Ingrid
Ingrid Hradson;Ingrid Hradson
Ingwe;Ingwe
Ingwion;Ingwion
Inn Keeper;Estalajadeiro
Innocent-looking key;Chave de aparência inocente
Insatiable Bloodveld;Bloodveld insaciável
Insatiable mutated Bloodveld;Bloodveld mutante insaciável
Invrigar the Necromancer;Invrigar, o Necromante
Iona;Iona
Iorwerth Archer;Arqueiro Iorwerth
Iorwerth Warrior;Guerreiro Iorwerth
Irena;Irena
Irene;Irene
Irina;Irina
Irksol;Irksol
Iron Man tutor;Tutor do Homem de Ferro
Iron dragon;Dragão de ferro
Iron ore;Minério de ferro
Iron pickaxe;Picareta de ferro
Irvig Senay;Irvig Senay
Irwin Feaselbaum;Irwin Feaselbaum
Ish the Navigator;Ish, o Navegador
Ishmael;Ismael
Islwyn;Islwyn
Istoria;Istoria
Ithoi the Navigator;Ithoi, o Navegador
Ivan;Ivan
Ivan Strom;Ivan Strom
Iwan;Iwan
Iwazaru;Iwazaru
Jack;Jack
Jack Sails;Jack Velas
Jack Seagull;Jack Gaivota
Jackal;Chacal
Jacky Jester;Jacky Bobo da Corte
Jade;Jade
Jadid;Jadid
Jagbakoba;Jagbakoba
Jail guard;Guarda penitenciário
Jailer;Carcereiro
Jake;Jake
Jal-Ak;Jal-Ak
Jal-AkRek-Ket;Jal-AkRek-Ket
Jal-AkRek-Mej;Jal-AkRek-Mej
Jal-AkRek-Xil;Jal-AkRek-Xil
Jal-ImKot;Jal-ImKot
Jal-MejJak;Jal-MejJak
Jal-MejRah;Jal-MejRah
Jal-Nib;Jal Nib
Jal-Nib-Rek;Jal-Nib-Rek
Jal-Xil;Jal-Xil
Jal-Zek;Jal-Zek
JalRek-Jad;JalRek-Jad
JalTok-Jad;JalTok-Jad
James;James
Jamila;Jamila
Jaraah;Jaraah
Jardric;Jardric
Jari;Jari
Jarr;Jarr
Jarvald;Jarvald
Jatix;Jatix
Jayene Kliyn (medium);Jayene Kliyn (média)
Jeb;Jeb
Jeed;Jeed
Jeff;Jeff
Jelly;Geléia
Jennella;Jenella
Jennifer;Jennifer
Jenny Blade;Lâmina Jenny
Jeremy Clerksin;Jeremy Clerksin
Jerico;Jericó
Jess;Jess
Jessie;Jessie
Jethick;Jetick
Jewelled Crab;Caranguejo de joias
Jewelled Crab (blue);Caranguejo Joiado (azul)
Jewelled Crab (green);Caranguejo Joiado (verde)
Jewelled Crab (red);Caranguejo Joiado (vermelho)
Jex;Jex
Jig cart;Carrinho de gabarito
Jill;Jill
Jiminua;Jiminua
Jimmy;Jimmy
Jimmy Dazzler;Jimmy Dazzler
Jimmy the Chisel;Jimmy, o cinzel
Joe;Joe
Jofridr Mordstatter;Jofrid Mordstatter
Jogre;Jogar
Jogre Champion;Jogre Campeão
Johanhus Ulsbrecht;Johanhus Ulsbrecht
John;John
Johnathon;Johnathon
Jokul;Jokul
Jon;Jon
Jonathan;Jônatas
Jonny the beard;Jonny o barbudo
Jorra;Jorra
Jorral;Jorral
Jorzik;Jorzik
Joseph;José
Joshua;Josué
Jossik;Jossik
Jubbly bird;Pássaro jubiloso
Jubster;Jubster
Judge of Yama;Juiz de Yama
Jukat;Jukat
Julie;Júlia
Juliet;Julieta
Jumaane;Jumaane
Juna;Juna
Jungle Demon;Demônio da Selva
Jungle Demon (hard);Demônio da Selva (difícil)
Jungle Wolf;Lobo da selva
Jungle eagle;Águia da selva
Jungle forester;Silvicultor da selva
Jungle horror;Terror na selva
Jungle savage;Selvagem da selva
Jungle spider;Aranha da selva
Junior Navigator;Navegador Júnior
Jury;Júri
Justiciar Zachariah;Juiz Zacarias
Justin Servil;Justin Servil
Justine;Justine
Jyn;Jyn
K'klik;K'klik
K'ril Tsutsaroth;K’ril Tsutsaroth
K'ril Tsutsaroth Jr.;K’ril Tsutsaroth Jr.
KGP Agent;Agente KGP
KGP Guard;Guarda KGP
Kaal-Ket-Jor;Kaal-Ket-Jor
Kaal-Mej-San;Kaal-Mej-San
Kaal-Xil-Dar;Kaal-Xil-Dar
Kael Forshaw;Kael Forshaw
Kaht B'alam;Kaht B'alam
Kai;Kai
Kaleb Paramaya;Kaleb Paramaya
Kalphite Guardian;Guardião Kalphita
Kalphite Larva;Larva Kalphita
Kalphite Princess;Princesa Kalphita
Kalphite Queen;Rainha Kalphita
Kalphite Soldier;Soldado Kalphita
Kalphite Worker;Trabalhador Kalphita
Kalrag;Kalrag
Kalron;Kalron
Kamen;Kamen
Kamfreena;Kamfreena
Kamil;Kamil
Kamil (hard);Kamil (difícil)
Kanel;Kanel
Kangai Mau;Kangai Mau
Kaqemeex;Kaqemeex
Karaday;Karaday
Karam;Karam
Karamel;Caramelo
Karamel (hard);Karamel (difícil)
Karamthulhu;Karamthulhu
Kardia;Kardia
Karil the Tainted;Karil, o Maculado
Karim;Karim
Karl;Carlos
Kaston;Kaston
Kathy Corkat;Kathy Corkat
Katrine;Katrina
Kaylee;Kaylee
Kazemde;Kazemde
Kazgar;Kazgar
Kebbit;Kebbit
Keef;Keef
Keepa Kettilon;Keepa Kettilon
Keith;Keith
Kelvin;Kelvin
Kelyn;Kelyn
Kendall;Kendall
Kenelme;Kenelme
Kennith;Kennith
Kent;Kent
Ket'sal K'uk;Ket'sal K'uk
Ket-Zek;Ket-Zek
Key Master;Chave Mestre
Kharid Scorpion;Escorpião Kharid
Khazard Guard;Guarda Khazard
Khazard Ogre;Ogro Khazard
Khazard Scorpion;Escorpião Khazard
Khazard barman;Barman Khazard
Khazard commander;Comandante Khazard
Khazard trooper;Soldado Khazard
Khazard warlord;Senhor da guerra Khazard
Khazard warlord (hard);Senhor da guerra Khazard (difícil)
Khorvak, a dwarven engineer;Khorvak, um engenheiro anão
Kikazaru;Kikazaru
Killer;Assassino
Killerwatt;Killerwatt
Kilron;Kilron
Kineer;Kineer
King Arthur;Rei Artur
King Artur Hosidius;Rei Artur Hosídio
King Awowogei;Rei Awowogei
King Black Dragon;Rei Dragão Negro
King Bolren;Rei Bolren
King Gjuki Sorvott IV;Rei Gjuki Sorvott IV
King Healthorg;King Healthorg
King Kandur Hosidius;Rei Kandur Hosídio
King Lathas;Rei Lathas
King Narnode Shareen;Rei Narnode Shareen
King Percival;Rei Percival
King Roald;Rei Roald
King Roald (hard);Rei Roald (difícil)
King Sand Crab;Caranguejo Rei da Areia
King Scorpion;Rei Escorpião
King Thoros;Rei Thoros
King Vargas;Rei Vargas
King kurask;Rei Kurask
King rat;Rato rei
King's Messenger;Mensageiro do Rei
Kitten;Gatinho
Kjedelig Uppsen;Kjedelig Uppsen
Kjut;Kjut
Klank;Klank
Klarense;Klarense
Klenter;Klenter
Knight;Cavaleiro
Knight of Ardougne;Cavaleiro de Ardonha
Knight of Saradomin;Cavaleiro de Saradomin
Knight of Varlamore;Cavaleiro de Varlamore
Knight of the Lion;Cavaleiro do Leão
Knight of the Owl;Cavaleiro da Coruja
Knight of the Unicorn;Cavaleiro do Unicórnio
Knight of the Wolf;Cavaleiro do Lobo
Koanee;Koanee
Kob;Kob
Koftik;Koftik
Kolodion;Kolodion
Konar quo Maten;Konar quo Maten
Konoo;Konoo
Kormar quo Maten;Kormar quo Maten
Kortan;Kortan
Koschei the Deathless;Koschei, o Imortal
Koschei the deathless;Koschei, o imortal
Kragen;Kragen
Kraka;Cracóvia
Kraken;Kraken
Krato;Krato
Kree'arra;Kree'arra
Kree'arra Jr.;Kree'arra Jr.
Kroy;Croy
Kruk;Kruk
Kryket bat;Morcego Kryket
Krystilia;Kristilia
Ksenia;Xênia
Kualti;Kualti
Kubec Unkar;Kubec Unkar
Kurask;Kurask
Kurt;Kurt
Kylie Minnow;Kylie peixinho
Lacey;Lacey
Lady Carys Hefin;Senhora Carys Hefin
Lady Crombwick;Senhora Crombwick
Lady Ffion Meilyr;Senhora Ffion Meilyr
Lady Keli;Senhora Keli
Lady Kelyn Ithell;Lady Kelyn Ithell
Lady Nadezhda Shadum;Senhora Nadezhda Shadum
Lady Servil;Senhora Servil
Lady Shauna Piscarilius;Senhora Shauna Piscarilius
Lady Table;Senhora Mesa
Lady Tangwen Trahaearn;Senhora Tangwen Trahaearn
Lady Vulcana Lovakengj;Senhora Vulcana Lovakengj
Lahsram;Lahsram
Lalli;Lalli
Lamb;Cordeiro
Lammy Langle;Lammy Langle
Lan the Butcher;Lan, o Açougueiro
Lanthus;Lanthus
Lanzig;Lanzig
Large mosquito;Mosquito grande
Large zombie monkey;Grande macaco zumbi
Larran;Larran
Larrissa;Larissa
Larry;Larry
Larxus;Larxus
Lasenna Rasputin;Lasena Rasputin
Lathas;Lathas
Latlink Fastbell;Latlink Fastbell
Launa;Launa
Lauretta;Lauretta
Lava beast;Besta de lava
Lava dragon;Dragão de lava
Layleen;Laylene
Lazim;Lazim
Lazy cat;Gato preguiçoso
Lazy hellcat;Gato infernal preguiçoso
Le-sabrè;Le-sabre
Lead Navigator;Navegador Líder
Leagues Assistant;Assistente de Ligas
Leagues Tutor;Tutor de Ligas
Leatherworker;Couro
Lector Gura;Leitor Gura
Leech;Sanguessuga
Leech display;Exibição de sanguessuga
Leela;Leela
Leenz;Leenz
Left head;Cabeça esquerda
Legends guard;Guarda de lendas
Leke quo Keran;Leke quo Keran
Lenny;Lenny
Lensa;Lente
Lenwe;Lenwe
Lenyig Karna;Lenyig Karna
Leo;Leão
Leon;Leão
Leon d'Cour;Léon d’Cour
Lesser Demon Champion;Campeão do Demônio Menor
Lesser Fanatic;Menor Fanático
Lesser demon;Demônio menor
Lesser ghostly thrall;Escravo fantasma menor
Lesser skeletal thrall;Escravo esquelético menor
Lesser zombified thrall;Escravo zumbificado menor
Lev;Leão
Li'l lamb;Pequeno cordeiro
Liam;Liam
Librarian;Bibliotecário
Lidio;Lidio
Lieutenant Schepbur;Tenente Schepbur
Lieve McCracken;Lieve McCracken
Light creature;Criatura leve
Lil' Bloat;Pequeno inchaço
Lil' Creator;Pequeno Criador
Lil' Destructor;Pequeno Destruidor
Lil' Maiden;Pequena donzela
Lil' Nylo;Lil'Nylo
Lil' Sot;Lil'Sot
Lil' Xarp;Lil' Xarp
Lil' Zik;Lil' Zik
Lilifang;Lilifang
Liliwen;Liliwen
Liliya;Liliya
Lillia;Lília
Lilly;Lilly
Lindir;Lindir
Linen worker;Trabalhador de linho
Lisa;Lisa
Lisse Isaakson;Lisse Isaacson
Litara;Litara
Lithil;Lithil
Little Nightmare;Pequeno pesadelo
Little Parasite;Pequeno Parasita
Lizard;Lagarto
Lizard display;Exibição de lagarto
Lizardman;Homem Lagarto
Lizardman brute;Homem-lagarto bruto
Lizardman shaman;Xamã homem-lagarto
Lleidr Golau;Lleidr Golau
Lliann;Lliann
Llio;Llio
Loading crane;Carregando guindaste
Loar Shade;Sombra Loar
Loar Shadow;Loar Sombra
Lobstrosity;Lagostrosidade
Local;Local
Local Gnome;Gnomo local
Locust;Gafanhoto
Locust rider;Cavaleiro gafanhoto
Lofu;Lofu
Logava;Logava
Logios;Logótipos
Logosia;Logosia
Loinur;Loinur
Lokar Searunner;Lokar Corredor do Mar
Loki;Loki
Lokraa quo Sihar;Lokraa quo Sihar
Lollk;haha
Long-tailed Wyvern;Wyvern de cauda longa
Longbow Ben;Arco longo Ben
Longhall Bouncer;Segurança de Longhall
Look-out;Olhe
Looming shadow;Sombra iminente
Lord Alexei Jovkai;Senhor Alexei Jovkai
Lord Baxtorian Cadarn;Lorde Baxtorian Cadarn
Lord Crombwick;Lorde Crombwick
Lord Daquarius;Lorde Daquário
Lord Iestin Iorwerth;Senhor Iestin Iorwerth
Lord Ieuan Amlodd;Senhor Ieuan Amlodd
Lord Iorwerth;Senhor Iorwerth
Lord Kandur Hosidius;Lorde Kandur Hosidius
Lord Marshal Brogan;Lorde Marechal Brogan
Lord Mischa Myrmel;Senhor Mischa Myrmel
Lord Pandur Hosidius;Lorde Pandur Hosidius
Lord Piquan Crwys;Lorde Piquan Crwys
Lord Rologarth;Lorde Rologarth
Lord Shiro Shayzien;Senhor Shiro Shayzien
Lord Trobin Arceuus;Lorde Trobin Arceuus
Lorelai;Lorelai
Lornor quo Narga;Lornor quo Narga
Lorraine;Lorena
Lost barbarian;Bárbaro perdido
Louie Legs;Louie Pernas
Louisa;Luísa
Lovada;Lovada
Lovakengj Engineer;Engenheiro Lovakengj
Love Cats;Amo gatos
Lowe;Lowe
Lowerniel Drakan;Lowerniel Drakan
Lubufu;Lubufu
Lucien;Lucien
Lucky impling;Implicante sortudo
Lucy;Lúcia
Lumberjack Leif;Lenhador Leif
Lumbridge Guide;Guia de Lumbridge
Lumdo;Lumdo
Lumiere;Lumière
Luminata;Luminata
Lumo;Lumo
Luna;Lua
Lundail;Lundail
Lunderwin;Lunderwin
Lurgon;Lurgon
Luscion;Luscion
Luthas;Lutas
Lutwidge;Lutwidge
Lux grub;Comida luxuosa
Lynx;Lince
Lynx Tamer;Domador de Lince
Lyra;Lira
Mac;Mac
Macaroni Penguin;Pinguim Macarrão
Mad skavid;Skavid louco
Madame Caldarium;Madame Caldário
Maedhros;Maedhros
Maeglin;Maeglin
Mage (easy);Mago (fácil)
Mage of Zamorak;Mago de Zamorak
Magic Instructor;Instrutor de Magia
Magic axe;Machado mágico
Magic combat tutor;Tutor de combate mágico
Magnus Gram;Magnus Gram
Magpie impling;Pega implicável
Mahtan;Mahtan
Maid;Empregada doméstica
Mairin;Mairin
Maisa;Maisa
Major Attack;Ataque Maior
Major Collect;Coleta principal
Major Defend;Defesa Principal
Major Heal;Cura Maior
Make-over mage;Mago da transformação
Malak;Malak
Male slave;Escravo masculino
Malevolent Mage;Mago Malévolo
Malignius Mortifer;Mortifero Malignius
Mallak quo Keran;Mallak quo Keran
Mama;Mamãe
Mamma Bufetta;Mamãe Bufetta
Mammoth;Mamute
Man;Homem
Mandrith;Mandrith
Mandy;Mandy
Maniacal Monkey Archer;Macaco Arqueiro Maníaco
Maniacal monkey;Macaco maníaco
Manni the Reveller;Manni, o Folião
Marble gargoyle;Gárgula de mármore
Marfet;Marfet
Maria Gadderanks;Maria Gadderanks
Maria Gunnars;Maria Gunnars
Mariah;Mariah
Marisi;Marisi
Marius;Mário
Marius Giste;Marius Gist
Mark;Marca
Market Guard;Guarda de Mercado
Market seller;Vendedor de mercado
Markog;Markog
Marley;Marley
Marlo;Marlo
Marmor quo Narga;Marmor quo Narga
Marten;Marta
Martha Rehnison;Martha Rehnison
Martin Holt;Martin Holt
Martin Thwait;Martin Thwait
Martin the Master Gardener;Martin, o Mestre Jardineiro
Martina Scorsby;Martina Scorsby
Marwolaeth Dawnsio;Marwolaeth Dawnsio
Mary;Mary
Master Chef;Mestre Chef
Master Crafter;Mestre Artesão
Master Farmer;Mestre Fazendeiro
Master Navigator;Mestre Navegador
Master fisher;Mestre pescador
Master smithing tutor;Tutor de mestre em ferraria
Matilda;Matilde
Matthew;Mateus
Matthias;Matias
Mattimeo;Mattimeo
Mawnis Burowgar;Mawnis Burowgar
Mawrth;Mawrth
Mayor Hobb;Prefeito Hobb
Maz;Maz
Mazchna;Mazchna
Maze Guardian;Guardião do Labirinto
Mazion;Mazião
Me;Meu
Me (hard);Eu (difícil)
Meddwl Ymlaen Llaw;Meddwl Ymlaen Llaw
Medium ninja monkey;Macaco ninja médio
Meegle;Meegle
Megan;Megan
Meiyerditch citizen;Cidadão de Meiyerditch
Meiyerditch miner;Mineiro de Meiyerditch
Mekritus A'hara;Mekritus A'hara
Melana Moonlander;Melana Moonlander
Melee combat tutor;Tutor de combate corpo a corpo
Meleti;Meleti
Melina;Melina
Melvin;Melvin
Melzar the Mad;Melzar, o Louco
Memory of Seren;Memória de Seren
Menaphite Leader;Líder Menaphita
Menaphite Thug;Bandido Menaphita
Menaphite guard;Guarda menaphita
Mercenary;Mercenário
Mercenary Captain;Capitão Mercenário
Mercy;Misericórdia
Meredith;Meredith
Merlin;Merlim
Mernia;Mérnia
Mernik;Mernik
Meskhenet;Mesquenet
Metarialus;Metarialus
Meteora;Meteora
Mi-Gor;Mi-Gor
Mia;Mia
Miala;Miala
Miazrqa;Miazrqa
Middle head;Cabeça do meio
Midnight;Meia-noite
Mihail;Mihail
Mike;Microfone
Miles;Milhas
Milla;Mila
Milli Rehnison;Milli Rehnison
Millie Miller;Milie Miller
Miltog;Miltog
Mime;Mime
Mimm;Mim
Mind Golem;Golem da Mente
Mine Cart;Meu carrinho
Mine cart;Meu carrinho
Mine cart driver;Motorista de carrinho de mina
Mine supervisor;Supervisor de mina
Miner;Mineiro
Miner Magnus;Mineiro Magno
Miniature chaotic clouds;Nuvens caóticas em miniatura
Mining Instructor;Instrutor de Mineração
Mining tutor;Tutor de mineração
Minotaur;Minotauro
Miodvetnir;Miodvetnir
Miriam;Míriam
Miriel;Miriel
Mischievous ghost;Fantasma travesso
Misdrievus Shadum;Misdrievus Shadum
Mishkal'un Dorn;Mishkal’un Dorn
Miss Cheevers;Senhorita Cheevers
Miss Schism;Senhorita Cisma
Mist;Névoa
Mistag;Erro
Mithrellas;Mitrelas
Mithril dragon;Dragão Mithril
Mithril ore;Minério de mithril
Mittens;Luvas
Mizaru;Mizaru
Moe;Moe
Mofina;Mofina
Moggy;Moggy
Mogre;Mogre
Mogre Guard;Guarda Mogre
Mogrim;Mogrim
Molanisk;Molanisco
Moldof;Moldávia
Mole display;Exibição de toupeira
Molly;Molly
Monk;Monge
Monk of Entrana;Monge de Entrana
Monk of Zamorak;Monge de Zamorak
Monkey;Macaco
Monkey Archer;Macaco Arqueiro
Monkey Child;Criança Macaco
Monkey Guard;Guarda Macaco
Monkey Zombie;Macaco Zumbi
Monkey display;Exibição de macaco
Monkey guard;Guarda Macaco
Monkey minder;Cuidador de macaco
Monkey on unicorn;Macaco no unicórnio
Monstrous Basilisk;Basilisco Monstruoso
Monstrous basilisk;Basilisco monstruoso
Mord Gunnars;Mord Gunnars
Mordan Nikazsi;Mordan Nikazsi
Morgan;Morgan
Morgan Le Faye;Morgan Le Faye
Mori;Mori
Morris;Morris
Mort Nightshade;Mort Sombra Noturna
Mort'ton Local;Mort'ton Local
Mort'ton local;Local de Mort'ton
Morten Holdstrom;Morten Holdstrom
Mortina Daubenton;Mortina Daubenton
Morvran;Morvran
Mosol Rei;Mosol Rei
Mosquito swarm;Enxame de mosquitos
Moss Giant;Musgo Gigante
Moss Guardian;Musgo Guardião
Moss Guardian (hard);Guardião Musgo (difícil)
Moss giant;Gigante de musgo
Most of a Zombie;A maior parte de um zumbi
Mother;Mãe
Mother Mallum;Mãe Mallum
Moths;Mariposas
Mountain Dwarf;Anão da Montanha
Mountain Goat;Cabra da Montanha
Mountain Guide;Guia de montanha
Mountain goat;Cabra montesa
Mountain troll;Troll da montanha
Mounted terrorbird gnome;Gnomo Terrorbird montado
Mounted terrorchick gnome;Gnomo terrorchick montado
Mourner;Enlutado
Mouse;Rato
Movario;Movario
Mr. Mordaut;Sr.
Ms. Hynn Terprett;Sra.
Mubariz;Mubariz
Mudskipper;Saltador de lama
Mugger;Assaltante
Mummy;Múmia
Mummy ashes;Cinzas de múmia
Munty;Munty
Murcaily;Murcaily
Murfet;Murfet
Murky Matt (runes);Murky Matt (runas)
Murky Pat;Murky Pat
Murng bat;Morcego Murng
Murphy;Murphy
Muruwoi;Muruwoi
Museum guard;Guarda do museu
Mushroom;Cogumelo
Mutant tarn;Lago mutante
Mutated Bloodveld;Bloodveld Mutante
Muttadile;Muttadile
My Arm;Meu braço
Myndill;Myndill
Myre Blamish Snail;Caracol Myre Blamish
Mysterious Adventurer;Aventureiro Misterioso
Mysterious Figure;Figura misteriosa
Mysterious Old Man;Velho Misterioso
Mysterious Stranger;Estranho Misterioso
Mysterious Voice;Voz Misteriosa
Mysterious ghost;Fantasma misterioso
Mystery figure;Figura misteriosa
Naghead;Naghead
Nail beast;Besta de unhas
Nakasa Jovkai;Nakasa Jovkai
Nardah Banker;Banqueiro Nardah
Nardok;Nardok
Narf;Narf
Natalidae Shadum;Natalidae Shadum
Nathifa;Nathifa
Natural Historian;Historiador Natural
Natural historian;Historiador natural
Nature Spirit;Espírito da Natureza
Nature impling;Natureza impingindo
Nazastarool;Nazastarool
Nazastarool (hard);Nazastarool (difícil)
Nechryael;Necriael
Nechryarch;Necriarca
Necromancer;Necromante
Necrovarus;Necrovaro
Ned;Ned
Neferti the Camel;Neferti, o Camelo
Neil;Neil
Neite;Neite
Nellas;Nelas
Nemishka;Nemishka
Nerdanel;Nerdanel
Nesty;Nesty
New Recruit Tony;Novo recruta Tony
Newtroost;Newtroost
Nezikchened;Nezikchened
Nezikchened (hard);Nezikchened (difícil)
Nia;Nia
Nicholas;Nicolau
Nick;Nick
Nickolaus;Nickolaus
Nicoleta;Nicoleta
Nieve;Neve
Nigel;Nigel
Night beast;Besta da noite
Nikita;Nikita
Nikkie;Nikki
Nikolai;Nicolau
Niles;Nilos
Niloof;Niloof
Nimloth;Nimloth
Nimrodel;Nimrodel
Ninja impling;Impelimento Ninja
Nipper;Pinça
Nirrie;Nirrie
Nisha;Nisha
Nkuku;Nkuku
Noctillion Lugosi;Noctilhão Lugosi
Noella;Noela
Nolar;Nolar
Nomad;Nômade
Noodle;Macarrão
Noon;Meio-dia
Nora T. Hagg;Nora T. Hagg
Noranna Tytanin;Noranna Tytanin
Norman;normando
Not Bob;Não Bob
Noterazzo;Notazzo
Novice;Novato
Nuclear smoke devil;Diabo de fumaça nuclear
Nulodion;Nulodiona
Numpty;Entorpecido
Nung;Nung
Nurmof;Nurmof
Nurse Boubou;Enfermeira Boubou
Nurse Emma Gentsy;Enfermeira Emma Gentsy
Nurse Inn'Juree;Enfermeira Inn'Juree
Nurse Sarah;Enfermeira Sara
Nurse Wooned;Enfermeira Wooned
Nylocas;Nylocas
Nylocas Athanatos;Nylocas Athanatos
Nylocas Hagios;Nylocas Hagios
Nylocas Ischyros;Nylocas Ischyros
Nylocas Matomenos;Nylocas Matomenos
Nylocas Prinkipas;Nylocas Prinkipas
Nylocas Queen;Rainha Nylocas
Nylocas Toxobolos;Nylocas Toxóbolos
Nylocas Vasilias;Nylocas Vasilias
Oaknock the Engineer;Oaknock, o Engenheiro
Oath Lord D'rows;Juramento Senhor D'rows
Oathbreaker B'ats;Quebrador de Juramento B'ats
Oathbreaker E'piws;E'piws Quebrador de Juramento
Oathbreaker M'als;Quebrador de juramento M'als
Obli;Oblí
Obor;Obor
Observatory assistant;Assistente de observatório
Observatory professor;Professor observatório
Ocga;Ocga
Ochre Blamish Snail;Caracol Ocre Blamish
Odd Mushroom;Cogumelo Estranho
Odd Old Man;Velho Estranho
Odd Stone;Pedra Estranha
Odmar;Odmar
Odovacar;Odovacar
Odysseus;Odisseu
Og;Ah
Ogre;Ogro
Ogre boat;Barco ogro
Ogre chieftain;Chefe ogro
Ogre guard;Guarda ogro
Ogre merchant;Comerciante ogro
Ogre shaman;Ogro Xamã
Ogre trader;Comerciante ogro
Ogress Shaman;Ogra Xamã
Ogress Warrior;Guerreiro Ogro
Oipuis;Oipuis
Olaf Hradson;Olaf Hradson
Olaf the Bard;Olavo, o Bardo
Olbertus;Olberto
Old Man Ral;Velho Ral
Old Man Yarlo;Velho Yarlo
Old crone;velha velha
Old dwarf;Velho anão
Old man;Velho
Oldak;Oldak
Olivia;Olívia
Ollie the Camel;Ollie, o Camelo
Olmlet;Olmete
Omart;Omart
Oneiromancer;Oneiromante
Oomlie bird;Pássaro Oomlie
Oozing barrier;Barreira de gotejamento
Operator;Operador
Oracle;Oráculo
Orange salamander;Salamandra laranja
Ordan;Ordã
Ork;Ok
Orlando Smith;Orlando Smith
Oronwen;Oronwen
Oropher;orofar
Orophin;Orofina
Orrvor quo Maten;Orrvor quo Maten
Osian;Osiano
Osman;Osman
Ospak;Ospak
Osten;Osten
Osvald;Osvaldo
Oswald;Osvaldo
Oswallt;Oswallt
Othainian;Othainiano
Other Half-Zombie;Outro meio-zumbi
Otherworldly being;Ser de outro mundo
Otto Godblessed;Otto abençoado por Deus
Ouditor;Auditor
Ouhai;Ouhai
Outlaw;Foragido
Overgrown cat;Gato crescido
Overgrown hellcat;Gato infernal crescido
Owl;Coruja
Oxi;Oxi
Oziach;Oziach
PKMaster0036;PKMaster0036
Padulah;Padulah
Pagida;Pagida
Painted One;Pintado Um
Paladin;Paladino
Palmer;Palmer
Pandur Hosidius;Pandur Hosídio
Panning guide;Guia panorâmico
Parasite;Parasita
Parrot;Papagaio
Parrots;Papagaios
Parroty Pete;Papagaio Pete
Party Pete;Festa Pete
Passive Tar Monster;Monstro de Alcatrão Passivo
Patchy;Desigual
Patrick;Patrício
Patrolman;Patrulheiro
Patrolwoman;Patrulheira
Pauline Polaris;Pauline Polaris
Peaceful barbarian spirit;Espírito bárbaro pacífico
Peasant;Camponês
Pebble;Seixo
Pee Hat;Chapéu de xixi
Peer the Seer;Observe o Vidente
Peksa;Peksa
Pelican;Pelicano
Penance Fighter;Lutador da Penitência
Penance Healer;Curador da Penitência
Penance Pet;Animal de estimação da penitência
Penance Queen;Rainha da Penitência
Penance Ranger;Ranger da Penitência
Penance Runner;Corredor da Penitência
Penda;Penda
Penguin;Pinguim
Penguin display;Exibição de pinguim
Penguin suit;Traje de pinguim
Pennant;Galhardete
Pentyn;Pentyn
Penwie;Penwie
Perdu;Perdu
Perfect gold ore;Minério de ouro perfeito
Perrdur;Perrdur
Perry;Perada
Pescaling Pax;Pesca Pax
Pestilent Bloat;Inchaço Pestilento
Pet rock;Pedra de estimação
Peter;Peter
Petra Fiyed;Petra Fiyed
Petrified Pete;Pete Petrificado
Phabelle Bile;Phabelle Bile
Phantom Hand;Mão Fantasma
Phantuwti Fanstuwi Farsight;Visão Phantuwti Fanstuwi
Pheasant;Faisão
Phials;Frascos
Phileas Rimor;Phileas Rimor
Philipe Carnillean;Philipe Carnillean
Phillipa;Phillipa
Philop;Filipe
Phingspet;Phingspet
Phluxia bat;Morcego Phluxia
Phoenix;Fênix
Phosani's Nightmare;O Pesadelo de Phosani
Phrin Shade;Sombra Phrin
Phrin Shadow;Sombra Phrin
Pierre;Pedro
Pieve;Pieve
Pig;Porco
Pig Thing;Coisa de porco
Piglet;Leitão
Pile of bones;Pilha de ossos
Piles;Pilhas
Pilg;pilha
Piliar;Pilar
Pillory Guard;Guarda Pelourinho
Ping;Pingar
Pipistrelle Draynar;Pipistrelle Draynar
Pirate;Pirata
Pirate Guard;Guarda Pirata
Pirate Jackie the Fruit;Pirata Jackie, a Fruta
Pirate Pete;Pirata Pete
Pit Scorpion;Escorpião do Poço
Pizazz Hat;Chapéu Pizzazz
Plague cow;Vaca pestilenta
Plague frog;Sapo da peste
Poison Salesman;Vendedor de veneno
Poison Scorpion;Escorpião Venenoso
Poison spider;Aranha venenosa
Polar eagle;Águia polar
Polmafi Ferdygris;Polmafi Ferdygris
Poltenip;Poltenip
Pong;Pong
Pontak;Pontak
Ponts the Bridgemaster;Ponts, o Mestre da Ponte
Poor looking man;Homem de aparência pobre
Poor looking woman;Mulher de aparência pobre
Porazdir;Porazdir
Port Official;Oficial do Porto
Port worker;Trabalhador portuário
Portal;Portal
Portal of Death;Portal da Morte
Portobello;Portobello
Possessed Priest;Sacerdote Possuído
Possessed pickaxe;Picareta possuída
Postie Pete;Postie Pete
Pox;Varíola
Prael bat;Morcego Prael
Praistan Ebola;Praistão Ébola
Prayer tutor;Tutor de oração
Preswylwyr Dall;Preswylwyr Dall
Prickly kebbit;Kebbit espinhoso
Priest;Padre
Priestess Zul-Gwenwynig;Sacerdotisa Zul-Gwenwynig
Prifddinas guard;Guarda Prifdinas
Primula;Prímula
Prince Ali;Príncipe Ali
Prince Black Dragon;Príncipe Dragão Negro
Prince Brand;Marca Príncipe
Princess Astrid;Princesa Astrid
Prison Pete;Prisão Pete
Prisoner;Prisioneiro
Prissy Scilla;Prissy Scilla
Private Paldo;Paldo Privado
Private Paldon;Soldado Paldon
Private Pendron;Pendron Soldado
Private Pierreb;Soldado Pierreb
Probita;Probita
Professor Gracklebone;Professor Gracklebone
Professor Imblewyn;Professor Imbwyn
Professor Manglethorp;Professor Manglethorp
Professor Oddenstein;Professor Oddenstein
Professor Onglewip;Professor Onglewip
Prosecutor;Promotor
Prospector Percy;Garimpeiro Percy
Protest Leader;Líder do protesto
Protester;Manifestante
Psykk bat;Morcego Psykk
Puffer Fish;Baiacu
Puffin;Papagaio-do-mar
Pumpy;Bombado
Puppadile;Filhote de cachorro
Purepker895;Purepker895
Purple Pewter Director;Diretor de Estanho Roxo
Purple Pewter Secretary;Secretária de estanho roxo
Pusskins;Gatos
Pyramid block;Bloco pirâmide
Pyrefiend;Pirademônio
Pyrelord;Senhor do Pirelo
Pyromancer;Piromante
Quartermaster;Intendente
Queen Ellamaria;Rainha Ellamaria
Queen Sigrid;Rainha Sigrid
Queen Zyanyi Arkan;Rainha Zyanyi Arkan
Queen spawn;Rainha desova
Quest Guide;Guia de missão
Quiz Master;Mestre do questionário
Qutiedoll;Qutiedoll
R4ng3rNo0b889;R4ng3rNo0b889
Rabbit;Coelho
Raccoon;Guaxinim
Rachael;Raquel
Radat;Radat
Radigad Ponfit;Radigad Ponfit
Radimus Erkle;Radimus Erkle
Radu;Radu
Raeli;Raeli
Raetul;Raetul
Ragnar;Ragnar
Ragnvald;Ragnvald
Rakkar;Rakkar
Ram;Bater
Ramara du Croissant;Ramara du Croissant
Ramarno;Ramarno
Ramocean;Ramoceano
Ranael;Ranael
Ranalph Devere;Ranalph Devere
Randivor;Randivor
Ranged combat tutor;Tutor de combate à distância
Ranger;Guarda-florestal
Ranger (medium);Ranger (médio)
Ranging Guild Doorman;Porteiro da Guilda Variante
Ranis Drakan;Ranis Drakan
Rannveig;Rannveig
Rantz;Rantz
Raqueel;Raquel
Rashiliyia;Rashiliyia
Rasolo;Rasolo
Rassain;Rassain
Rat;Rato
Rat Burgiss;Rato Burgiss
Rauborn;Rauborn
Raulyn;Raullyn
Raum Urda-Stein;Raum Urda-Stein
Ravager;Devastador
Raven;Corvo
Razmire Keelgan;Razmire Keelgan
Razvan;Razvan
Reach;Alcançar
Reacher;Alcançador
Reanimated TzHaar;TzHaar reanimado
Reanimated abyssal;Abissal reanimado
Reanimated aviansie;Aviária reanimada
Reanimated bear;Urso reanimado
Reanimated bloodveld;Sangue reanimado
Reanimated chaos druid;Druida do caos reanimado
Reanimated dagannoth;Dagannoth reanimado
Reanimated demon;Demônio reanimado
Reanimated demon spawn;Geração de demônio reanimado
Reanimated dog;Cachorro reanimado
Reanimated dragon;Dragão reanimado
Reanimated elf;Elfo reanimado
Reanimated giant;Gigante reanimado
Reanimated goblin;Goblin reanimado
Reanimated horror;Terror reanimado
Reanimated imp;Diabrete reanimado
Reanimated kalphite;Kalphita reanimada
Reanimated minotaur;Minotauro reanimado
Reanimated monkey;Macaco reanimado
Reanimated ogre;Ogro reanimado
Reanimated scorpion;Escorpião reanimado
Reanimated troll;Troll reanimado
Reanimated unicorn;Unicórnio reanimado
Rebel Archer;Arqueiro Rebelde
Rebel Scout;Escoteiro Rebelde
Rebel Warrior;Guerreiro Rebelde
Recruiter;Recrutador
Red;Vermelho
Red Axe Cat;Gato Machado Vermelho
Red Axe Director;Diretor do Machado Vermelho
Red Axe Henchman;Capanga do Machado Vermelho
Red Axe Secretary;Secretário do Machado Vermelho
Red Monkey;Macaco Vermelho
Red Panda;Panda Vermelho
Red Sheep;Ovelha Vermelha
Red dragon;Dragão vermelho
Red fireflies;Vaga-lumes vermelhos
Red salamander;Salamandra vermelha
Redbeard Frank;Frank Barba Ruiva
Reese;Reese
Reeso;Reeso
Ref;Referência
Refugee;Refugiado
Regath;Regath
Reginald;Reginaldo
Reinald;Reinaldo
Reinn;Reinar
Reldak;Reldak
Reldo;Reldo
Relobo Blinyo (logs);Relobo Blinyo (logs)
Remsai;Remsai
Remus Kaninus;Remo Kaninus
Renegade Knight;Cavaleiro Renegado
Renegade knight;Cavaleiro renegado
Repugnant spectre;Espectro repugnante
Researcher;Pesquisador
Reshi;Reshi
Resistance Fighter;Lutador da Resistência
Respiratory system;Sistema respiratório
Restless ghost;Fantasma inquieto
Retired sailor;Marinheiro aposentado
Revenant cyclops;Ciclope Revenant
Revenant dark beast;Besta negra revenant
Revenant demon;Demônio fantasma
Revenant dragon;Dragão Revenant
Revenant goblin;Goblin Revenant
Revenant hellhound;Cão infernal revenant
Revenant hobgoblin;Hobgoblin Revenant
Revenant imp;diabinho fantasma
Revenant knight;Cavaleiro Revenant
Revenant ork;Ork Revenant
Revenant pyrefiend;Pirademônio Revenant
Rewards Guardian;Guardião de recompensas
Rhazien;Rhazien
Rhiannon;Rhiannon
Rhoddwr Tan;Rhoddwr Tan
Rhonen;Rhonen
Rhyfel;Rhyfel
Richard;Ricardo
Richard Flintmaul;Ricardo Flintmaul
Rick;Rick
Rick Turpentine;Rick Terebintina
Ricketty door;Porta frágil
Rift guardian;Guardião da fenda
Right head;Cabeça direita
Riki the sculptor's model;Riki, o modelo do escultor
Rimae Sirsalis;Rimae Sirsalis
Rind the gardener;Descasque o jardineiro
Rionasta;Rionasta
River troll;Troll do rio
Riyl Shade;Sombra Riyl
Riyl Shadow;Riyl Sombra
Riyl shadow;Sombra Riyl
Roachey;Barata
Roavar;Roavar
Robert Boss;Roberto Chefe
Robert O'Reilly;Robert O'Reilly
Robert the Strong;Roberto, o Forte
Robin;Robin
Robyn;Robin
Rock;Pedra
Rock Crab;Caranguejo da Rocha
Rock Golem;Golem de rocha
Rock lobster;Lagosta
Rock pile;Pilha de pedras
Rocks;Rochas
Rockslug;Rockslug
Rocky;Rochoso
Rocnar;Rocnar
Rod Fishing spot;Local de pesca com vara
Rogue;Por conta própria
Rogue Guard;Guarda Ladino
Rohak;Rohak
Rokuh;Rokuh
Rolad;Rolad
Rolayne Twickit (hard);Rolayne Twickit (difícil)
Romeo;Romeu
Rometti;Rometti
Romily Weaklax;Romily Weaklax
Rommik;Rommik
Ron Gadderanks;Ron Gadderanks
Rooster;Galo
Root;Raiz
Rory;Rory
Rosie;Rosie
Ross;Ross
Ross and Ben;Ross e Ben
Rowdy Guard;Guarda Desordeiro
Rowdy dwarf;Anão turbulento
Rowdy slave;Escravo turbulento
Roy;Roy
Roy jr.;Roy Jr.
Royal Guard;Guarda Real
Ruantun;Ruantun
Ruby harvest;Colheita de rubi
Rufus;Rufo
Rug Merchant;Comerciante de tapetes
Runa;Runa
Rune dragon;Dragão rúnico
Runite Golem;Golem Runita
Runite Minor;Runita Menor
Runite ore;Minério runita
Runolf;Runolfo
Runvastr;Runvastr
Rupert the Beard;Ruperto, o Barba
Rusty;Oxidado
Saba;Sabá
Sabeil;Sabeil
Saboteur;Sabotador
Sabre-toothed kebbit;Kebbit dente de sabre
Sabre-toothed kyatt;Kyatt dente de sabre
Sabreen;Sabreen
Sacrifice;Sacrifício
Sadwrn;Triste
Saeros;Saeros
Saeth;Saeth
Safalaan Hallow;Safalaan Hallow
Safta Doc;Safta Doc
Sagira;Sagira
Sailor;Marinheiro
Salarin the twisted;Salarin, o distorcido
Salenab;Salenabe
Salgant;Salgante
Sam;Sam
Sammy Servil;Sammy Servil
San Fan;San Fan
San Tojalon;San Tojalón
Sand Crab;Caranguejo de Areia
Sand Snake;Cobra de Areia
Sand Snake (hard);Cobra de Areia (difícil)
Sand storm;Tempestade de areia
Sandicrahb;Sandicrahb
Sandwich lady;Senhora sanduíche
Sandy;Sandy
Sandy Boulder;Pedregulho arenoso
Sandy rocks;Rochas arenosas
Sanfew;Sanfew
Sani Piliu;Sani Piliu
Saniboch;Saniboch
Santiri;Santiri
Sapphire glacialis;Safira glacial
Sarachnis;Sarachnis
Saradomin priest;Padre Saradomin
Saradomin wizard;Mago Saradomin
Saradominist recruiter;Recrutador saradominista
Sarah;Sara
Sarble;Sarble
Sarius Guile;Sarius Guile
Saro;Sarô
Sassilik;Sassilik
Savant;Sábio
Sawmill Operator;Operador de serraria
Sawmill operator;Operador de serraria
Sbott;Sbott
Scabaras;Escabaras
Scarab mage;Mago escaravelho
Scarab swarm;Enxame de escaravelhos
Scarabs;Escaravelhos
Scared skavid;Skavid assustado
Scarg;Cicatriz
Scavenger beast;Besta necrófaga
Scavvo;Scavvo
Schoolboy;estudante
Schoolgirl;Estudante
Scion;Descendente
Scorpia;Escorpião
Scorpia's guardian;Guardião de Escorpião
Scorpia's offspring;Filhos de Escorpião
Scorpion;Escorpião
Scout;Escoteiro
Screaming banshee;Banshee gritando
Screaming twisted banshee;Banshee torcida gritando
Scrubfoot;Pé esfregado
Sea Snake Hatchling;Filhote de cobra marinha
Sea Snake Young;Serpente Marinha Jovem
Sea Troll General;Troll Marinho Geral
Sea Troll Queen;Rainha Troll do Mar
Sea slug;Lesma do mar
Sea slugs display;Exposição de lesmas do mar
Sea troll;Troll marinho
Seagull;Gaivota
Seaman Lorris;Marinheiro Lorris
Seaman Morris;Marinheiro Morris
Seaman Thresnor;Marinheiro Thresnor
Secretary;Secretário
Security Guard;Guarda de segurança
Seddu;Seddu
Sedridor;Sedridor
Seer;Vidente
Selena;Selena
Selene;Selene
Seravel;Seravel
Seren;Seren
Sergeant;Sargento
Sergeant Damien;Sargento Damien
Sergeant Grimspike;Sargento Grimspike
Sergeant Mossfists;Sargento Punhos de Moss
Sergeant Ricardo;Sargento Ricardo
Sergeant Sambur;Sargento Sambur
Sergeant Slimetoes;Sargento Slimetoes
Sergeant Steelwill;Sargento Steelwill
Sergeant Strongstack;Sargento Strongstack
Sergiu;Sérgio
Servant;Servo
Servery assistant;Assistente de servidor
Seth;Sete
Seth Groats;Seth Grumos
Shade;Sombra
Shade Spirit;Espírito da Sombra
Shadow;Sombra
Shadow Hound;Cão das Sombras
Shadow Wyrm;Serpente das Sombras
Shadow spider;Aranha sombra
Shadow warrior;Guerreiro das sombras
Shadowy figure;Figura sombria
Shady figure;Figura sombria
Shaeded Beast;Besta Sombreada
Shamus;Shamus
Shanomi;Shanomi
Shantay;Shantay
Shantay Guard;Guarda Shantay
Sharimika;Sharimika
Shark;Tubarão
Shayda;Shayda
Shayzien Infiltrator;Infiltrador Shayzien
Sheep;Ovelha
Sheepdog;Cão pastor
Sherlock;Sherlock
Sheryl;Sheryl
Shield master;Mestre do escudo
Shifter;Deslocador
Shilop;Shilope
Shipyard worker;Trabalhador do estaleiro
Shiratti the Custodian;Shiratti, o Guardião
Shop assistant;Assistente de loja
Shop keeper;Lojista
Shura;Shura
Siamun;Sião
Sian;Sião
Sid;Sid
Siegfried Erkle;Siegfried Erkel
Sigbert the Adventurer;Sigberto, o Aventureiro
Sigismund;Sigismundo
Sigli the Huntsman;Sigli, o Caçador
Sigmund;Sigmund
Sigmund The Merchant;Sigmund, o comerciante
Sigmund and Zanik;Sigmund e Zanik
Signy;Sinal
Sigurd;Sigurd
Sil'as Dahcsnu;Sil'as Dahcsnu
Silk merchant;Comerciante de seda
Silk trader;Comerciante de seda
Silver Cog Director;Diretor da Silver Cog
Silver Cog Secretary;Secretário Cog de Prata
Silver merchant;Comerciante de prata
Silver ore;Minério de prata
Simon;Simão
Simon Templeton;Simon Templeton
Simona;Simone
Sin Seer;Vidente do Pecado
Sinclair;Sinclair
Sinclair Guard dog;Cão de guarda Sinclair
Sinco Doar;Sinco Doar
Sinister Stranger;Estranho Sinistro
Sir Amik Varze;Sir Amik Varze
Sir Bedivere;Senhor Bedivere
Sir Carl;Senhor Carlos
Sir Gawain;Senhor Gawain
Sir Harry;Senhor Harry
Sir Jerro;Senhor Jerro
Sir Kay;Senhor Kay
Sir Kuam Ferentse;Sir Kuam Ferentse
Sir Lancelot;Senhor Lancelote
Sir Leye;Senhor Leye
Sir Lucan;Senhor Lucano
Sir Mordred;Senhor Mordred
Sir Palomedes;Senhor Palomedes
Sir Pelleas;Senhor Pelleas
Sir Percival;Senhor Percival
Sir Prysin;Senhor Prysin
Sir Rebral;Senhor Rebral
Sir Ren Itchood;Sir Ren Itchhood
Sir Renitee;Senhor Renitee
Sir Spishyus;Senhor Spishyus
Sir Tiffy Cashien;Senhor Tiffy Cashien
Sir Tinley;Senhor Tinley
Sir Tristram;Senhor Tristram
Sir Vyvin;Senhor Vyvin
Sirsal Banker;Banqueiro Sirsal
Sister Aseret;Irmã Aseret
Sister Naoj;Irmã Naoj
Sister Salohcin;Irmã Salohcin
Sister Scarophia;Irmã Scarófia
Sister Senga;Irmã Senga
Sister Sevi;Irmã Sevi
Sister Soul Jar;Frasco de Alma Irmã
Sister Toen;Irmã Toen
Sister Yram;Irmã Yram
Sithik Ints;Sithik Ints
Skavid;Skavid
Skeletal Mystic;Místico Esquelético
Skeletal Wyvern;Wyvern Esquelético
Skeletal miner;Mineiro esquelético
Skeleton;Esqueleto
Skeleton Champion;Campeão Esqueleto
Skeleton Hellhound;Esqueleto Cão Infernal
Skeleton Hellhound (hard);Esqueleto Hellhound (difícil)
Skeleton Mage;Mago Esqueleto
Skeleton brute;Esqueleto bruto
Skeleton fremennik;Fremennik esqueleto
Skeleton heavy;Esqueleto pesado
Skeleton hero;Herói esqueleto
Skeleton mage;Mago esqueleto
Skeleton thug;Esqueleto bandido
Skeleton warlord;Senhor da guerra esqueleto
Skippy;Skippy
Skogre;Skogre
Skotizo;Escotizo
Skotos;Skotos
Skrach Uglogwee;Skrach Uglogwee
Skraeling;Skraeling
Skulgrimen;Skulgrimen
Skuli Myrka;Skuli Mirka
Skullball;Bola de caveira
Skullball Boss;Chefe da Bola Crânio
Skullball Trainer;Treinador de Bola Crânio
Slagilith;Slagilite
Slagilith (hard);Slagilith (difícil)
Slash Bash;Golpe de barra
Slave;Escravo
Sleeping Monkey;Macaco Adormecido
Sleeping guard;Guarda adormecido
Sleepwalker;Sonâmbulo
Slieve;Slieve
Slim Louie;Slim Louie
Slippers;Chinelos
Sloane;Sloane
Slug Hemligssen;Lesma Hemligssen
Slug Prince;Príncipe Lesma
Small Lizard;Lagarto Pequeno
Small ninja monkey;Pequeno macaco ninja
Small zombie monkey;Pequeno macaco zumbi
Smellytoes;Dedos fedorentos
Smiddi Ryak (hard);Smiddi Ryak (difícil)
Smith;Smith
Smithing apprentice;Aprendiz de ferreiro
Smoggy;Poluição
Smoke Devil;Diabo de fumaça
Smoke devil;Diabo de fumaça
Smokin' Joe;Fumando Joe
Smolcano;Smolcano
Snail display;Exibição de caracol
Snake;Cobra
Snakeling;Cobra
Snow;Neve
Snowflake;Floco de neve
Snowy knight;Cavaleiro nevado
Sofiya;Sofia
Soldier;Soldado
Soldier (tier 1);Soldado (nível 1)
Soldier (tier 2);Soldado (nível 2)
Soldier (tier 3);Soldado (nível 3)
Soldier (tier 4);Soldado (nível 4)
Soldier (tier 5);Soldado (nível 5)
Solihib;Solihib
Solus Dellagar;Solus Dellagar
Solztun;Solztun
Sophanem guard;Guarda Sophanem
Sophia Hughes;Sofia Hughes
Sorceress;Feiticeira
Sorebones;Dores
Sorin;Sorin
Sorrn;Desculpe
Sotetseg;Sotetseg
Soulless;Sem alma
Sourhog;Marmota
Spang;Spang
Spawn;Gerar
Spawn of Sarachnis;Cria de Sarachnis
Spectator;Espectador
Speedy Keith;Keith veloz
Sphinx;Esfinge
Spice seller;Vendedor de especiarias
Spider;Aranha
Spidine;Espidina
Spiked Turoth;Turoth com pontas
Spin Blades;Lâminas giratórias
Spined larupia;Larupia espinhosa
Spinner;girador
Spinolyp;Spinólipo
Spirit Angler;Espírito Pescador
Spirit of Scorpius;Espírito de Escorpião
Spirit of Zadimus;Espírito de Zadimo
Spirit tree;Árvore espiritual
Spiritual mage;Mago espiritual
Spiritual ranger;Ranger espiritual
Spiritual warrior;Guerreiro espiritual
Spit goblin;Cuspido duende
Spitting Wyvern;Cuspindo Wyvern
Splatter;Respingos
Spotted kebbit;Kebbit manchado
Spria;Spria
Spring Elemental;Elemental da Primavera
Squire;Escudeiro
Squire (Intermediate);Escudeiro (Intermediário)
Squire (Novice);Escudeiro (Novato)
Squire (Veteran);Escudeiro (veterano)
Squirrel;Esquilo
Sraracha;Sraracha
Stag;Veado
Stanford;Stanford
Stankers;Stankers
Star Sprite;Sprite Estrela
Starflower;Flor estelar
Starlight;Luz das estrelas
Steel dragon;Dragão de aço
Steve;Steve
Stick;Grudar
Stone Guardian;Guardião de Pedra
Stone mason;Pedreiro
Stonemason;Pedreiro
Storm Cloud;Nuvem de Tempestade
Storm cloud;Nuvem de tempestade
Strange Old Man;Velho Estranho
Strange plant;Planta estranha
Strange watcher;Observador estranho
Stranger;Estranho
Straven;Straven
Stray dog;Cachorro vadio
Street urchin;Menino de rua
Strong Ronny;Forte Ronny
Student;Estudante
Stuliette;Stulieta
Stumpy;Atarracado
Stunned Hoop Snake;Cobra Atordoada
Stunted demonic gorilla;Gorila demoníaco atrofiado
Styrmir;Styrmir
Suit of armour;Armadura
Sulphur Lizard;Lagarto Enxofre
Summer Elemental;Elemental de verão
Summoned Soul;Alma Convocada
Summoned Zombie;Zumbi Convocado
Sune;Sol
Superior ghostly thrall;Escravo fantasmagórico superior
Superior skeletal thrall;Escravo esquelético superior
Superior zombified thrall;Escravo zumbificado superior
Supreme Commander;Comandante Supremo
Suqah;Suqah
Surgeon General Tafani;Cirurgião Geral Tafani
Surma;Surma
Surok Magis;Surok Magis
Survival Expert;Especialista em Sobrevivência
Suspect;Suspeito
Suspicious water;Água suspeita
Svetlana;Svetlana
Svidi;Svidi
Swamp Crab;Caranguejo do pântano
Swamp Priest;Sacerdote do Pântano
Swamp frog;Sapo do pântano
Swamp lizard;Lagarto do pântano
Swamp snake;Cobra do pântano
Swamp toad;Sapo do pântano
Swampy log;Registro pantanoso
Swan;Cisne
Swarm;Enxame
Sweeper;Varredor
Swensen the Navigator;Swensen, o Navegador
Swordchick;Espadachim
Sylas;Silas
Taiman;Taiman
Talia;Tália
Taloned Wyvern;Wyvern com garras
Tamayu;Tamayu
Tamble;Tambor
Tanglefoot;Pé emaranhado
Tanglefoot (hard);Tanglefoot (difícil)
Tangleroot;raiz emaranhada
Tanner;Curtidor
Tanya;Tânia
Tar Bubbles;Bolhas de alcatrão
Tar Monster;Monstro de alcatrão
Tarfol quo Maten;Tarfol quo Maten
Target;Alvo
Taria;Taria
Tarik;Tárik
Tarn;Tarn
Tarquin;Tarquínio
Tassie Slipcast;Slipcast de Tassie
Tati;Tati
Tatie;Tati
Tau;Tau
Taxidermist;Taxidermista
Taylor;Taylor
Tayten;Tayten
Tea seller;Vendedor de chá
Teacher;Professor
Teacher and pupil;Professor e aluno
Ted Rehnison;Ted Rehnison
Tegdak;Tegdak
Tegid;Tégido
Tektiny;Tektiny
Tekton;Tekton
Tekton (enraged);Tekton (enfurecido)
Telekinetic Guardian;Guardião Telecinético
Temple Spider;Aranha do Templo
Temple guardian;Guardião do templo
Tempoross;Tempoross
Tentacle;Tentáculo
Tenzing;Tensão
Teodor;Teodoro
Terror dog;Cachorro terrorista
Terror dog statue;Estátua de cachorro terrorista
Terrorbird;Pássaro Terror
Terrorbird display;Exibição do Terrorbird
Terrorchick gnome;Gnomo Terrorchick
Thakkrad Sigmundson;Thakkrad Sigmundson
The 'Wedge';A 'cunha'
The Beast;A Besta
The Collector;O Colecionador
The Draugen;O Draugen
The Everlasting;O Eterno
The Everlasting (hard);O Eterno (difícil)
The Face;O rosto
The Fisher King;O Rei Pescador
The Illusive;O Ilusivo
The Inadequacy;A Inadequação
The Inadequacy (hard);A inadequação (difícil)
The Jormungand;O Jormungand
The Kendal;O Kendal
The Kendal (hard);O Kendal (difícil)
The Lady of the Lake;A Dama do Lago
The Maiden of Sugadinti;A Donzela de Sugadinti
The Mimic;O mímico
The Monkey's Aunt;A Tia do Macaco
The Monkey's Uncle;O Tio do Macaco
The Nightmare;O pesadelo
The Queen of Thieves;A Rainha dos Ladrões
The Shaikahan;O Shaikahan
The Untouchable;O Intocável
The Untouchable (hard);O Intocável (difícil)
Thermonuclear smoke devil;Diabo de fumaça termonuclear
Thessalia;Tessália
Thias Leacke;Thias Leacke
Thief;Ladrão
Thing under the bed;Coisa debaixo da cama
Thingol;Thingol
Third Age Mage;Mago da Terceira Era
Third Age Ranger;Ranger da Terceira Idade
Third Age Warrior;Guerreiro da Terceira Era
Thirus;Thirus
Thistle;Cardo
Thomdril;Thomdril
Thora;Thora
Thora the Barkeep;Thora, a Barman
Thordur;Thordur
Thorgel;Thorgel
Thorhild;Thorhild
Thorkel Silkbeard;Thorkel Barba Seda
Thormac;Thormac
Thorodin;Thorodin
Thorvald the Warrior;Thorvald, o Guerreiro
Thrantax the Mighty;Thrantax, o Poderoso
Thrower Troll;Troll Atirador
Thrower troll;Troll lançador
Thug;Bandido
Thumpy;Barulhento
Thurgo;Thurgo
Thyria;Tíria
Tiadeche;Tiadeché
Ticket Merchant;Comerciante de ingressos
Ticket dwarf;Anão do ingresso
Ticket goblin;Duende do ingresso
Tide;Maré
Tiles;Azulejos
Tilt;Inclinar
Tim;Tim
Timallus;Timalus
Timble;Timble
Timfraku;Timfraku
Tin ore;Minério de estanho
Tina;Tina
Tindar;Tindar
Tindel Marchant;Tindel Marchante
Tinsay;Tinsay
Tinse Torpe;Tinse Torpe
Tiny Tempor;Pequeno Tempo
Tirrie;Tirrie
Tjorvi;Tjorvi
Toban;Toban
Toby;Toby
Tok-Xil;Tok-Xil
Tolna;Tolna
Tomas Lawry;Tomas Lawry
Tombar;Tombar
Tommy 2-times;Tommy 2 vezes
Tool Leprechaun;Duende Ferramenta
Toothy;Dentinho
Topsy;Topsy
Torag the Corrupted;Torag, o Corrompido
Torbrund;Torbrund
Torcher;Tocha
Torfinn;Torfinn
Tormented Soul;Alma Atormentada
Torrcs;Torres
Torrell;Torrell
Tortoise;Tartaruga
Tortured gorilla;Gorila torturado
Tortured soul;Alma torturada
Tostig;Tostig
Tough Guy;Cara durão
Tower Advisor;Conselheiro da Torre
Tower Archer;Arqueiro da Torre
Tower Mage;Mago da Torre
Tower guard;Guarda da torre
Town Crier;Pregoeiro da Cidade
Town Guard;Guarda Municipal
Toy Doll;Boneca de brinquedo
Toy Mouse;Rato de brinquedo
Toy Soldier;Soldado de Brinquedo
Tracker gnome 1;Gnomo rastreador 1
Tracker gnome 2;Gnomo rastreador 2
Tracker gnome 3;Gnomo rastreador 3
Trade Referee;Árbitro Comercial
Trader;Comerciante
Trader Crewmember;Tripulante Comerciante
Trader Stan;Comerciante Stan
Trader Sven;Comerciante Sven
Traiborn;Traiborn
Trainee Guard;Guarda Estagiário
Trainer Nacklepen;Treinador Nacklepen
Tramp;Vagabundo
Trapped Soul;Alma Presa
Trapped Soul (hard);Alma Presa (difícil)
Traxi;Traxi
Treacle;Melaço
Treasure fairy;Fada do tesouro
Tree;Árvore
Tree spirit;Espírito da árvore
Tree spirit (hard);Espírito da árvore (difícil)
Trees;Árvores
Trefaji;Trefaji
Treus Dayth;Dia de Treus
Treus Dayth (hard);Treus Dayth (difícil)
Treznor;Treznor
Tribal Weapon Salesman;Vendedor de armas tribais
Tribesman;Homem da tribo
Tristan;Tristão
Trobert;Troberto
Trogen Konungarde;Trogen Konungarde
Troll;troll
Troll child;Filho troll
Troll father;Pai troll
Troll general;Troll geral
Troll mother;Mãe troll
Troll spectator;Espectador troll
Trolley;Carrinho
Tropical wagtail;Alvéola tropical
Trossa;Trossa
Trufitus;Trufitus
Tstanon Karlak;Tstanon Karlak
Turael;Turael
Turbogroomer;Turbogroomer
Turgall;Turgall
Turgok;Turgok
Turgon;Turgon
Turoth;Turoth
Tutab;Tutab
Twig;Galho
Twiggy O'Korn;Twiggy O'Korn
Twisted Banshee;Banshee Torcida
Two-pints;Dois litros
Tyke;Tyke
Tynan;Tynan
Typhor;Tifor
Tyras Guard;Guarda Tyras
Tyras guard;Guarda Tyra
Tyss;Tyss
Tz-Kek;Tz-Kek
Tz-Kih;Tz-Kih
TzHaar-Hur;TzHaar-Hur
TzHaar-Hur-Lek;TzHaar-Hur-Lek
TzHaar-Hur-Rin;TzHaar-Hur-Rin
TzHaar-Hur-Tel;TzHaar-Hur-Tel
TzHaar-Hur-Zal;TzHaar-Hur-Zal
TzHaar-Ket;TzHaar-Ket
TzHaar-Ket-Keh;TzHaar-Ket-Keh
TzHaar-Ket-Rak;TzHaar-Ket-Rak
TzHaar-Ket-Yil;TzHaar-Ket-Yil
TzHaar-Ket-Zuh;TzHaar-Ket-Zuh
TzHaar-Mej;TzHaar-Mej
TzHaar-Mej-Bal;TzHaar-Mej-Bal
TzHaar-Mej-Dir;TzHaar-Mej-Dir
TzHaar-Mej-Jal;TzHaar-Mej-Jal
TzHaar-Mej-Kah;TzHaar-Mej-Kah
TzHaar-Mej-Roh;TzHaar-Mej-Roh
TzHaar-Xil;TzHaar-Xil
TzKal-Zuk;TzKal-Zuk
TzRek-Jad;TzRek-Jad
TzRek-Zuk;TzRek-Zuk
TzTok-Jad;TzTok-Jad
Ug;Ug
Uglug Nar;Uglug Nar
Ugthanki;Ugthanki
Ulfric;Ulfric
Ulifed;Ulifed
Ulizius;Ulizius
Ulsquire Shauncy;Ulsquire Shauncy
Undead Druid;Druida Morto-Vivo
Undead Lumberjack;Lenhador Morto-Vivo
Undead Zealot;Zelote Morto-Vivo
Undead chicken;Galinha morta-viva
Undead cow;Vaca morta-viva
Undead one;Morto-vivo
Undead tree;Árvore morta-viva
Undor;Desfazer
Unferth;Unferth
Ungadulu;Ungadulu
Unicorn;Unicórnio
Unicorn Foal;Potro Unicórnio
Unicow;Unicórnio
Unnamed troll child;Filho troll sem nome
Uodai;Uodai
Ur-lun;Ur-lun
Ur-meg;Ur-meg
Ur-pel;Urpel
Ur-taal;Ur-taal
Ur-tag;Ur-tag
Ur-vass;Ur-vass
Ur-zek;Ur-zek
Urbi;Urbi
Uri;Uri
Urium Shade;Sombra de úrio
Urium Shadow;Sombra de úrio
Usi;Usi
Utrec;Utrec
Uurrak quo Narga;Uurrak quo Narga
Uwogo;Uwogo
Uyoro;Uyoro
Vaeringk;Vaeringk
Vaire;Vaire
Valaine;Valaína
Valantay Eppel (medium);Valantay Eppel (médio)
Valentin Rasputin;Valentin Rasputin
Valentina Diaemus;Valentina Diaemus
Valeria;Valéria
Valgerd;Valgerd
Vallessia Dracyula;Vallessia Dracyula
Vallessia von Pitt;Valléssia von Pitt
Vampyre Juvenile;Vampiro Juvenil
Vampyre Juvinate;Juvinato de Vampiro
Vampyressa van Von;Vampyressa van Von
Vampyric hound;Cão vampiro
Vampyrus Diaemus;Vampiro Diaemus
Vanescula Drakan;Vanéscula Drakan
Vanessa;Vanessa
Vanguard;Vanguarda
Vanligga Gastfrihet;Vanligga Gastfrihet
Vannah;Vannah
Vannaka;Vannaka
Vanstrom Klause;Vanstrom Klause
Varrian Sobak;Varrian Sobak
Vasa Minirio;Vasa Minirio
Vasa Nistirio;Vasa Nistirio
Vasile;Vasilha
Vasquen;Vasquen
Veliaf Hurtz;Veliaf Hurtz
Velorina;Velorina
Velrak the explorer;Velrak, o explorador
Venenatis;Venenatis
Venenatis spiderling;Aranhinha Venenatis
Veos;Veos
Vera;Vera
Verac the Defiled;Verac, o Corrompido
Verak;Verak
Vermundi;Vermundi
Veronica;Verônica
Vertida Sefalatis;Vertida Sefalatis
Verzik Vitur;Verzik Vitur
Vespina;Vespina
Vespine soldier;Soldado Vespina
Vespula;Véspula
Vestri;Vestri
Vet'ion;Veterinário
Vet'ion Jr.;Vet'ion Jr.
Vet'ion Reborn;Vet'ion Reborn
Victor;Vencedor
Vigr;Vigr
Vigroy;Vigróy
Villager;Aldeão
Villia;Vila
Violetta Sanguine;Violetta Sanguínea
Vitreous Jelly;Geléia Vítrea
Vitreous warped Jelly;Geléia vítrea deformada
Viyeldi;Viyeldi
Vlad Bechstein;Vlad Bechstein
Vlad Diaemus;Vlad Diaemus
Vladimir;Vladimir
Voice of Yama;Voz de Yama
Void Knight;Cavaleiro do Vazio
Volf Olafson;Volf Olafson
Von van Von;Von van Von
Vonnetta Varnis;Vonetta Varnis
Vorkath;Vorkath
Vorki;Vorki
Vormar Vakan;Vormar Vakan
Vornas quo Maten;Vornas quo Maten
Vortas quo Keran;Vortas quo Keran
Vritra;Vritra
Vulcan Orvoros;Vulcano Órvoros
Vulture;Abutre
Vyre Orator;Orador Vyre
Vyrelady;Vyrelady
Vyrelord;Vyrelord
Vyrewatch;Virewatch
Vyrewatch Sentinel;Sentinela Vyrewatch
Wagchin;Wagchin
Wall beast;Besta de parede
Wallasalki;Wallasalki
Wally;Wally
Wanderer;Andarilho
Wandering impling;Imply errante
Warped Jelly;Geléia Deformada
Warrior;Guerreiro
Warrior of Murahs;Guerreiro dos Murahs
Warrior woman;Mulher guerreira
Watchman;Vigia
Watchtower Wizard;Mago da Torre de Vigia
Water elemental;Elemental da água
Water wizard;Mago da água
Waterfiend;Demônio da água
Watson;Watson
Waydar;Waydar
Waymottin;Waymottin
Wayne;Wayne
Weakened Delrith;Delrith enfraquecida
Weaponsmaster;Mestre de armas
Weird Old Man;Velho estranho
Well-armed Foe;Inimigo bem armado
Wemund;Wemund
Wengra quo Sihar;Wengra quo Sihar
Werewolf;Lobisomem
Wesley;Wesley
Weve;Nós
Whirlpool;Hidromassagem
White Chisel Director;Diretor do Cinzel Branco
White Chisel Secretary;Secretária Cinzel Branco
White Knight;Cavaleiro Branco
White golem;Golem branco
White wolf;Lobo branco
Wild dog;cachorro selvagem
Wild kebbit;Kebbit selvagem
Will o' the wisp;Será o fogo-fátuo
William;Guilherme
Willow;Salgueiro
Wilough;Wilough
Wilson;Wilson
Wily cat;Gato astuto
Wily hellcat;Gato infernal astuto
Winelda;Winelda
Wingman Skree;Ala Skree
Wingstone;Pedra-asa
Winkin;Piscando
Winter Elemental;Elemental de Inverno
Winter Soldier;Soldado Invernal
Wintertoad;Sapo Invernal
Wise Old Man;Velho Sábio
Wise Young Man;Jovem Sábio
Wiskit;Wikit
Wistan;Wistan
Witch;Bruxa
Witch's cat;Gato da bruxa
Witch's experiment;Experimento de bruxa
Witch's experiment (fourth form);Experimento da bruxa (quarta forma)
Witch's experiment (fourth form) (hard);Experimento da Bruxa (quarta forma) (difícil)
Witch's experiment (hard);Experimento da bruxa (difícil)
Witch's experiment (second form);Experimento da Bruxa (segunda forma)
Witch's experiment (second form) (hard);Experimento da Bruxa (segunda forma) (difícil)
Witch's experiment (third form);Experimento da Bruxa (terceira forma)
Witch's experiment (third form) (hard);Experimento da Bruxa (terceira forma) (difícil)
Witchaven villager;Aldeão do Witchaven
Wizard;Mago
Wizard Akutha;Mago Akutha
Wizard Cromperty;Mago Cromperty
Wizard Distentor;Distentor Assistente
Wizard Frumscone;Feiticeiro Frumscone
Wizard Grayzag;Mago Grayzag
Wizard Mizgog;Mago Mizgog
Wizard Sinina;Mago Sinina
Wolf;Lobo
Wolfbone;Osso de lobo
Woman;Mulher
Woman-at-arms (hard);Mulher de armas (difícil)
Wood Dryad;Dríade de Madeira
Woodsman tutor;Tutor de lenhador
Workman;Trabalhador
Wormbrain;cérebro de minhoca
Wounded soldier;Soldado ferido
Wurbel;Wurbel
Wydin;Wydin
Wyrm;Wyrm
Wyson the gardener;Wyson, o jardineiro
Wyvern display;Exibição de Wyvern
Xamphur;Xamphur
Xarpus;Xarpo
Xorrah quo Sihar;Xorrah quo Sihar
Yadviga;Yadviga
Yak;Iaque
Yanni Salika;Yanni Salika
Yarsul;Yarsul
Yellow Fortune Director;Diretor da Fortuna Amarela
Yellow Fortune Secretary;Secretário da Fortuna Amarela
Yellow Sheep;Ovelha Amarela
Yellow Snow;Neve Amarela
Yenrab;Yenrab
Yeti;Yeti
Ymladd;Ymladd
Yohnus;Yohnus
Young 'un;Jovem
Young impling;Jovem impling
Youngllef;Youngllef
Yrsa;Yrsa
Ysbeid;Ysbeid
Ysgawyn;Ysgawyn
Ystwyth;Ystwyth
Yt-HurKot;Yt-Hur Kot
Yt-MejKot;Yt-Mej Kot
Yulf Squecks;Yulf Squecks
Yuri;Iuri
Zakl'n Gritch;Zakl’n Gritch
Zalcano;Zalcano
Zamorak crafter;Artesão Zamorak
Zamorak mage;Mago Zamorak
Zamorak ranger;Guarda florestal de Zamorak
Zamorak warrior;Guerreiro Zamorak
Zamorak wizard;Mago Zamorak
Zogre;Zogre
Zoja;Zoja
Zombie;Zumbi
Zombie pirate;Pirata zumbi
Zombie rat;Rato zumbi
Zombie swab;Cotonete de zumbi
Zombies Champion;Campeão Zumbis
Zombified Spawn;Spawn Zombificado
Zulrah;Zulrah
Zygomite;Zigomita
