 Sneaky undead fowl;Uccelli non morti subdoli
'Beedy-eye' Jones;Jones "L'occhio alato".
'Beefy' Burns;Bruciature "muscolose".
'Betty' B.Boppin;"Betty" B. Boppin
'Bird's-Eye' Jack;Jack "a volo d'uccello".
'Birds-Eye' Jack;Jack "Vista a volo d'uccello".
'Black-eye';'Occhio nero'
'Currency' The Alchemist;"Valuta" L'Alchimista
'Eagle-eye' Shultz;Shultz "occhio d'aquila".
'Gummy';'Gommoso'
'Lecherous' Lee;"Lascivo" Lee
'No fingers';"Niente dita"
'Picarron' Pete;Pete "Picarron".
'Sticky' Sanders;Sanders "appiccicoso".
'The Guns';"Le pistole"
'Transmute' The Alchemist;'Trasmutare' L'Alchimista
1337sp34kr;1337sp34kr 
50% Luke;50% Luca
? ? ? ?;? ? ? ?
A Doubt;Un dubbio
A pile of broken glass;Un mucchio di vetri rotti
A'abla;A'abla
Abbot Langley;Abate Langley
Aberab;Aberab
Aberrant spectre;Spettro aberrante
Abhorrent spectre;Spettro abominevole
Abidor Crank;Manovella Abidor
Abigaila;Abigaila
Abigale;Abigale
Abomination;Abominio
Abyssal Sire;Signore Abissale
Abyssal demon;Demone abissale
Abyssal guardian;Guardiano abissale
Abyssal leech;Sanguisuga abissale
Abyssal orphan;Orfano abissale
Abyssal walker;Camminatore abissale
Account Guide;Guida all'account
Account security tutor;Tutor sulla sicurezza dei conti
Achietties;Achiecità
Acidic Bloodveld;Bloodveld acido
Acorn;Ghianda
Adamant dragon;Drago irremovibile
Adamantite ore;Minerale di Adamantite
Adventurer;Avventuriero
Adventurer (easy);Avventuriero (facile)
Adventurer Jon;L'avventuriero Jon
Advisor Ghrim;Consigliere Ghrim
Aemad;Aemad
Aeonisig Raispher;Aeonisig Raispher
Afflicted;Afflitto
Afflicted(Razmire);Afflitto(Razmire)
Afflicted(Ulsquire);Afflitto(Ulsquire)
Afrah;Afrah
Aga;Agà
Aggie;Aggie
Agility Boss;Capo dell'Agilità
Agility Instructor;Istruttore di Agilità
Agility Trainer;Allenatore di agilità
Agmundi;Agmundi
Agnar;Agnar
Agrith Naar;Agrith Naar
Agrith Naar (hard);Agrith Naar (difficile)
Agrith-Na-Na;Agrith-Na-Na
Agrith-Na-Na (hard);Agrith-Na-Na (difficile)
Ahab;Achab
Ahrim the Blighted;Ahrim il Maledetto
Air elemental;Elementale dell'aria
Air wizard;Mago dell'aria
Aisles;Corridoi
Aivas;Aivas
Ajjat;Ajjat
Ak-Haranu;Ak-Haranu
Akthanakos;Akthanakos
Al Shabim;Al-Shabim
Al the Camel;Al Cammello
Al-Kharid warrior;Guerriero Al-Kharid
Alain;Alain
Alan;Alan
Albino bat;Pipistrello albino
Alchemical Hydra;Idra Alchemica
Alchemy Guardian;Guardiano dell'Alchimia
Alec Kincade;Alec Kincade
Aleck;Aleck
Alek Constantine;Alek Costantino
Alexander;Alessandro
Alexandra;Alessandra
Alexis;Alessio
Alfonse the waiter;Alfonso il cameriere
Ali Morrisane;Ali Morrisane
Ali The barman;Ali Il barista
Ali the Camel;Ali il cammello
Ali the Camel Man;Ali l'uomo dei cammelli
Ali the Carter;Ali il Carter
Ali the Farmer;Ali il contadino
Ali the Guard;Ali la Guardia
Ali the Hag;Ali la Strega
Ali the Kebab seller;Ali il venditore di kebab
Ali the Leaflet Dropper;Ali il contagocce
Ali the Mayor;Alì il sindaco
Ali the Operator;Ali l'Operatore
Ali the Smith;Ali lo Smith
Ali the Snake Charmer;Ali l'incantatore di serpenti
Ali the Tailor;Ali il Sarto
Ali the dyer;Ali il tintore
Alice;Alice
Alice the Camel;Alice il cammello
Alice's husband;Il marito di Alice
Allanna;Allanna
Almera;Almera
Alomone;Alomone
Alrena;Arena
Alrik;Alrick
Alry the Angler;Alry il pescatore
Altar;Altare
Altarkiz;Altarkiz
Aluft Gianne snr.;Aluft Gianne snr.
Alviss;Alviss
Alwyn;Alwyn
Alyssa;Alissa
Ambassador Alvijar;Ambasciatore Alvijar
Ambassador Ferrnook;Ambasciatore Ferrnook
Ambassador Gimblewap;Ambasciatore Gimblewap
Ambassador Spanfipple;Ambasciatore Spanfipple
Amelia;Amelia
Ammonite Crab;Granchio ammonita
Amrod;Amrod
Amy;Amy
An old Dwarf;Un vecchio nano
Ana;Anna
Anaire;Anaire
Ancient Fungi;Antichi funghi
Ancient Ghost;Antico fantasma
Ancient Guardian;Antico Guardiano
Ancient Wizard;Antico Mago
Ancient Wyvern;Antica Viverna
Ancient Zygomite;Antico Zigomite
Ancient monkey;Antica scimmia
Andiess Juip;Andiess Juip
Andras;Andras
Andrea;Andrea
Andros Mai;Andros Mai
Aneirin;Aneirin
Angel;Angelo
Angelo;Angelo
Angry barbarian spirit;Spirito barbaro arrabbiato
Angry bear;Orso arrabbiato
Angry giant rat;Ratto gigante arrabbiato
Angry goblin;Folletto arrabbiato
Angry unicorn;Unicorno arrabbiato
Animated Adamant Armour;Armatura Adamant animata
Animated Black Armour;Armatura nera animata
Animated Bronze Armour;Armatura di bronzo animata
Animated Iron Armour;Armatura di ferro animata
Animated Mithril Armour;Armatura di Mithril animata
Animated Rune Armour;Armatura runica animata
Animated Steel Armour;Armatura d'acciaio animata
Animated spade;Vanga animata
Animated steel armour;Armatura d'acciaio animata
Anita;Anita
Anja;Anja
Ankou;Ankou
Anleif;Anleif
Anna;Anna
Anna Jones;Anna Jones
Anne Isaakson;Anne Isaakson
Annette;Annetta
Annoyed guardian mummy;Mummia guardiana infastidita
Anton;Anton
Anwen;Anwen
Apmeken;Apmeken
Apothecary;Farmacista
Apprentice;Apprendista
Apprentice (medium);Apprendista (medio)
Apprentice workman;Apprendista operaio
Aranwe;Aranwe
Archaeological expert;Esperto archeologico
Archaeologist;Archeologo
Archeio;Archeio
Archer;Arciere
Archpriest of the Unicorn;Arciprete dell'Unicorno
Arcis;Arci
Aredhel;Aredhel
Aretha;Areta
Arhein;Arhein
Arianwyn;Arianwyn
Arianwyn (hard);Arianwyn (difficile)
Aristarchus;Aristarco
Armadylean guard;Guardia armadilena
Armod;Armod
Armour salesman;Venditore di armature
Armoured Foe;Nemico corazzato
Armourer (tier 1);Armaiolo (livello 1)
Armourer (tier 2);Armaiolo (livello 2)
Armourer (tier 3);Armaiolo (livello 3)
Armourer (tier 4);Armaiolo (livello 4)
Armourer (tier 5);Armaiolo (livello 5)
Army Commander;Comandante dell'Esercito
Arno;Arno
Arnold Lydspor;Arnold Lydspor
Arnor;Arnor
Arrg;Arr
Arrg (hard);Arrg (difficile)
Arsen the Thief;Arsen il ladro
Art;Arte
Art Critic Jacques;Critico d'arte Jacques
Arthur;Artù
Arthur the Clue Hunter;Arthur il cacciatore di indizi
Artimeus;Artimeo
Artur Hosidius;Arturo Osidio
Arvel;Arvel
Arzinian Avatar of Magic;Avatar arziniano della magia
Arzinian Avatar of Ranging;Avatar arziniano dell'esplorazione
Arzinian Avatar of Strength;Avatar arziniano della forza
Arzinian Being of Bordanzan;Essere Arziniano di Bordanzan
Ash;Cenere
Ashild;Ashild
Askeladden;Askeladden
Assassin;Assassino
Assistant;Assistente
Assistant Brock;Assistente Brock
Assistant Le Smith;Assistente Le Smith
Assistant Lori;Assistente Lori
Assistant Marrow;Assistente Midollo
Assistant Serf;Assistente servo
Assistant Stan;Assistente Stan
Asteros Arceuus;Asteros Arceuus
Asyff;Asyff
Asyn Shade;Asyn Ombra
Asyn Shadow;Asyn Ombra
Asyn shadow;Ombra Asin
Atlas;Atlante
Aubury;Aubury
Auctioneer;Banditore
Audmann;Audmann
Auguste;Augusto
Aurel;Aurel
Austri;Austri
Autumn Elemental;Elementale d'Autunno
Ava;Ava
Avan;Avan
Avatar of Creation;Avatar della Creazione
Avatar of Destruction;Avatar della Distruzione
Aviansie;Aviansie
Awakened Altar;Altare risvegliato
Awowogei;Awowogei
Awusah the Mayor;Awusah il sindaco
Ayesha;Ayesha
Azzanadra;Azzanadra
Baba Yaga;Baba Yaga
Baby Chinchompa;Il piccolo Chinchompa
Baby Mole;Piccola Talpa
Baby Mole-rat;Baby talpa
Baby Roc;Il piccolo Roc
Baby black dragon;Cucciolo di drago nero
Baby blue dragon;Drago celeste
Baby green dragon;Cucciolo di drago verde
Baby impling;Bambino che si implora
Baby red dragon;Cucciolo di drago rosso
Baby tanglefoot;Bambino aggrovigliato
Badger;Tasso
Bailey;Bailey
Baker;Panettiere
Bakuna;Bakuna
Bald Headed Eagle;Aquila dalla testa calva
Balfrug Kreeyath;Balfrug Kreeyath
Balloon Animal;Animale a palloncino
Balloon Toad;Rospo in mongolfiera
Bandit;Bandito
Bandit Leader;Capo bandito
Bandit champion;Campione bandito
Bandit shopkeeper;Negoziante bandito
Bandosian guard;Guardia Bandosiana
Banisoch;Banisoch
Bank guard;Guardia di banca
Banker;Banchiere
Banker tutor;Tutor bancario
Banknote Exchange Merchant;Commerciante di cambio banconote
Banshee;Banshee
Baraek;Baraek
Barb-tailed kebbit;Kebbit dalla coda a punta
Barbara;Barbara
Barbarian;Barbaro
Barbarian Warlord;Signore della guerra barbaro
Barbarian guard;Guardia barbara
Bardur;Bardur
Barfy Bill;Barfy Bill
Barge foreman;Caposquadra della chiatta
Barge guard;Guardia della chiatta
Barge workman;Operaio della chiatta
Bark Blamish Snail;Lumaca Blamish della corteccia
Barker;Barker
Barlak;Barlak
Barmaid;Barista
Barman;Barista
Barnabus Hurma;Barnabo Hurma
Barrelchest;Petto a botte
Barrelchest (hard);Petto a botte (duro)
Barricade;Barricata
Bartak;Bartak
Bartender;Barista
Basilisk;Basilisco
Basilisk Knight;Cavaliere Basilisco
Basilisk Sentinel;Sentinella del Basilisco
Basilisk Youngling;Giovane Basilisco
Bast;Basta
Bat;Pipistrello
Batt Mellamy;Batt Mellamy
Battle mage;Mago da battaglia
Battle tortoise display;Esposizione di tartarughe da battaglia
Baxtorian;Baxtoriano
Bear Cub;Cucciolo d'orso
Bearded gorilla;Gorilla barbuto
Beaver;Castoro
Bed;Letto
Bedabin Nomad;Nomade Bedabin
Bedabin Nomad Fighter;Combattente nomade Bedabin
Bedabin Nomad Guard;Guardia nomade Bedabin
Bedread the bold;Copriletto per gli audaci
Bee keeper;Apicoltore
Bees!;Api!
Beggar;Mendicante
Beigarth;Beigarth
Beite;Beite
Bellemorde;Bellemorde
Belona;Belona
Bench;Panca
Benjamin;Beniamino
Benny;Benny
Bentamir;Bentamir
Bernald;Bernardo
Berry;Bacca
Berserk barbarian spirit;Spirito barbaro berserk
Bert;Bert
Betty;Betty
Biblia;Biblia
Big Dave;Grande Dave
Big Snake;Grande serpente
Big Wolf;Grande Lupo
Big frog;Grande rana
BigRedJapan;BigRedGiappone
Bill Teach;Bill Teach
Billy;Billy
Billy Goat;Billy capra
Billy Rehnison;Billy Rehnison
Billy, a guard of Falador;Billy, una guardia di Falador
Bird;Uccello
Bjorn;Bjorn
Black Cat;Gatto Nero
Black Guard;Guardia Nera
Black Guard Berserker;Berserker della Guardia Nera
Black Heather;Erica nera
Black Knight;Cavaliere Nero
Black Knight Captain;Capitano del Cavaliere Nero
Black Knight Titan;Il Cavaliere Nero Titano
Black Knight Titan (hard);Titano Cavaliere Nero (difficile)
Black bear;Orso nero
Black chinchompa;Cincincompa nero
Black demon;Demone nero
Black demon (hard);Demone nero (difficile)
Black dragon;Drago nero
Black golem;Golem nero
Black knight;Cavaliere Nero
Black salamander;Salamandra nera
Black swan;Cigno nero
Black unicorn;Unicorno nero
Black unicorn Foal;Puledro di unicorno nero
Black warlock;Stregone nero
Blackjack seller;Venditore di blackjack
Blaec;Blaec
Blair;Blair
Blandebir;Blandebir
Blanin;Blanin
Blasidar the sculptor;Blasidar lo scultore
Blast Furnace Foreman;Caposquadra d'altoforno
Blessed giant rat;Benedetto ratto gigante
Blessed spider;Benedetto ragno
Bloated Toad;Rospo gonfio
Blood Blamish Snail;Lumaca Blamish Sangue
Blood spawn;Generazione di sangue
Bloodhound;Segugio
Bloodveld;Bloodveld
Bloodworm;Chironomus
Blue Monkey;Scimmia Blu
Blue Opal Director;Direttore dell'Opale Blu
Blue Opal Secretary;Segretario opale blu
Blue Sheep;Pecora Blu
Blue dragon;Drago blu
Blurberry;Sfocato
Boar;Cinghiale
Boat;Barca
Bob;Bob
Bob Barter (herbs);Bob Barter (erbe)
Bob, another guard of Falador;Bob, un'altra guardia di Falador
Bobawu;Bobawu
Bobbing fossil;Fossile fluttuante
Body Golem;Golem del corpo
Bolkoy;Bolkoy
Bologa;Bologna
Bolongo;Bolongo
Bonafido;Bonafido
Boneguard;Guardia delle ossa
Bones;Ossa
Bonzara;Bonzara
Bonzo;Bonzo
Boot;Stivale
Border Guard;Guardia di frontiera
Boris;Boris
Bork Sigmundson;Bork Sigmundson
Borrokar;Borrokar
Boulder;Masso
Bouncer;Buttafuori
Bouncer (hard);Buttafuori (duro)
Bouquet Mac Hyacinth;Mazzo Mac Giacinto
Bow and Arrow salesman;Venditore di arco e frecce
Boy;Ragazzo
Brambickle;Rovo
Brana;Brana
Branwen;Branwen
Brassican Mage;Mago Brassicano
Bravek;Bravek
Brawler;Combattente
Bree;Bree
Breive;Breve
Brendt;Brendt
Breoca;Breoca
Brewer;Birraio
Brian;Brian
Brian O'Richard;Brian O'Richard
Briget;Brigida
Brimstail;Bristail
Brine rat;Ratto di salamoia
Broddi;Broddi
Broken Handz;Mano rotta
Broken clay golem;Golem di argilla rotto
Bronze dragon;Drago di bronzo
Broodoo victim;Vittima di Broodoo
Brother Aimeri;Fratello Aimeri
Brother Althric;Fratello Althric
Brother Brace;Fratello Brace
Brother Cedric;Fratello Cedric
Brother Jered;Fratello Jered
Brother Kojo;Fratello Kojo
Brother Maledict;Fratello Maledetto
Brother Omad;Fratello Omad
Brother Tranquility;Fratello Tranquillità
Brown Engine Director;Direttore del motore Brown
Brown Engine Secretary;Segretario del Motore Brown
Brugsen Bursen;Brugsen Bursen
Bruise Blamish Snail;Livido Blamish Lumaca
Brundt the Chieftain;Brundt il capotribù
Brutal black dragon;Drago nero brutale
Brutal blue dragon;Drago blu brutale
Brutal green dragon;Drago verde brutale
Brutal red dragon;Drago rosso brutale
Bryn;Bryn
Bryophyta;Briofita
Bugs;Bug
Builder;Costruttore
Buinn;Buinn
Bullrush;Bullrush
Bunkdo;Bunkdo
Bunkwicket;Castello
Bunny;Coniglietto
Burkor;Burkor
Burntmeat;Carne bruciata
Burntof;Burntof
Bush snake;Serpente cespuglio
Butler;Maggiordomo
Butler Jarvis;Il maggiordomo Jarvis
Butler Jones;Il maggiordomo Jones
Butterfly;Farfalla
Cabin Boy Colin;Colin mozzo
Cabin Boy Herbert;Il mozzo Herbert
Cabin boy;Mozzo di cabina
Cabin boy Jenkins;Il mozzo Jenkins
Caden Azro;Caden Azro
Caerwyn;Caerwyn
Cage;Gabbia
Caleb;Caleb
Calin;Calino
Callisto;Callisto
Callisto cub;Cucciolo di Callisto
Cam the Camel;Cam il cammello
Camarst;Camarst
Camel;Cammello
Camel display;Esposizione del cammello
Camorra;Camorra
Camp dweller;Abitante del campo
Candle maker;Fabbricante di candele
Candle seller;Venditore di candele
Caninelle Draynar;Caninelle Draynar
Cannoneer;Cannoniere
Cap'n Hand;Capitano Hand
Cap'n Izzy No-Beard;Il Capitano Izzy Senza Barba
Capt' Arnav;Capitano Arnav
Captain;Capitano
Captain Barnaby;Capitano Barnaby
Captain Bentley;Capitano Bentley
Captain Bleemadge;Capitano Bleemadge
Captain Braindeath;Capitan Morte Cerebrale
Captain Bruce;Capitano Bruce
Captain Cain;Capitano Caino
Captain Cleive;Capitano Cleive
Captain Daerkin;Capitano Daerkin
Captain Dalbur;Capitano Dalbur
Captain Donnie;Capitano Donnie
Captain Dudi;Capitano Dudi
Captain Errdo;Capitano Errdo
Captain Ginea;Capitano Ginnea
Captain Janaway;Capitano Janaway
Captain Kalt;Capitano Kalt
Captain Khaled;Capitano Khaled
Captain Klemfoodle;Capitano Klemfoodle
Captain Lamdoo;Capitano Lamdoo
Captain Lawgof;Capitano Lawgof
Captain Magoro;Capitan Magoro
Captain Ned;Capitano Ned
Captain Ninto;Capitano Ninto
Captain Pudi;Capitano Pudi
Captain Rachelle;Capitano Rachelle
Captain Rimor;Capitano Rimor
Captain Rovin;Capitano Rovino
Captain Sdiar;Capitano Sdiar
Captain Shanks;Capitano Shanks
Captain Shoracks;Capitano Shoracks
Captain Siad;Capitano Siad
Captain Tobias;Capitano Tobia
Captain Tock;Capitano Tock
Captain Tom;Capitano Tom
Carado;Carado
Caranthir;Caranthir
Carl;Carlo
Carla;Carla
Carnivorous chinchompa;Cincincompa carnivoro
Carnivus Belamorta;Carnivus Belamorta
Carol;Carol
Caroline;Carolina
Carpenter;Falegname
Carpenter Kjallak;Il falegname Kjallak
Cart Camel;Carrello Cammello
Cart conductor;Conduttore del carrello
Cassie;Cassie
Cat;Gatto
Catablepon;Catablepon
Catalina;Catalina
Cave Scenery;Scenario della grotta
Cave abomination;Abominio delle caverne
Cave bug;Insetto della caverna
Cave bug larva;Larva dell'insetto delle caverne
Cave crawler;Cingolato delle caverne
Cave goblin;Folletto delle caverne
Cave goblin child;Bambino goblin delle caverne
Cave goblin guard;Guardia del goblin delle caverne
Cave goblin miner;Minatore goblin delle caverne
Cave horror;Orrore della caverna
Cave kraken;Kraken delle caverne
Cave lizard;Lucertola delle caverne
Cave monk;Monaco delle caverne
Cave slime;Melma di caverna
Cave snake;Serpente delle caverne
Cavemouth;Cavemouth
Cavey Davey;Cavey Davey
Cecilia;Cecilia
Celebrian;Celebriano
Celegorm;Celegorm
Celyn;Celyn
Centaur;Centauro
Ceolburg;Ceolburg
Cerberus;Cerbero
Ceril Carnillean;Ceril Carnillean
Cerulean twitch;Contrazione cerulea
Ceto;Ceto
Chadwell;Chadwell
Chaeldar;Chaeldar
Chamber guardian;Guardiano della camera
Chancy;Casolare
Chaos Elemental;Elementale del Caos
Chaos Elemental Jr.;Elementale del Caos Jr.
Chaos Fanatic;Fanatico del caos
Chaos Golem;Golem del caos
Chaos druid;Druido del caos
Chaos druid warrior;Guerriero druido del caos
Chaos dwarf;Nano del caos
Chaotic death spawn;Progenie caotica della morte
Charles;Carlo
Charles Charlington;Charles Charlington
Charley;Charley
Charlie;Charlie
Charlie Brown;Charlie Brown
Charlie the Tramp;Charlie il vagabondo
Charlie the cook;Charlie il cuoco
Charmed Warrior;Guerriero incantato
Chasm Crawler;Crawler del baratro
Checkal;Verifica
Cheerleader;Cheerleader
Chef Olivia;Lo chef Olivia
Chemist;Chimico
Cheryl;Cheryl
Chicken;Pollo
Chief Farmer;Capo agricoltore
Chief Tess;Capo Tess
Chief servant;Primo servitore
Child;Bambino
Chinchompa;Chinchompa
Choke devil;Soffoca il diavolo
Chompy bird;Uccello masticabile
Chompy chick;Pulcino masticabile
Chronozon;Cronozon
Chronozon (hard);Chronozon (difficile)
Chuck;Mandrino
Cirdan;Cirdan
City guard;Guardia cittadina
Civilian;Civile
Clan Guard;Guardia del clan
Claude;Claudio
Claus the chef;Claus lo chef
Clay golem;Golem d'argilla
Cleaner;Più pulito
Cleddyf;Cleddyf
Clerk;Impiegato
Clerris;Clerris
Clivet;Clivet
Clockwork cat;Gatto a orologeria
Clothears;Abbigliamento
Co-ordinator;Coordinatore
Coal;Carbone
Cob;Pannocchia
Cockathrice;Cockatrice
Cockatrice;Basilisco
Coenus;Ceno
Col. O'Niall;Colonnello O'Niall
Colonel Grimsson;Colonnello Grimsson
Colonel Radick;Colonnello Radick
Colossal Hydra;Idra colossale
Combat Instructor;Istruttore di combattimento
Combat Test;Prova di combattimento
Combat Test (maxhit);Test di combattimento (massimo successo)
Combat stone;Pietra da combattimento
Commander Connad;Comandante Connad
Commander Fullore;Comandante Fullore
Commander Montai;Comandante Montai
Commander Veldaban;Comandante Veldaban
Commander Zilyana;Comandante Zilyana
Commissioner Anwar;Il commissario Anwar
Competition Judge;Giudice di gara
Confused barbarian;Barbaro confuso
Confusion beast;Bestia della confusione
Conrad King;Corrado Re
Conwenna;Conwenna
Cook;Cucinare
Cooking tutor;Insegnante di cucina
Cool Mom227;Bella mamma227
Copper longtail;Coda lunga di rame
Copper ore;Minerale di rame
Corkat quo Sihar;Corkat quo Sihar
Cormorant;Cormorano
Cornelius;Cornelio
Corporeal Beast;Bestia corporea
Corporeal Critter;Creatura corporea
Corpse;Cadavere
Corrupt Lizardman;Uomo Lucertola Corrotto
Corrupt Lizardman (hard);Uomo Lucertola Corrotto (difficile)
Corrupted Bat;Pipistrello corrotto
Corrupted Bear;Orso corrotto
Corrupted Dark Beast;Bestia oscura corrotta
Corrupted Dragon;Drago corrotto
Corrupted Hunllef;Hunllef corrotto
Corrupted Rat;Ratto corrotto
Corrupted Scorpion;Scorpione corrotto
Corrupted Spider;Ragno corrotto
Corrupted Unicorn;Unicorno corrotto
Corrupted Wolf;Lupo corrotto
Corrupted Youngllef;Youngllef corrotto
Corrupted scavenger;Spazzino corrotto
Corsair Traitor;Corsaro traditore
Corsair Traitor (hard);Corsaro Traditore (difficile)
Cosmic Being;Essere cosmico
Council workman;Operaio del Consiglio
Councillor Andrews;Consigliere Andrews
Councillor Halgrive;Consigliere Halgrive
Councillor Orson;Il consigliere Orson
Councillor Unkar;Consigliere Unkar
Count Check;Controllo del conteggio
Count Draynor;Conte Draynor
Count Draynor (hard);Conte Draynor (difficile)
Court judge;Giudice della Corte
Cow;Mucca
Cow (hard);Mucca (difficile)
Cow calf;Vitello di mucca
Cow31337Killer;Mucca31337Killer
Cowardly Bandit;Bandito codardo
Crab;Granchio
Crafting tutor;Tutor di lavorazione
Crate;Cassa
Crate goblin;Folletto della cassa
Crawling Hand;Mano strisciante
Crawling hand;Mano che striscia
Crazy archaeologist;Archeologo pazzo
Creakyknees;Ginocchia scricchiolanti
Crefydd;Crefydd
Crimson swift;Rapido cremisi
Crimsonette van Marr;Crimsonette van Marr
Crocodile;Coccodrillo
Crondis;Crondis
Crone;Vecchia
Crow;Corvo
Crunchy;Croccante
Crusher;Frantoio
Crushing hand;Mano schiacciante
Crust of ice;Crosta di ghiaccio
Crypt rat;Ratto della cripta
Crypt spider;Ragno della cripta
Crystal impling;Impacco in cristallo
Crystalline Bat;Pipistrello cristallino
Crystalline Bear;Orso Cristallino
Crystalline Dark Beast;Bestia Oscura Cristallina
Crystalline Dragon;Drago Cristallino
Crystalline Hunllef;Hunllef cristallino
Crystalline Rat;Ratto Cristallino
Crystalline Scorpion;Scorpione cristallino
Crystalline Spider;Ragno cristallino
Crystalline Unicorn;Unicorno cristallino
Crystalline Wolf;Lupo cristallino
Cuffs;Polsini
Culinaromancer;Culinaromancer
Culinaromancer (hard);Culinaromancer (difficile)
Curator Haig Halen;Curatore Haig Halen
Curly;Riccio
Curpile Fyod;Il Curpile Fyod
Curufin;Curufin
Customer;Cliente
Customs officer;Ufficiale doganale
Cute creature;Creatura carina
Cyclops;Ciclope
Cyreg Paddlehorn;Cyreg Paddlehorn
Cyrisus;Ciriso
Da Vinci;Da Vinci
Dad;Papà
Dad (hard);Papà (difficile)
Daer Krand;Daer Krand
Daero;Daero
Daga;Daga
Dagannoth;Dagannoth
Dagannoth Prime;Dagannoth Primo
Dagannoth Prime Jr.;Dagannoth Prime Jr.
Dagannoth Rex;Dagannoth Rex
Dagannoth Rex Jr.;Dagannoth Rex Jr.
Dagannoth Supreme;Dagannoth Supremo
Dagannoth Supreme Jr.;Dagannoth Supremo Jr.
Dagannoth fledgeling;Dagannoth novellino
Dagannoth mother;Madre Dagannoth
Dagannoth mother (hard);Madre Dagannoth (difficile)
Dagannoth spawn;Progenie di Dagannoth
Dakh'thoulan Aegis;L'egida di Dakh'thulan
Dalal;Dalal
Dalcian Fang (easy);Zanna di Dalcia (facile)
Dalila;Dalila
Dallas Jones;Dallas Jones
Dalldav;Dalldav
Damaged clay golem;Golem di argilla danneggiato
Damien Leucurte;Damien Leucurte
Damis;Damis
Damis (hard);Damis (difficile)
Dampe;Smorzare
Damwin;Damwin
Dantaera;Dantaera
Darcor quo Narga;Darcor quo Narga
Dark Ankou;Ankou scuro
Dark Core;Nucleo oscuro
Dark Mage;Mago Oscuro
Dark Squirrel;Scoiattolo oscuro
Dark beast;Bestia oscura
Dark core;Nucleo oscuro
Dark energy core;Nucleo di energia oscura
Dark kebbit;Kebbit scuro
Dark mage;Mago oscuro
Dark warrior;Guerriero oscuro
Dark wizard;Mago oscuro
Darkmeyer Slave;Schiavo Darkmeyer
Darren;Darren
Dartog;Dartog
Darve;Darve
Daryl;Daryl
Dashing kebbit;Kebbit accattivante
Dave;Dave
Davey;Davey
David;Davide
David Andrews;David Andrews
Davon;Davon
Dawn;Alba
Dead Monk;Monaco morto
Dead swamp snake;Serpente di palude morto
Deadly red spider;Ragno rosso mortale
Death;Morte
Death spawn;Progenie della morte
Death wing;Ala della morte
Deathly mage;Mago mortale
Deathly ranger;Ranger mortale
Debra;Debora
Defiler;Contaminatore
Del-Monty;Del-Monty
Delrith;Delrith
Demon;Demone
Demon butler;Maggiordomo demone
Demonic gorilla;Gorilla demoniaco
Denadu;Denadu
Denath;Denath
Denulth;Denulth
Deranged archaeologist;Archeologo squilibrato
Derni;Derni
Dernu;Dernu
Derrik;Derrick
Derse Venator;Derse Venator
Derwen;Derwen
Desert Lizard;Lucertola del deserto
Desert Phoenix;La Fenice del deserto
Desert Spirit;Spirito del deserto
Desert Wolf;Lupo del deserto
Desert eagle;Aquila del deserto
Desert snake;Serpente del deserto
Desmodus Lasiurus;Desmodus Lasiurus
Despoina Callidra;Despoina Callidra
Dessourt;Dessert
Dessourt (hard);Dessert (duro)
Dessous;Dessus
Dessous (hard);Dessous (duro)
Devan Rutter;Devan Rutter
Deviant spectre;Spettro deviante
Devin Mendelberg;Devin Mendelberg
Dharok the Wretched;Dharok il Disgraziato
Diana;Diana
Diango;Diango
Dig Site workman;Operaio del sito di scavo
Digsite workman;Operaio di scavo
Dimintheis;Dimintheis
Diol;Diolo
Diphylla Bechstein;Diphylla Bechstein
Dire Wolf;Lupo terribile
Disciple of Iban;Discepolo di Iban
Disciple of Yama;Discepolo di Yama
Dobwinkle;Dobwinkle
Dock worker;Lavoratore portuale
Dockmaster;Capitano di porto
Doctor Orbon;Dottor Orbon
Dodgy Squire;Scudiero losco
Dog;Cane
Doll;Bambola
Dominic Onion;Domenico Cipolla
Dommik;Dommik
Don;Assistente
Don't Know What;Non so cosa
Donal;Donale
Dondakan the Dwarf;Dondakan il nano
Donie;Donie
Donny the lad;Donny il ragazzo
Donovan the Family Handyman;Donovan il tuttofare di famiglia
Doomion;Destino
Doomsayer;Profeta di sventura
Door;Porta
Door man;L'uomo della porta
Door-support;Supporto per porta
Doric;dorico
Doris;Doris
Double agent;Doppio agente
Doug Deeping;Doug Deeping
Doyen;Decano
Dr Fenkenstrain;Dottor Fenkenstrain
Dr Ford;Dottor Ford
Dr Harlow;Dottor Harlow
Dr Jekyll;Dottor Jekill
Draconis Sanguine;Draconis Sanguine
Dragon display;Visualizzazione del drago
Dragon impling;Implicare il drago
Dragonkin;Dragonkin
Drain pipe;Tubo di scarico
Drake;Drake
Drasdan Ranor;Drasdan Ranor
Draul Leptoc;Draul Leptoc
Dreven;Dreven
Drew;Ha disegnato
Drezel;Drezel
Driftwood;Legni alla deriva
Drill Sergeant;Sergente istruttore
Droalak;Droalak
Drogo dwarf;Il nano Drogo
Dromund;Dromund
Dromund's cat;Il gatto di Dromund
Dron;Drone
Druid;druido
Drunken Ali;Alì ubriaco
Drunken Dwarf;Nano ubriaco
Drunken Dwarf's Leg;Gamba del nano ubriaco
Drunken man;Uomo ubriaco
Drunken soldier;Soldato ubriaco
Dryad;Driade
Duck;Anatra
Duckling;Anatroccolo
Ducklings;Anatroccoli
Dugopul;Dugopul
Duke;Duca
Duke Horacio;Duca Orazio
Dummy;Manichino
Dumpy;Sporco
Dunce;Somaro
Dung;Letame
Dungeon rat;Ratto della prigione
Dunstan;Dunstan
Duradel;Duradel
Durgok;Durgok
Dusk;Crepuscolo
Dust devil;Diavolo della polvere
Dusty Aliv;Aliv polveroso
Dusuri;Dusuri
Dwarf;Nano
Dwarf gang member;Membro di una banda di nani
Dwarven Boatman;Barcaiolo nanico
Dwarven Engineer;Ingegnere nanico
Dwarven Ferryman;Traghettatore nanico
Dwarven Miner;Minatore nanico
Eadburg;Edburg
Eadgar;Eadgar
Eagle;Aquila
Earth Warrior Champion;Campione Guerriero della Terra
Earth elemental;Elementale della terra
Earth impling;Implicamento della Terra
Earth warrior;Guerriero della Terra
Earth wizard;Mago della Terra
Earwen;Earwen
Eblis;Eblis
Echned Zekin;Echned Zekin
Eclectic impling;Implicazione eclettica
Ed;Ed
Ed Wood;Ed Wood
Edmond;Edmond
Edrahil;Edrahil
Eduard;Edoardo
Edward;Edoardo
Eebel;Eebel
Eek;Eeeek!!!
Efa;Efa
Effigy;Effigie
Egg;Uovo
Egg launcher;Lanciatore di uova
Einar;Einar
Eira;Eira
Ek'ans Chan;Ek'ans Chan
Ektheme;Ektheme
Eldalote;Eldalote
Elder Chaos druid;Druido anziano del Caos
Elder Gnome child;Anziano Gnomo bambino
Elder Guard;Guardia Anziana
Elderly Elf;Elfo anziano
Eldgrim;Eldgrim
Elemental balance;Equilibrio elementare
Elemental rock;Roccia elementare
Elena;Elena
Elena Hosidius;Elena Osidio
Elenwe;Elewe
Elf Archer;Elfo Arciere
Elf Hermit;Elfo Eremita
Elf Tracker;Elfo inseguitore
Elf Warrior;Elfo Guerriero
Elfinlocks;Elfinlocks
Elgan;Elgan
Elijah;Elia
Elisabeta;Elisabetta
Elise;Elisa
Elissa;Elissa
Elite Void Knight;Cavaliere del Vuoto d'élite
Elizabeth;Elisabetta
Elkoy;Elkoy
Elladan;Elladan
Ellen;Elena
Ellena;Elena
Ellie;Ellie
Ellis;Ellis
Elly the Camel;Elly il cammello
Elnock Inquisitor;Inquisitore Elnock
Elsie;Elsie
Elstan;Elstan
Eluned;Eluned
Elvarg;Elvarg
Elvarg (hard);Elvarg (difficile)
Elven Scout;Esploratore elfico
Embalmer;Imbalsamatore
Emblem Trader;Commerciante di emblemi
Emerald Benedict;Benedetto Smeraldo
Emilia;Emilia
Emily;Emily
Enakhra;Enakhra
Enchanted Broom;Scopa Incantata
Enchanted Bucket;Secchio Incantato
Enchantment Guardian;Guardiano degli incantesimi
Enclave guard;Guardia dell'enclave
Enel;Enel
Enelye;Enelye
Enerdhil;Enerdhil
Energy focus (blue);Focalizzazione energetica (blu)
Energy focus (green);Focus energetico (verde)
Energy focus (red);Focalizzazione energetica (rosso)
Energy focus (white);Focalizzazione energetica (bianco)
Energy sprite;Spirito energetico
Engineer;Ingegnere
Engineering assistant;Assistente di ingegneria
Enilly;Enilly
Eniola;Eniola
Enoch;Enoch
Enormous Tentacle;Tentacolo enorme
Enraged Tektiny;Tektiny infuriato
Enraged barbarian spirit;Spirito barbaro infuriato
Ent;Ent
Entomologist;Entomologo
Entrana firebird;Entrana uccello di fuoco
Entrance Guardian;Guardiano dell'ingresso
Eodan;Eodan
Eohric;Eohric
Eoin;Eoin
Episcula Helsing;Episcula Helsing
Erdan;Erdan
Erestor;Erestore
Eric;Eric
Ermin;Erminio
Ernest;Ernesto
Erodoeht;Erodoeht
Escaping slave;Schiavo in fuga
Essence impling;Implicazione dell'essenza
Essyllt;Essenzialmente
Essyllt (hard);Essellt (difficile)
Estate agent;Agente immobiliare
Esther;Ester
Ethereal Expert;Esperto Etereo
Ethereal Fluke;Fluke etereo
Ethereal Guide;Guida eterea
Ethereal Lady;Signora eterea
Ethereal Man;L'uomo etereo
Ethereal Mimic;Mimica Eterea
Ethereal Numerator;Numeratore etereo
Ethereal Perceptive;Etereo Percettivo
Eudav;Eudav
Eve;Vigilia
Evil Bob;Il cattivo Bob
Evil Chicken;Pollo malvagio
Evil Chicken (hard);Pollo malvagio (difficile)
Evil Dave;Il malvagio Dave
Evil creature;Creatura malvagia
Evil spirit;Spirito maligno
Ewesey;Ewesey
Examiner;Esaminatore
Executioner;Boia
Experiment;Sperimentare
Experiment No.2;Esperimento n.2
Ezekial Lovecraft;Ezechiele Lovecraft
Factory Manager;Direttore di fabbrica
Factory Worker;Operaio di fabbrica
Fadli;Fadli
Fairy;Fata
Fairy Aeryka;Fata Aeryka
Fairy Fixit;Fata Aggiusta
Fairy Godfather;Fata Padrino
Fairy Nuff;Fata Basta
Fairy Queen;Regina delle fate
Fairy Very Wise;Fata molto saggia
Fairy chef;Cuoco delle fate
Fairy shop assistant;Commessa del negozio di fate
Fairy shop keeper;Negoziante delle fate
Fake Man;Uomo falso
Fallen Man;Uomo caduto
Falo the Bard;Falo il Bardo
Fancy Dan;Fantasia Dan
Fanellaman;Fanellaman
Fareed;Fatto
Fareed (hard);Fareed (difficile)
Farid Morrisane (ores and bars);Farid Morrisane (minerali e lingotti)
Farmer;Contadino
Farmer Brumty;Il contadino Brumty
Farmer Fromund;Contadino Fromund
Farmer Gricoller;Agricoltore Gricoller
Farmer Hayfield;Il contadino Hayfield
Farmer's wife;La moglie del contadino
Farolt;Farolt
Fat Rocco;Rocco Grasso
Fat Tony;Tony grasso
Father Aereck;Padre Aereck
Father Badden;Padre Badden
Father Eysseric;Padre Eysseric
Father Jean;Padre Jean
Father Lawrence;Padre Lorenzo
Father Reen;Padre Reen
Father Urhney;Padre Urhney
Fayeth;Fayeth
Feanor;Fëanor
Fear reaper;Mietitore di paura
Felfiz Yaryus;Felfiz Yaryus
Felkrash;Felkrash
Female slave;Schiava
Femi;Femi
Fenkenstrain's Monster;Il mostro di Fenkenstrain
Feral Vampyre;Vampiro Feroce
Ferd;Ferd
Fernahei;Fernahei
Ferocious barbarian spirit;Feroce spirito barbaro
Ferox;Ferox
Ferret;Furetto
Ferryman Nathwood;Traghettatore Nathwood
Ferryman Sathwood;Traghettatore Sathwood
Fever spider;Ragno della febbre
Ffoni;Ffoni
Fidelio;Fedelio
Fightslave;Combatti schiavo
Filamina;Filamina
Filliman Tarlock;Filiman Tarlock
Financial Seer;Veggente finanziario
Financial Wizard;Mago finanziario
Finarfin;Finarfin
Findis;Trova
Finduilas;Finduilas
Fingolfin;Fingolfin
Fingon;Fingon
Finn;finlandese
Fionella;Fionella
Fior;Fior
Fire Warrior of Lesarkus;Guerriero del fuoco di Lesarkus
Fire elemental;Elementale del fuoco
Fire giant;Gigante del fuoco
Fire wizard;Mago del fuoco
First Mate Deri;Primo ufficiale Deri
First Mate Peri;Primo Ufficiale Peri
First mate 'Davey-boy';Primo ufficiale 'Davey-boy'
Fish;Pescare
Fish monger;Pescivendolo
Fish shoal;Banco di pesci
Fishbowl;Acquario
Fisherman;Pescatore
Fisherman Frodi;Pescatore Frodi
Fishing spot;Luogo di pesca
Fishing tutor;Tutor di pesca
Fishmonger;Pescivendolo
Fiyr Shade;Fiyr Ombra
Fiyr Shadow;Fiyr Ombra
Flambeed;Flambé
Flambeed (hard);Flambeed (difficile)
Flaming pyrelord;Signore del Piro Fiammeggiante
Flawed Golem;Golem imperfetto
Flax keeper;Custode del lino
Flaygian Screwte;Flaygian Screwte
Flesh Crawler;Strisciatore di carne
Flies;Mosche
Flight Kilisa;Volo Kilisa
Flippa;Flippa
Flockleader Geerin;Capo Stormo Geerin
Floki;Floki
Florin;Fiorino
Flosi Dalksson;Flosi Dalksson
Flower;Fiore
Flower Girl;Ragazza dei fiori
Fly trap;Trappola per mosche
Flying Book;Libro volante
Flying Vespina;Vespina volante
Flying female vampire;Vampiro volante
Flynn;Flynn
Foreman;Caposquadra
Forester;Guardaboschi
Forester (hard);Forester (difficile)
Forgotten Soul;Anima dimenticata
Former Vampyre;Ex vampiro
Fornek quo Maten;Fornek quo Maten
Fortress Guard;Guardia della fortezza
Fortunato;Fortunato
Fossegrimen;Fossegrimen
Fossil Collector;Collezionista di fossili
Fossil Rock;Roccia fossile
Fox;Volpe
Fragment of Seren;Frammento di Seren
Francis;Francesco
Francois;François
Frank;Franco
Frankie;Frankie
Franklin Caranos;Franklin Caranos
Freaky Forester;Strano guardaboschi
Freald;Freddo
Fred the Farmer;Fred il contadino
Freidir;Freidir
Freja;Freja
Fremennik Warrior;Guerriero Fremennik
Frenita;Frenita
Freygerd;Freygerd
Fridgeir;Frigorir
Fridleif Shieldson;Fridleif Shieldson
Frincos;Frincos
Fritz the Glassblower;Fritz il soffiatore di vetro
Frizzy Skernip;Skernip crespo
Frog;Rana
Frog prince;Principe ranocchio
Frog princess;Principessa rana
Frogeel;Frogeel
Froono;Frono
Fuggy;Fuggito
Fullangr;Fullangr
Fungi;Funghi
Fur trader;Commerciante di pellicce
Furnace grate;Griglia del forno
Fycie;Per tua informazione
Fyiona Fray (easy);Fyiona Fray (facile)
G.L.O. Caranock;G.L.O. Caranock
GPDT employee;Dipendente GPDT
Gabooty;Gabooty
Gabriela;Gabriela
Gadderanks;Gadderranks
Gadrin;Gadrin
Gaius;Gaio
Galahad;Galahad
Galana;Galana
Galathil;Galathil
Galina;Galina
Gallow;Forca
Galvek;Galvek
Gamer;Giocatore
Gamfred;Gamfred
Gang boss;Capo della banda
Gangster;Gangster
Garai;Garai
Garbek quo Maten;Garbek quo Maten
Garden supplier;Fornitore di giardini
Gardener;Giardiniere
Gardener Ghost;Fantasma del giardiniere
Gardener Gunnhild;Il giardiniere Gunnhild
Gardener Jay Jr.;Il giardiniere Jay Jr.
Gargh;Gargh
Gargoyle;Gargoyle
Garkor;Garkor
Garl;Garl
Garth;Gart
Garv;Garv
Gate of War;Porta della Guerra
Gatekeeper;Guardiano
Gauss;Gauss
Gee;Cavolo
Gelatinnoth Mother;Madre Gelatinnoth
Gelatinnoth Mother (hard);Gelatinnoth Madre (difficile)
Gelin;Gelino
Gelmir;Gelmir
Gem;Gemma
Gem merchant;Mercante di gemme
Gem trader;Commerciante di gemme
Gene;Gene
General Babacus;Generale Babaco
General Bentnoze;Generale Bentnoze
General Graardor;Generale Graardor
General Graardor Jr.;Generale Graardor Jr.
General Hining;Generale Hining
General Khazard;Generale Khazard
General Kilian;Generale Kilian
General Salara;Generale Salara
General Vir;Generale Vir
General Wartface;Generale Wartface
Generic Diplomat;Diplomatico generico
Genie;Genio
George Laxmeister;George Laxmeister
Georgy;Georgy
Gerald;Gerardo
Gerrant;Gerrante
Gertrude;Gertrude
Gertrude's cat;Il gatto di Gertrude
Gethin;Gethin
Ghaslor the Elder;Ghaslor il Vecchio
Ghast;Orribile
Ghommal;Ghommal
Ghost;Fantasma
Ghost (?);Fantasma (?)
Ghost banker;Banchiere fantasma
Ghost captain;Capitano fantasma
Ghost disciple;Discepolo fantasma
Ghost farmer;Coltivatore fantasma
Ghost guard;Guardia fantasma
Ghost innkeeper;Locandiere fantasma
Ghost sailor;Marinaio fantasma
Ghost shopkeeper;Negoziante fantasma
Ghost villager;Abitante del villaggio fantasma
Ghoul;Ghoul
Ghoul Champion;Campione dei Ghoul
Gianne jnr.;Gianne jr.
Giant;Gigante
Giant Champion;Campione gigante
Giant Lobster;Aragosta gigante
Giant Mole;Talpa gigante
Giant Roc;Rocco gigante
Giant Roc (hard);Roc Gigante (difficile)
Giant Rock Crab;Granchio gigante della roccia
Giant Sea Snake;Serpente marino gigante
Giant Squirrel;Scoiattolo gigante
Giant bat;Pipistrello gigante
Giant crypt rat;Ratto gigante della cripta
Giant crypt spider;Ragno gigante della cripta
Giant frog;Rana gigante
Giant lobster;Aragosta gigante
Giant mosquito;Zanzara gigante
Giant rat;Ratto gigante
Giant rockslug;Lumaca gigante
Giant scarab;Scarabeo gigante
Giant scarab (hard);Scarabeo gigante (difficile)
Giant skeleton;Scheletro gigante
Giant snail;Lumaca gigante
Giant spider;Ragno gigante
Gielinor Guide;Guida Gielinor
Giles;Giles
Gileth;Gileth
Gillie Groats;Gillie Groats
Giral bat;Pipistrello girale
Gita Prymes;Gita Prymes
Gladiator;Gladiatore
Glenda;Glenda
Glod;Dio
Glod (hard);Glod (difficile)
Glorfindel;Glorfindel
Glough;Glough
Glouphrie the Untrusted;Glouphrie l'Inaffidabile
Gnocci the Cook;Gnocci il cuoco
Gnome;Gnomo
Gnome Archer;Gnomo Arciere
Gnome Coach;Gnomo Allenatore
Gnome Driver;Gnomo Driver
Gnome Mage;Gnomo Mago
Gnome Waiter;Gnomo cameriere
Gnome ball referee;Arbitro di palla gnomo
Gnome baller;Gnomo ballerino
Gnome banker;Gnomo banchiere
Gnome child;Bambino gnomo
Gnome companion;Compagno gnomo
Gnome emissary;Emissario degli Gnomi
Gnome guard;Gnomo guardiano
Gnome shop keeper;Gnomo negoziante
Gnome soldier;Gnomo soldato
Gnome trainer;Addestratore di gnomi
Gnome traveller;Gnomo viaggiatore
Gnome troop;Truppa di gnomi
Gnome winger;Ala gnomica
Gnome woman;Gnoma donna
Gnormadium Avlafrim;Gnormadium Avlafrim
Gnosi;Gnosi
Goat;Capra
Goat Poo;Cacca di capra
Goblin;Goblin
Goblin Champion;Campione Goblin
Goblin Cook;Cuoco Goblin
Goblin fish;Pesce goblin
Goblin guard;Guardia goblin
Goblin scribe;Scriba goblin
Godric;Godric
Gold ore;Minerale d'oro
Golden sheep;Pecora d'oro
Golden warbler;Beccaccia dorata
Golem;Golem
Golova;Golova
Golrie;Golrie
Gorad;Gorad
Gorak;Gorak
Gordon;Gordon
Goreu;Goreu
Gorhak quo Narga;Gorhak quo Narga
Gorilla;Gorilla
Gossip;Pettegolezzo
Gourmet;Buongustaio
Gourmet impling;Impieghi gourmet
Grace;Adornare
Grail Maiden;Fanciulla del Graal
Grand Exchange Clerk;Impiegato del Grande Cambio
Grandpa Jack;Nonno Jack
Grave;Grave
Grave digger;Scavatore di tombe
Grave scorpion;Scorpione grave
Graveyard Guardian;Guardiano del cimitero
Gravingas;Gravingas
Greasycheeks;Guance unte
Great Olm;Grande Olm
Great Olm (Left claw);Olmo Grande (artiglio sinistro)
Great Olm (Right claw);Olmo Grande (artiglio destro)
Great blue heron;Airone blu maggiore
Greater Nechryael;Necriael Maggiore
Greater Skeleton Hellhound;Scheletro Maggiore del Segugio Infernale
Greater abyssal demon;Demone abissale maggiore
Greater demon;Demone maggiore
Greater ghostly thrall;Maggiore schiavitù spettrale
Greater skeletal thrall;Maggiore schiavitù scheletrica
Greater zombified thrall;Schiavitù zombificata maggiore
Green Gemstone Director;Direttore della Gemma Verde
Green Gemstone Secretary;Segretario della pietra preziosa verde
Green Sheep;Pecora Verde
Green dragon;Drago verde
Green fireflies;Lucciole verdi
Greengrocer;Fruttivendolo
Greldo;Greldo
Grew;Cresciuto
Grey golem;Golem grigio
Grigor Rasputin;Grigor Rasputin
Grigore;Gregorio
Grimesquit;Grimesquit
Grimgnash;Grimgnash
Grinka Krast;Grinka Krast
Grip;Presa
Grish;Grish
Grizzly bear;Orso grizzly
Grizzly bear cub;Cucciolo di orso grizzly
Growler;Growler
Growthling;Crescente
Grubfoot;Grubfoot
Grubor;Grubor
Gruff McScruff;Il burbero McScruff
Grug;Grug
Gruh;Gruh
Grum;Grum
Grundt;Grundt
Grunsh;Grunsh
Gruva Patrull;Gruva Patrull
Guanic bat;Pipistrello guanico
Guard;Guardia
Guard Bandit;Bandito della guardia
Guard Captain;Capitano della Guardia
Guard Recruiter;Reclutatore della guardia
Guard Vemmeldo;Guardia Vemmeldo
Guard dog;Cane da guardia
Guardian Drake;Guardiano Drake
Guardian mummy;Mummia guardiana
Guardian of Armadyl;Guardiano di Armadyl
Guidor;Guidor
Guildmaster;Maestro della gilda
Guildmaster Jane;Il maestro della gilda Jane
Guildmaster Lars;Il maestro della gilda Lars
Guilin;Guilin
Guinevere;Ginevra
Gujuo;Gujuo
Gull;Gabbiano
Gulldamar;Gulldamar
Gulluck;Gulluck
Gundai;Gundai
Gundik;Gundik
Gunnar Holdstrom;Gunnar Holdstrom
Gunnjorn;Gunnjorn
Gunslik;Gunslik
Gunthor the brave;Gunthor il coraggioso
Guthan the Infested;Guthan l'Infestato
Gwallter;Gwallter
Gwerin Hapus;Gwerin Hapus
Gwindor;Gwindor
Gwyl;Gwyl
Gwyn;Gwyn
Gypsy;Zingaro
Gypsy Aris;Aris zingaro
Gyr Falcon;Gyr Falcon
H.A.M. Archer;PROSCIUTTO. Arciere
H.A.M. Deacon;PROSCIUTTO. Diacono
H.A.M. Guard;PROSCIUTTO. Guardia
H.A.M. Mage;PROSCIUTTO. Mago
H.A.M. Member;PROSCIUTTO. Membro
HAM member;Membro dell'HAM
HRH Hrafn;HRH Hrafn
Habibah;Habibah
Hadley;Hadley
Haemas Lamescus;Haemas Lamescus
Haera;Haera
Hafuba;Hafuba
Hairdresser;Parrucchiere
Hajedy;Hajedy
Haldor quo Keran;Haldor quo Keran
Half-Zombie;Mezzo zombie
Half-soulless;Mezza senz'anima
Halla;Ciao
Hallak;Hallak
Hamab;Hamab
Hamal the Chieftain;Hamal il capo
Hameln the Jester;Hameln il giullare
Hamid;Hamid
Haming;Haming
Hammerspike Stoutbeard;Barbaforte Hammerspike
Hanchen the Hound;Hanchen il Mastino
Hangman game;Gioco dell'impiccato
Hans;Hans
Hari;Hari
Haris;Haris
Harold;Harold
Harold Evans;Harold Evans
Harpert;Harpert
Harpie Bug Swarm;Sciame di insetti arpie
Harrallak Menarous;Harrallak Menaroso
Harry;Harry
Haskell;Haskell
Hassan;Hassan
Hatius Cosaintus;Hazio Cosainto
Haze;Foschia
Hazeel;Hazeel
Hazeel Cultist;Cultista di Hazeel
Hazelmere;Hazelmere
Head;Testa
Head Guard;Capo Guardia
Head Mourner;Capo in lutto
Head Thief;Capo ladro
Head chef;Capocuoco
Headless Beast;Bestia senza testa
Headless Beast (hard);Bestia senza testa (difficile)
Healthorg and tortoise;Healthorg e tartaruga
Heckel Funch;Heckel Funch
Hegir;Hegir
Helemos;Helemos
Helena;Elena
Helga;Helga
Hell-Rat;Ratto infernale
Hell-Rat Behemoth;Behemoth Ratto Infernale
Hell-kitten;Gattino infernale
Hellcat;Gatto infernale
Hellhound;Segugio infernale
Hellpuppy;Hellpuppy
Hendor;Hendor
Hengel;Hengel
Hengrad;Hengrad
Henja;Henja
Henryeta Carnillean;Henryeta Carnillean
Herbi;Herbi
Herbiboar;Cinghiale erbaceo
Herman Caranos;Herman Caranos
Hero;Eroe
Heron;Airone
Herquin;Herquin
Hervi;Hervi
Heskel;Heskel
Hespori;Hespori
Het;Ehi
Hetty;Hetty
Hewey;Ehi
Hickton;Hickton
Hieve;Alveare
High Priest;Sommo Sacerdote
High Priestess Zul-Harcinqa;Alta Sacerdotessa Zul-Harcinqa
Highwayman;Bandito
Hild;Hild
Hill Giant;Gigante della collina
Hirko;Hirko
Historian Duffy;Lo storico Duffy
Historian Minas;Lo storico Minas
Hiylik Myna;Hiylik Myna
Hobbes;Hobbes
Hobgoblin;Hobgoblin
Hobgoblin Champion;Campione Hobgoblin
Hofuthand (weapons and armour);Hofuthand (armi e armature)
Hole in the wall;Buco nel muro
Holgart;Holgart
Holoy;Santo cielo
Holthion;Holtion
Homunculus;Omuncolo
Honest Jimmy;Onesto Jimmy
Honour guard;Guardia d'onore
Hooded Figure;Figura incappucciata
Hooknosed Jack;Jack dal naso adunco
Hoop Snake;Serpente a cerchio
Hopeless beast;Bestia senza speranza
Hopeless creature;Creatura senza speranza
Hopleez;Hopleez
Hops;Luppolo
Horace;Orazio
Horacio;Orazio
Horned graahk;Graahk cornuto
Horphis;Horphis
Horvik;Horvik
Hosa;Hosa
House;Casa
Hring Hring;Hring Hring
Hudo;Hudo
Hudon;Hudon
Huge spider;Ragno enorme
Hugor;Ugor
Hunding;Hunding
Hunting expert;Esperto di caccia
Hura;Hura
Husk;Buccia
Hydra;Idra
Hygd;Hygd
Ian;Ian
Iban;Iban
Ice Queen;Regina dei ghiacci
Ice Troll;Troll dei ghiacci
Ice Troll King;Re dei Troll dei Ghiacci
Ice Troll King (hard);Re dei Troll di Ghiaccio (difficile)
Ice block;Blocco di ghiaccio
Ice demon;Demone del ghiaccio
Ice giant;Gigante del ghiaccio
Ice spider;Ragno di ghiaccio
Ice troll;Troll del ghiaccio
Ice troll female;Femmina di troll dei ghiacci
Ice troll grunt;Grugnito del troll dei ghiacci
Ice troll male;Troll dei ghiacci maschio
Ice troll runt;Un troll dei ghiacci
Ice warrior;Guerriero del ghiaccio
Ice wolf;Lupo di ghiaccio
Iceberg;Iceberg
Icefiend;Demone del ghiaccio
Icelord;Signore del ghiaccio
Icicle;Ghiacciolo
Icthlarin;Ictlarin
Idril;Idril
Idris;Idris
Iestin;Iestin
Ifaba;Ifaba
Iffie;Iffie
Ignatius Vulcan;Ignazio Vulcano
Ignisia;Ignisia
Ikkle Hydra;Niente Idra
Ileana;Ileana
Ilfeen;Ilfeen
Ima;Sono
Imerominia;Imerominia
Imiago;Imiago
Imin;Imin
Iminye;Iminye
Immenizz;Immenizz
Imp;Imp
Imp Champion;Campione Imp
Imp defender;Difensore Imp
Imre;Imre
Incapacitated Pyromancer;Piromante incapace
Indis;Indis
Infernal Mage;Mago Infernale
Infernal pyrelord;Signore dei Pire infernali
Information clerk;Addetto alle informazioni
Inga;Inga
Ingrid;Ingrid
Ingrid Hradson;Ingrid Hradson
Ingwe;Ingwe
Ingwion;Ingwion
Inn Keeper;Guardiano della locanda
Innocent-looking key;Chiave dall'aspetto innocente
Insatiable Bloodveld;L'insaziabile Bloodveld
Insatiable mutated Bloodveld;L'insaziabile mutante Bloodveld
Invrigar the Necromancer;Invrigar il Negromante
Iona;Iona
Iorwerth Archer;Iorwerth Arciere
Iorwerth Warrior;Guerriero Iorwerth
Irena;Irena
Irene;Irene
Irina;Irina
Irksol;Irksol
Iron Man tutor;Tutore di Iron Man
Iron dragon;Drago di ferro
Iron ore;Minerale di ferro
Iron pickaxe;Piccone di ferro
Irvig Senay;Irvig Senay
Irwin Feaselbaum;Irwin Feaselbaum
Ish the Navigator;Ish il Navigatore
Ishmael;Ismaele
Islwyn;Islwyn
Istoria;Istoria
Ithoi the Navigator;Ithoi il Navigatore
Ivan;Ivan
Ivan Strom;Ivan Strom
Iwan;Ivan
Iwazaru;Iwazaru
Jack;Jack
Jack Sails;Jack Vele
Jack Seagull;Jack Gabbiano
Jackal;Sciacallo
Jacky Jester;Jacky Giullare
Jade;Giada
Jadid;Jadid
Jagbakoba;Jagbakoba
Jail guard;Guardia carceraria
Jailer;Carceriere
Jake;Jake
Jal-Ak;Jal-Ak
Jal-AkRek-Ket;Jal-AkRek-Ket
Jal-AkRek-Mej;Jal-AkRek-Mej
Jal-AkRek-Xil;Jal-AkRek-Xil
Jal-ImKot;Jal-ImKot
Jal-MejJak;Jal-MejJak
Jal-MejRah;Jal-MejRah
Jal-Nib;Jal-Nib
Jal-Nib-Rek;Jal-Nib-Rek
Jal-Xil;Jal-Xil
Jal-Zek;Jal-Zek
JalRek-Jad;JalRek-Jad
JalTok-Jad;JalTok-Jad
James;Giacomo
Jamila;Jamila
Jaraah;Jaraah
Jardric;Jardric
Jari;Jari
Jarr;Jarr
Jarvald;Jarvald
Jatix;Jatix
Jayene Kliyn (medium);Jayene Kliyn (media)
Jeb;Jeb
Jeed;Cavolo
Jeff;Jeff
Jelly;Gelatina
Jennella;Jennella
Jennifer;Jennifer
Jenny Blade;Jenny Lama
Jeremy Clerksin;Jeremy Clerksin
Jerico;Jerico
Jess;Jess
Jessie;Jessie
Jethick;Jethick
Jewelled Crab;Granchio ingioiellato
Jewelled Crab (blue);Granchio ingioiellato (blu)
Jewelled Crab (green);Granchio ingioiellato (verde)
Jewelled Crab (red);Granchio ingioiellato (rosso)
Jex;Jex
Jig cart;Carrello per maschere
Jill;Jill
Jiminua;Jiminua
Jimmy;Jimmy
Jimmy Dazzler;Jimmy Abbagliante
Jimmy the Chisel;Jimmy lo scalpello
Joe;Joe
Jofridr Mordstatter;Jofridr Mordstatter
Jogre;Jogre
Jogre Champion;Campione Jogre
Johanhus Ulsbrecht;Johanhus Ulsbrecht
John;Giovanni
Johnathon;Johnathon
Jokul;Jokul
Jon;Jon
Jonathan;Jonathan
Jonny the beard;Jonny la barba
Jorra;Jorra
Jorral;Jorral
Jorzik;Jorzik
Joseph;Giuseppe
Joshua;Giosuè
Jossik;Jossik
Jubbly bird;Uccello giubbo
Jubster;Jubster
Judge of Yama;Giudice di Yama
Jukat;Jukat
Julie;Giulia
Juliet;Giulietta
Jumaane;Jumaane
Juna;Juna
Jungle Demon;Demone della giungla
Jungle Demon (hard);Demone della giungla (difficile)
Jungle Wolf;Lupo della giungla
Jungle eagle;Aquila della giungla
Jungle forester;Guardaboschi della giungla
Jungle horror;Orrore nella giungla
Jungle savage;Selvaggio della giungla
Jungle spider;Ragno della giungla
Junior Navigator;Navigatore Junior
Jury;Giuria
Justiciar Zachariah;Il giudice Zaccaria
Justin Servil;Giustino Servil
Justine;Giustina
Jyn;Jyn
K'klik;K'klik
K'ril Tsutsaroth;K'ril Tsutsaroth
K'ril Tsutsaroth Jr.;K'ril Tsutsaroth Jr.
KGP Agent;Agente del KGP
KGP Guard;Guardia del KGP
Kaal-Ket-Jor;Kaal-Ket-Jor
Kaal-Mej-San;Kaal-Mej-San
Kaal-Xil-Dar;Kaal-Xil-Dar
Kael Forshaw;Kael Forshaw
Kaht B'alam;Kaht B'alam
Kai;Kai
Kaleb Paramaya;Kaleb Paramaya
Kalphite Guardian;Guardiano Kalfita
Kalphite Larva;Larva Kalfitica
Kalphite Princess;Principessa Kalfita
Kalphite Queen;Regina Kalfita
Kalphite Soldier;Soldato Kalfita
Kalphite Worker;Operaio Kalfita
Kalrag;Kalrag
Kalron;Kalron
Kamen;Kamen
Kamfreena;Kamfreena
Kamil;Kamil
Kamil (hard);Kamil (difficile)
Kanel;Kanel
Kangai Mau;Kangai Mau
Kaqemeex;Kaqemeex
Karaday;Karaday
Karam;Karam
Karamel;Karamel
Karamel (hard);Karamel (difficile)
Karamthulhu;Karamthulhu
Kardia;Kardia
Karil the Tainted;Karil il corrotto
Karim;Karim
Karl;Carlo
Kaston;Kaston
Kathy Corkat;Kathy Corkat
Katrine;Katrina
Kaylee;Kaylee
Kazemde;Kazemde
Kazgar;Kazgar
Kebbit;Kebbit
Keef;Keef
Keepa Kettilon;Keepa Kettilon
Keith;Keith
Kelvin;Kelvin
Kelyn;Kelly
Kendall;Kendall
Kenelme;Kenelme
Kennith;Kennith
Kent;Kent
Ket'sal K'uk;Ketsal K'uk
Ket-Zek;Ket-Zek
Key Master;Maestro delle chiavi
Kharid Scorpion;Scorpione Kharid
Khazard Guard;Guardia Khazard
Khazard Ogre;Khazard Orco
Khazard Scorpion;Scorpione Khazard
Khazard barman;Barista Khazard
Khazard commander;Comandante Khazard
Khazard trooper;Soldato Khazard
Khazard warlord;Signore della guerra Khazard
Khazard warlord (hard);Signore della guerra Khazard (difficile)
Khorvak, a dwarven engineer;Khorvak, un ingegnere nanico
Kikazaru;Kikazaru
Killer;Killer
Killerwatt;Killerwatt
Kilron;Kilron
Kineer;Kiner
King Arthur;Re Artù
King Artur Hosidius;Re Arturo Osidio
King Awowogei;Re Awowogei
King Black Dragon;Re Drago Nero
King Bolren;Re Bolren
King Gjuki Sorvott IV;Re Gjuki Sorvott IV
King Healthorg;Re Healthorg
King Kandur Hosidius;Re Kandur Osidio
King Lathas;Re Lathas
King Narnode Shareen;Re Narnode Shareen
King Percival;Re Percival
King Roald;Re Roald
King Roald (hard);Re Roald (difficile)
King Sand Crab;Granchio reale della sabbia
King Scorpion;Re Scorpione
King Thoros;Re Thoros
King Vargas;Re Vargas
King kurask;Re Kurask
King rat;Re ratto
King's Messenger;Messaggero del Re
Kitten;Gattino
Kjedelig Uppsen;Kjedelig Uppsen
Kjut;Kjut
Klank;Klank
Klarense;Klarense
Klenter;Klenter
Knight;Cavaliere
Knight of Ardougne;Cavaliere d'Ardougne
Knight of Saradomin;Cavaliere di Saradomin
Knight of Varlamore;Cavaliere di Varlamore
Knight of the Lion;Cavaliere del Leone
Knight of the Owl;Cavaliere del Gufo
Knight of the Unicorn;Cavaliere dell'Unicorno
Knight of the Wolf;Cavaliere del Lupo
Koanee;Koanee
Kob;Kob
Koftik;Koftik
Kolodion;Kolodion
Konar quo Maten;Konar quo Maten
Konoo;Konoo
Kormar quo Maten;Kormar quo Maten
Kortan;Kortan
Koschei the Deathless;Koschei l'Immortale
Koschei the deathless;Koschei l'immortale
Kragen;Kragen
Kraka;Kraka
Kraken;Kraken
Krato;Krato
Kree'arra;Kree'arra
Kree'arra Jr.;Kree'arra Jr.
Kroy;Kroy
Kruk;Kruk
Kryket bat;Mazza Kryket
Krystilia;Kristilia
Ksenia;Ksenia
Kualti;Kualti
Kubec Unkar;Kubec Unkar
Kurask;Kurask
Kurt;Kurt
Kylie Minnow;Kylie Minnow
Lacey;Lacey
Lady Carys Hefin;Lady Carys Hefin
Lady Crombwick;Signora Crombwick
Lady Ffion Meilyr;Lady Ffion Meilyr
Lady Keli;Signora Keli
Lady Kelyn Ithell;Lady Kelyn Ithell
Lady Nadezhda Shadum;Signora Nadezhda Shadum
Lady Servil;Signora Servil
Lady Shauna Piscarilius;Lady Shauna Piscarilius
Lady Table;Signora Tavola
Lady Tangwen Trahaearn;Signora Tangwen Trahaearn
Lady Vulcana Lovakengj;Signora Vulcana Lovakengj
Lahsram;Lahsram
Lalli;Lalli
Lamb;Agnello
Lammy Langle;Lammy Langle
Lan the Butcher;Lan il macellaio
Lanthus;Lanto
Lanzig;Lanzig
Large mosquito;Grande zanzara
Large zombie monkey;Grande scimmia zombi
Larran;Larran
Larrissa;Larrissa
Larry;Larry
Larxus;Larxus
Lasenna Rasputin;Lasenna Rasputin
Lathas;Lathas
Latlink Fastbell;Latlink Fastbell
Launa;Launa
Lauretta;Lauretta
Lava beast;Bestia lavica
Lava dragon;Drago di lava
Layleen;Layleen
Lazim;Lazim
Lazy cat;Gatto pigro
Lazy hellcat;Gatto infernale pigro
Le-sabrè;Le-sabrè
Lead Navigator;Navigatore principale
Leagues Assistant;Assistente della Lega
Leagues Tutor;Tutor delle leghe
Leatherworker;Lavoratore di pelle
Lector Gura;Lettore Gura
Leech;Sanguisuga
Leech display;Visualizzazione della sanguisuga
Leela;Leela
Leenz;Leenz
Left head;Testa sinistra
Legends guard;Guardia delle leggende
Leke quo Keran;Leke quo Keran
Lenny;Lenny
Lensa;Lensa
Lenwe;Lenwe
Lenyig Karna;Lenyig Karna
Leo;Leone
Leon;Leone
Leon d'Cour;Leon di Cour
Lesser Demon Champion;Campione Demone Minore
Lesser Fanatic;Fanatico minore
Lesser demon;Demone minore
Lesser ghostly thrall;Schiavitù spettrale minore
Lesser skeletal thrall;Schiavo scheletrico minore
Lesser zombified thrall;Schiavo zombificato minore
Lev;liv
Li'l lamb;Piccolo agnello
Liam;Liam
Librarian;Bibliotecario
Lidio;Lidio
Lieutenant Schepbur;Tenente Schepbur
Lieve McCracken;Lieve McCracken
Light creature;Creatura leggera
Lil' Bloat;Piccolo gonfiore
Lil' Creator;Piccolo Creatore
Lil' Destructor;Piccolo distruttore
Lil' Maiden;Piccola fanciulla
Lil' Nylo;Il piccolo Nylo
Lil' Sot;Lil' Sot
Lil' Xarp;Il piccolo Xarp
Lil' Zik;Piccolo Zik
Lilifang;Lilifang
Liliwen;Liliwen
Liliya;Liliya
Lillia;Lillia
Lilly;Lilly
Lindir;Lindir
Linen worker;Operaio della biancheria
Lisa;Lisa
Lisse Isaakson;Lisse Isaakson
Litara;Litara
Lithil;Lithil
Little Nightmare;Piccolo incubo
Little Parasite;Piccolo parassita
Lizard;Lucertola
Lizard display;Esposizione di lucertole
Lizardman;Uomo Lucertola
Lizardman brute;Bruto dell'Uomo Lucertola
Lizardman shaman;Sciamano lucertola
Lleidr Golau;Lleidr Golau
Lliann;Lliann
Llio;Llio
Loading crane;Gru di carico
Loar Shade;Loar Ombra
Loar Shadow;Loar Ombra
Lobstrosity;Lobstrosità
Local;Locale
Local Gnome;Gnomo locale
Locust;Locusta
Locust rider;Cavaliere delle locuste
Lofu;Lofu
Logava;Logava
Logios;Logios
Logosia;Logosia
Loinur;Loinur
Lokar Searunner;Lokar corridore marino
Loki;Loki
Lokraa quo Sihar;Lokraa quo Sihar
Lollk;Lollk
Long-tailed Wyvern;Viverna dalla coda lunga
Longbow Ben;Ben con l'arco lungo
Longhall Bouncer;Buttafuori di Longhall
Look-out;Attenzione
Looming shadow;Ombra incombente
Lord Alexei Jovkai;Signore Alexei Jovkai
Lord Baxtorian Cadarn;Lord Baxtorian Cadarn
Lord Crombwick;Lord Crombwick
Lord Daquarius;Signore Daquarius
Lord Iestin Iorwerth;Lord Iestin Iorwerth
Lord Ieuan Amlodd;Lord Ieuan Amlodd
Lord Iorwerth;Signore Iorwerth
Lord Kandur Hosidius;Lord Kandur Hosidius
Lord Marshal Brogan;Lord Maresciallo Brogan
Lord Mischa Myrmel;Lord Mischa Myrmel
Lord Pandur Hosidius;Lord Pandur Hosidius
Lord Piquan Crwys;Lord Piquan Crwys
Lord Rologarth;Lord Rologarth
Lord Shiro Shayzien;Signore Shiro Shayzien
Lord Trobin Arceuus;Lord Trobin Arceuus
Lorelai;Lorelai
Lornor quo Narga;Lornor quo Narga
Lorraine;Lorena
Lost barbarian;Barbaro perduto
Louie Legs;Louie Gambe
Louisa;Luisa
Lovada;Lovada
Lovakengj Engineer;Ingegnere Lovakengj
Love Cats;Adoro i gatti
Lowe;Lowe
Lowerniel Drakan;Lowerniel Drakan
Lubufu;Lubufu
Lucien;Lucien
Lucky impling;Implicazione fortunata
Lucy;Lucia
Lumberjack Leif;Il taglialegna Leif
Lumbridge Guide;Guida di Lumbridge
Lumdo;Lumdo
Lumiere;Lumiere
Luminata;Luminata
Lumo;Lumo
Luna;Luna
Lundail;Lundail
Lunderwin;Lunderwin
Lurgon;Lurgon
Luscion;Luscione
Luthas;Lutha
Lutwidge;Lutwidge
Lux grub;Grub Lux
Lynx;Lince
Lynx Tamer;Domatore di linci
Lyra;Lira
Mac;Mac
Macaroni Penguin;Pinguino Di Maccheroni
Mad skavid;Skavid pazzo
Madame Caldarium;Madame Caldarium
Maedhros;Maedhros
Maeglin;Maeglin
Mage (easy);Mago (facile)
Mage of Zamorak;Mago di Zamorak
Magic Instructor;Istruttore di magia
Magic axe;Ascia magica
Magic combat tutor;Insegnante di combattimento magico
Magnus Gram;Magnus Gram
Magpie impling;Implicamento della gazza
Mahtan;Mahtan
Maid;Domestica
Mairin;Mairin
Maisa;Maisa
Major Attack;Attacco maggiore
Major Collect;Maggiore Colletta
Major Defend;Maggiore Difendi
Major Heal;Maggiore Guarigione
Make-over mage;Mago del rinnovamento
Malak;Malak
Male slave;Schiavo maschio
Malevolent Mage;Mago Malevolo
Malignius Mortifer;Maligno Mortifero
Mallak quo Keran;Mallak quo Keran
Mama;Mamma
Mamma Bufetta;Mamma Bufetta
Mammoth;Mammut
Man;Uomo
Mandrith;Mandrito
Mandy;Mandy
Maniacal Monkey Archer;Arciere scimmia maniacale
Maniacal monkey;Scimmia maniacale
Manni the Reveller;Manni il festaiolo
Marble gargoyle;Gargoyle di marmo
Marfet;Marfet
Maria Gadderanks;Maria Gadderranks
Maria Gunnars;Maria Gunnar
Mariah;Mariah
Marisi;Marisi
Marius;Mario
Marius Giste;Mario Giste
Mark;Segno
Market Guard;Guardia del mercato
Market seller;Venditore del mercato
Markog;Markog
Marley;Marley
Marlo;Marlo
Marmor quo Narga;Marmor quo Narga
Marten;Martora
Martha Rehnison;Martha Rehnison
Martin Holt;Martin Holt
Martin Thwait;Martin Thwait
Martin the Master Gardener;Martin il maestro giardiniere
Martina Scorsby;Martina Scorsby
Marwolaeth Dawnsio;Marwolaeth Dawnsio
Mary;Maria
Master Chef;Maestro Cuoco
Master Crafter;Maestro artigiano
Master Farmer;Maestro Contadino
Master Navigator;Maestro Navigatore
Master fisher;Maestro pescatore
Master smithing tutor;Tutor del maestro fabbro
Matilda;Matilde
Matthew;Matteo
Matthias;Mattia
Mattimeo;Mattimeo
Mawnis Burowgar;Mawnis Burowgar
Mawrth;Mawrth
Mayor Hobb;Il sindaco Hobb
Maz;Maz
Mazchna;Mazchna
Maze Guardian;Guardiano del labirinto
Mazion;Mazion
Me;Me
Me (hard);Io (difficile)
Meddwl Ymlaen Llaw;Meddwl Ymlaen Llaw
Medium ninja monkey;Scimmia ninja media
Meegle;Meegle
Megan;Megan
Meiyerditch citizen;Cittadino di Meiyerditch
Meiyerditch miner;Minatore di Meiyerditch
Mekritus A'hara;Mecrito A'hara
Melana Moonlander;Melana Moonlander
Melee combat tutor;Insegnante di combattimento corpo a corpo
Meleti;Meleti
Melina;Melina
Melvin;Melvin
Melzar the Mad;Melzar il Pazzo
Memory of Seren;Memoria di Seren
Menaphite Leader;Leader menafita
Menaphite Thug;Delinquente menafita
Menaphite guard;Guardia menafita
Mercenary;Mercenario
Mercenary Captain;Capitano mercenario
Mercy;Misericordia
Meredith;Meredith
Merlin;Merlino
Mernia;Mernia
Mernik;Mernik
Meskhenet;Meskhenet
Metarialus;Metariale
Meteora;Meteora
Mi-Gor;Mi-Gor
Mia;Mia
Miala;Miala
Miazrqa;Miazrqa
Middle head;Testa media
Midnight;Mezzanotte
Mihail;Mihai
Mike;Microfono
Miles;Miglia
Milla;Milla
Milli Rehnison;Milli Rehnison
Millie Miller;Millie Miller
Miltog;Miltog
Mime;Mimo
Mimm;Mimm
Mind Golem;Mente Golem
Mine Cart;Il mio carrello
Mine cart;Il mio carrello
Mine cart driver;Autista del carro minerario
Mine supervisor;Supervisore della miniera
Miner;Minatore
Miner Magnus;Minatore Magnus
Miniature chaotic clouds;Nuvole caotiche in miniatura
Mining Instructor;Istruttore minerario
Mining tutor;Tutor minerario
Minotaur;Minotauro
Miodvetnir;Miodvetnir
Miriam;Miriam
Miriel;Miriel
Mischievous ghost;Fantasma dispettoso
Misdrievus Shadum;Misdrievus Shadum
Mishkal'un Dorn;Mishkal'un Dorn
Miss Cheevers;La signorina Cheevers
Miss Schism;Signorina Scisma
Mist;Nebbia
Mistag;Errore
Mithrellas;Mithrellas
Mithril dragon;Drago di Mithril
Mithril ore;Minerale di mithril
Mittens;Guanti
Mizaru;Mizaru
Moe;Moe
Mofina;Mofina
Moggy;Moggy
Mogre;Mogre
Mogre Guard;Guardia Mogre
Mogrim;Mogrim
Molanisk;Molanisk
Moldof;Moldof
Mole display;Esposizione di talpe
Molly;Molly
Monk;Monaco
Monk of Entrana;Monaco di Entrana
Monk of Zamorak;Monaco di Zamorak
Monkey;Scimmia
Monkey Archer;Scimmia arciere
Monkey Child;Scimmia bambino
Monkey Guard;Guardia delle scimmie
Monkey Zombie;Scimmia Zombie
Monkey display;Esposizione delle scimmie
Monkey guard;Guardia delle scimmie
Monkey minder;Guardiano della scimmia
Monkey on unicorn;Scimmia sull'unicorno
Monstrous Basilisk;Basilisco mostruoso
Monstrous basilisk;Basilisco mostruoso
Mord Gunnars;Mord Gunnar
Mordan Nikazsi;Mordan Nikazsi
Morgan;Morgan
Morgan Le Faye;Morgan Le Faye
Mori;Mori
Morris;Morris
Mort Nightshade;Mort Nightshade
Mort'ton Local;Mort'ton locale
Mort'ton local;Locale di Morton
Morten Holdstrom;Morten Holdstrom
Mortina Daubenton;Mortina Daubenton
Morvran;Morvran
Mosol Rei;Mosol Rei
Mosquito swarm;Sciame di zanzare
Moss Giant;Muschio Gigante
Moss Guardian;Guardiano del muschio
Moss Guardian (hard);Guardiano del muschio (difficile)
Moss giant;Gigante del muschio
Most of a Zombie;Quasi uno zombie
Mother;Madre
Mother Mallum;Madre Mallum
Moths;Falene
Mountain Dwarf;Nano di montagna
Mountain Goat;Capra di montagna
Mountain Guide;Guida Alpina
Mountain goat;Capra di montagna
Mountain troll;Troll di montagna
Mounted terrorbird gnome;Gnomo uccello terrore montato
Mounted terrorchick gnome;Gnomo pulcino del terrore a cavallo
Mourner;Persona in lutto
Mouse;Topo
Movario;Movario
Mr. Mordaut;Signor Mordaut
Ms. Hynn Terprett;La signora Hynn Terprett
Mubariz;Mubariz
Mudskipper;Mudskipper
Mugger;Rapinatore
Mummy;Mummia
Mummy ashes;Ceneri della mummia
Munty;Munty
Murcaily;Murcaily
Murfet;Murfet
Murky Matt (runes);Fosky Matt (rune)
Murky Pat;Pat oscuro
Murng bat;Pipistrello Murng
Murphy;Murphy
Muruwoi;Muruwoi
Museum guard;Guardia del museo
Mushroom;Fungo
Mutant tarn;Tarn mutante
Mutated Bloodveld;Bloodveld mutato
Muttadile;Muttadile
My Arm;Il mio braccio
Myndill;Myndill
Myre Blamish Snail;Myre Blamish Lumaca
Mysterious Adventurer;Avventuriero misterioso
Mysterious Figure;Figura misteriosa
Mysterious Old Man;Vecchio misterioso
Mysterious Stranger;Straniero misterioso
Mysterious Voice;Voce misteriosa
Mysterious ghost;Fantasma misterioso
Mystery figure;Figura misteriosa
Naghead;Naghead
Nail beast;Bestia delle unghie
Nakasa Jovkai;Nakasa Jovkai
Nardah Banker;Nardah banchiere
Nardok;Nardok
Narf;Narf
Natalidae Shadum;Natalidae Shadum
Nathifa;Natifa
Natural Historian;Storico naturale
Natural historian;Storico naturale
Nature Spirit;Spirito della natura
Nature impling;La natura implica
Nazastarool;Nazastarol
Nazastarool (hard);Nazastarool (difficile)
Nechryael;Nechryael
Nechryarch;Necriarca
Necromancer;Negromante
Necrovarus;Necrovaro
Ned;Ned
Neferti the Camel;Neferti il ​​cammello
Neil;Nei
Neite;Neite
Nellas;Nellas
Nemishka;Nemishka
Nerdanel;Nerdanel
Nesty;Nido
New Recruit Tony;Nuova recluta Tony
Newtroost;Newtroost
Nezikchened;Nezikchened
Nezikchened (hard);Nezikchened (difficile)
Nia;Nia
Nicholas;Nicola
Nick;Nick
Nickolaus;Nicolao
Nicoleta;Nicoletta
Nieve;Nieve
Nigel;Nigel
Night beast;Bestia notturna
Nikita;Nikita
Nikkie;Nikkie
Nikolai;Nicolai
Niles;Niles
Niloof;Niloof
Nimloth;Nimloth
Nimrodel;Nimrodel
Ninja impling;Ninja che implica
Nipper;Pinza
Nirrie;Nirrie
Nisha;Nisha
Nkuku;Nkuku
Noctillion Lugosi;Noctillion Lugosi
Noella;Noella
Nolar;Nolar
Nomad;Nomade
Noodle;Tagliatella
Noon;Mezzogiorno
Nora T. Hagg;Nora T. Hagg
Noranna Tytanin;Noranna Tytanin
Norman;Normanno
Not Bob;Non Bob
Noterazzo;Notarazzo
Novice;Novizio
Nuclear smoke devil;Diavolo del fumo nucleare
Nulodion;Nulodio
Numpty;Numpty
Nung;Non
Nurmof;Nurmof
Nurse Boubou;L'infermiera Boubou
Nurse Emma Gentsy;L'infermiera Emma Gentsy
Nurse Inn'Juree;L'infermiera Inn'Juree
Nurse Sarah;L'infermiera Sara
Nurse Wooned;L'infermiera Wooned
Nylocas;Nylocas
Nylocas Athanatos;Nylocas Atanatos
Nylocas Hagios;Nylocas Hagios
Nylocas Ischyros;Nylocas Ischyros
Nylocas Matomenos;Nylocas Matomenos
Nylocas Prinkipas;Nylocas Prinkipas
Nylocas Queen;La regina Nyloca
Nylocas Toxobolos;Nylocas Toxobolos
Nylocas Vasilias;Nylocas Vasilias
Oaknock the Engineer;Oaknock l'ingegnere
Oath Lord D'rows;Giuramento Lord D'rows
Oathbreaker B'ats;Oathbreaker B'ats
Oathbreaker E'piws;E'piws del Giuramento
Oathbreaker M'als;M'als del Giuramento
Obli;Obbligo
Obor;Obor
Observatory assistant;Assistente dell'Osservatorio
Observatory professor;Professore dell'Osservatorio
Ocga;Ocga
Ochre Blamish Snail;Lumaca Blamish ocra
Odd Mushroom;Strano fungo
Odd Old Man;Strano vecchio
Odd Stone;Strana pietra
Odmar;Odmar
Odovacar;Odovacar
Odysseus;Ulisse
Og;Og
Ogre;Orco
Ogre boat;Barca dell'orco
Ogre chieftain;Capo degli orchi
Ogre guard;Guardia dell'orco
Ogre merchant;Mercante di orchi
Ogre shaman;Sciamano orco
Ogre trader;Commerciante di orchi
Ogress Shaman;Sciamano dell'Orca
Ogress Warrior;Guerriero dell'Orca
Oipuis;Oipuis
Olaf Hradson;Olaf Hradson
Olaf the Bard;Olaf il Bardo
Olbertus;Olbertus
Old Man Ral;Il vecchio Ral
Old Man Yarlo;Il vecchio Yarlo
Old crone;Vecchia vecchia
Old dwarf;Vecchio nano
Old man;Vecchio
Oldak;Oldak
Olivia;Olivia
Ollie the Camel;Ollie il cammello
Olmlet;Olmlet
Omart;Omart
Oneiromancer;Oniromante
Oobapohk;Oobapohk
Oomlie bird;Oomlie uccello
Oozing barrier;Barriera trasudante
Operator;Operatore
Oracle;Oracolo
Orange salamander;Salamandra arancione
Ordan;Ordine
Ork;Ok
Orlando Smith;Orlando Smith
Oronwen;Oronwen
Oropher;Orofo
Orophin;Orofina
Orrvor quo Maten;Orrvor quo Maten
Osian;Osiano
Osman;Osman
Ospak;Ospak
Osten;Osten
Osvald;Osvaldo
Oswald;Osvaldo
Oswallt;Oswallt
Othainian;Othainiano
Other Half-Zombie;L'altro mezzo zombie
Otherworldly being;Essere ultraterreno
Otto Godblessed;Ottone benedetto
Ouditor;Revisore
Ouhai;Ouhai
Outlaw;Fuorilegge
Overgrown cat;Gatto troppo cresciuto
Overgrown hellcat;Gatto infernale troppo cresciuto
Owl;Gufo
Oxi;Oxi
Oziach;Oziach
PKMaster0036;PKMaster0036
Padulah;Padulah
Pagida;Pagida
Painted One;Uno dipinto
Paladin;Paladino
Palmer;Palmer
Pandur Hosidius;Pandur Osidio
Panning guide;Guida alla panoramica
Parasite;Parassita
Parrot;Pappagallo
Parrots;Pappagalli
Parroty Pete;Parrot Pete
Party Pete;Partito Pete
Passive Tar Monster;Mostro di catrame passivo
Patchy;Irregolare
Patrick;Patrizio
Patrolman;Poliziotto
Patrolwoman;Donna di pattuglia
Pauline Polaris;Paolina Polaris
Peaceful barbarian spirit;Spirito barbaro pacifico
Peasant;Contadino
Pebble;Ciottolo
Pee Hat;Cappello da pipì
Peer the Seer;Scruta il Veggente
Peksa;Peksa
Pelican;Pellicano
Penance Fighter;Combattente della penitenza
Penance Healer;Guaritore della Penitenza
Penance Pet;Penitenza Animale Domestico
Penance Queen;Regina della Penitenza
Penance Ranger;Ranger della Penitenza
Penance Runner;Corridore di penitenza
Penda;Penda
Penguin;Pinguino
Penguin display;Esposizione dei pinguini
Penguin suit;Costume da pinguino
Pennant;Gagliardetto
Pentyn;Pentyn
Penwie;Penwie
Perdu;Perdu
Perfect gold ore;Minerale d'oro perfetto
Perrdur;Perdur
Perry;Perry
Pescaling Pax;Pesca Pesca Pax
Pestilent Bloat;Gonfiore Pestilenziale
Pet rock;Roccia per animali domestici
Peter;Pietro
Petra Fiyed;Petra Fied
Petrified Pete;Pietro pietrificato
Phabelle Bile;Phabelle Bile
Phantom Hand;Mano Fantasma
Phantuwti Fanstuwi Farsight;Phantuwti Fanstuwi Farsight
Pheasant;Fagiano
Phials;Fiale
Phileas Rimor;Phileas Rimor
Philipe Carnillean;Filippo Carnillean
Phillipa;Filippo
Philop;Filop
Phingspet;Phingspet
Phluxia bat;Pipistrello Phluxia
Phoenix;Fenice
Phosani's Nightmare;L'incubo di Phosani
Phrin Shade;Phrin Ombra
Phrin Shadow;Phrin Ombra
Pierre;Pierre
Pieve;Pieve
Pig;Maiale
Pig Thing;Cosa del maiale
Piglet;Maialino
Pile of bones;Mucchio di ossa
Piles;Mucchi
Pilg;Pellegrinaggio
Piliar;Pilar
Pillory Guard;Guardia della gogna
Ping;Ping
Pipistrelle Draynar;Pipistrelle Draynar
Pirate;Pirata
Pirate Guard;Guardia dei pirati
Pirate Jackie the Fruit;Pirata Jackie il frutto
Pirate Pete;Pietro il pirata
Pit Scorpion;Scorpione delle fosse
Pizazz Hat;Cappello Pizazz
Plague cow;Mucca della peste
Plague frog;Rana della peste
Poison Salesman;Venditore di veleni
Poison Scorpion;Scorpione velenoso
Poison spider;Ragno velenoso
Polar eagle;Aquila polare
Polmafi Ferdygris;Polmafi Ferdygris
Poltenip;Poltenip
Pong;Pongo
Pontak;Pontak
Ponts the Bridgemaster;Ponts il Maestro di Ponte
Poor looking man;Un uomo dall'aspetto povero
Poor looking woman;Donna dall'aspetto povero
Porazdir;Porazdir
Port Official;Ufficiale del porto
Port worker;Lavoratore portuale
Portal;Portale
Portal of Death;Portale della Morte
Portobello;Portobello
Possessed Priest;Sacerdote posseduto
Possessed pickaxe;Piccone posseduto
Postie Pete;Postie Pete
Pox;Vaiolo
Prael bat;Pipistrello Prael
Praistan Ebola;Praistan Ebola
Prayer tutor;Tutore della preghiera
Preswylwyr Dall;Preswylwyr Dall
Prickly kebbit;Kebbit spinoso
Priest;Sacerdote
Priestess Zul-Gwenwynig;Sacerdotessa Zul-Gwenwynig
Prifddinas guard;Guardia di Prifdinas
Primula;Primula
Prince Ali;Il principe Ali
Prince Black Dragon;Il principe Drago Nero
Prince Brand;Principe Marca
Princess Astrid;La principessa Astrid
Prison Pete;Pete della prigione
Prisoner;Prigioniero
Prissy Scilla;Perfetta Scilla
Private Paldo;Paldo privato
Private Paldon;Privato Paldon
Private Pendron;Pendron privato
Private Pierreb;Il soldato Pierreb
Probita;Probit
Professor Gracklebone;Professor Gracklebone
Professor Imblewyn;Il professor Imblewyn
Professor Manglethorp;Professor Manglethorp
Professor Oddenstein;Professor Oddenstein
Professor Onglewip;Professor Onglewip
Prosecutor;Pubblico Ministero
Prospector Percy;Il cercatore Percy
Protest Leader;Leader della protesta
Protester;Manifestante
Psykk bat;Pipistrello psichico
Puffer Fish;Pesce palla
Puffin;Puffin
Pumpy;Pompato
Puppadile;Puppy
Purepker895;Purepker895
Purple Pewter Director;Direttore del Peltro Viola
Purple Pewter Secretary;Segretario in peltro viola
Pusskins;Pelli
Pyramid block;Blocco piramidale
Pyrefiend;Demone di Piro
Pyrelord;Signore dei Pire
Pyromancer;Piromante
Quartermaster;Quartiermastro
Queen Ellamaria;La regina Ellamaria
Queen Sigrid;La regina Sigrid
Queen Zyanyi Arkan;La regina Zyanyi Arkan
Queen spawn;La regina genera
Quest Guide;Guida alle missioni
Quiz Master;Maestro dei quiz
Qutiedoll;Qutiedoll
R4ng3rNo0b889;R4ng3rNo0b889
Rabbit;Coniglio
Raccoon;Procione
Rachael;Rachele
Radat;Radat
Radigad Ponfit;Radigad Ponfit
Radimus Erkle;Radimus Erkle
Radu;Radu
Raeli;Raeli
Raetul;Raetul
Ragnar;Ragnar
Ragnvald;Ragnvald
Rakkar;Rakkar
Ram;Ram
Ramara du Croissant;Ramara del croissant
Ramarno;Ramarno
Ramocean;Ramocean
Ranael;Ranael
Ranalph Devere;Ranalph Devere
Randivor;Randivor
Ranged combat tutor;Tutor di combattimento a distanza
Ranger;Ranger
Ranger (medium);Ranger (medio)
Ranging Guild Doorman;Portiere della Gilda Vagante
Ranis Drakan;Ranis Drakan
Rannveig;Rannveig
Rantz;Rantz
Raqueel;Rachele
Rashiliyia;Rashiliyia
Rasolo;Rasolo
Rassain;Rassain
Rat;Ratto
Rat Burgiss;Ratto Burgis
Rauborn;Rauborn
Raulyn;Raulyn
Raum Urda-Stein;Raum Urda-Stein
Ravager;Devastatore
Raven;Corvo
Razmire Keelgan;Razmir Keelgan
Razvan;Razvan
Reach;Portata
Reacher;Raggiungitore
Reanimated TzHaar;TzHaar rianimato
Reanimated abyssal;Abissale rianimato
Reanimated aviansie;Aviansie rianimato
Reanimated bear;Orso rianimato
Reanimated bloodveld;Bloodveld rianimato
Reanimated chaos druid;Druido del caos rianimato
Reanimated dagannoth;Dagannoth rianimato
Reanimated demon;Demone rianimato
Reanimated demon spawn;Progenie demoniaca rianimata
Reanimated dog;Cane rianimato
Reanimated dragon;Drago rianimato
Reanimated elf;Elfo rianimato
Reanimated giant;Gigante rianimato
Reanimated goblin;Goblin rianimato
Reanimated horror;Orrore rianimato
Reanimated imp;Imp. rianimato
Reanimated kalphite;Kalphite rianimato
Reanimated minotaur;Minotauro rianimato
Reanimated monkey;Scimmia rianimata
Reanimated ogre;Orco rianimato
Reanimated scorpion;Scorpione rianimato
Reanimated troll;Troll rianimato
Reanimated unicorn;Unicorno rianimato
Rebel Archer;Arciere ribelle
Rebel Scout;Esploratore ribelle
Rebel Warrior;Guerriero ribelle
Recruiter;Reclutatore
Red;Rosso
Red Axe Cat;Gatto Ascia Rossa
Red Axe Director;Direttore dell'Ascia Rossa
Red Axe Henchman;Scagnozzo dell'Ascia Rossa
Red Axe Secretary;Segretario dell'Ascia Rossa
Red Monkey;Scimmia Rossa
Red Panda;Panda Rosso
Red Sheep;Pecora Rossa
Red dragon;Drago rosso
Red fireflies;Lucciole rosse
Red salamander;Salamandra rossa
Redbeard Frank;Frank Barbarossa
Reese;Reese
Reeso;Reeso
Ref;Rif
Refugee;Rifugiato
Regath;Regath
Reginald;Reginald
Reinald;Reinaldo
Reinn;Reinn
Reldak;Reldak
Reldo;Reldo
Relobo Blinyo (logs);Relobo Blinyo (registri)
Remsai;Remsai
Remus Kaninus;Remus Kaninus
Renegade Knight;Cavaliere Rinnegato
Renegade knight;Cavaliere rinnegato
Repugnant spectre;Spettro ripugnante
Researcher;Ricercatore
Reshi;Reshi
Resistance Fighter;Combattente della Resistenza
Respiratory system;Sistema respiratorio
Restless ghost;Fantasma inquieto
Retired sailor;Marinaio in pensione
Revenant cyclops;Ciclope revenant
Revenant dark beast;Revenant bestia oscura
Revenant demon;Demone ritornante
Revenant dragon;Drago rinascimentale
Revenant goblin;Goblin Revenant
Revenant hellhound;Segugio infernale revenant
Revenant hobgoblin;Hobgoblin Revenant
Revenant imp;Imp. Revenant
Revenant knight;Cavaliere Revenant
Revenant ork;Revenant orco
Revenant pyrefiend;Demone di piro Revenant
Rewards Guardian;Guardiano dei premi
Rhazien;Rhazien
Rhiannon;Rhiannon
Rhoddwr Tan;Rhoddwr Tan
Rhonen;Rhonen
Rhyfel;Rhyfel
Richard;Riccardo
Richard Flintmaul;Richard Flintmaul
Rick;Rick
Rick Turpentine;Rick trementina
Ricketty door;Porta traballante
Rift guardian;Guardiano della spaccatura
Right head;Testa destra
Riki the sculptor's model;Il modello di Riki lo scultore
Rimae Sirsalis;Rimae Sirsalis
Rind the gardener;Scorza il giardiniere
Rionasta;Rionasta
River troll;Troll di fiume
Riyl Shade;Riyl Ombra
Riyl Shadow;Riyl Ombra
Riyl shadow;L'ombra di Riyl
Roachey;Roachey
Roavar;Roavar
Robert Boss;Roberto Capo
Robert O'Reilly;Robert O'Reilly
Robert the Strong;Roberto il Forte
Robin;Robin
Robyn;Robyn
Rock;Roccia
Rock Crab;Granchio di roccia
Rock Golem;Golem di roccia
Rock lobster;Aragosta di roccia
Rock pile;Mucchio di rocce
Rocks;Rocce
Rockslug;Lumaca di roccia
Rocky;Roccioso
Rocnar;Rocnar
Rod Fishing spot;Punto di pesca con la canna
Rogue;Briccone
Rogue Guard;Guardia canaglia
Rohak;Rohak
Rokuh;Rokuh
Rolad;Rollad
Rolayne Twickit (hard);Rolayne Twickit (difficile)
Romeo;Romeo
Rometti;Rometti
Romily Weaklax;Romily Weaklax
Rommik;Rommik
Ron Gadderanks;Ron Gadderranks
Rooster;Gallo
Root;Radice
Rory;Rory
Rosie;Rosie
Ross;Ross
Ross and Ben;Ross e Ben
Rowdy Guard;Guardia turbolenta
Rowdy dwarf;Nano turbolento
Rowdy slave;Schiavo turbolento
Roy;Roy
Roy jr.;Roy Jr.
Royal Guard;Guardia Reale
Ruantun;Ruantun
Ruby harvest;Raccolto di rubini
Rufus;Rufus
Rug Merchant;Mercante di tappeti
Runa;Runa
Rune dragon;Drago runico
Runite Golem;Golem runico
Runite Minor;Runite Minore
Runite ore;Minerale di runite
Runolf;Runolf
Runvastr;Runvastr
Rupert the Beard;Rupert la barba
Rusty;Arrugginito
Saba;Saba
Sabeil;Sabeil
Saboteur;Sabotatore
Sabre-toothed kebbit;Kebbit dai denti a sciabola
Sabre-toothed kyatt;Kyatt dai denti a sciabola
Sabreen;Sabreen
Sacrifice;Sacrificio
Sadwrn;Triste
Saeros;Saeros
Saeth;Saeth
Safalaan Hallow;Safalaan Hallow
Safta Doc;Safta Doc
Sagira;Sagira
Sailor;Marinaio
Salarin the twisted;Salarin il contorto
Salenab;Salenab
Salgant;Salgant
Sam;Sam
Sammy Servil;Sammy Servil
San Fan;San Fan
San Tojalon;San Tojalon
Sand Crab;Granchio di sabbia
Sand Snake;Serpente di sabbia
Sand Snake (hard);Serpente delle sabbie (difficile)
Sand storm;Tempesta di sabbia
Sandicrahb;Sandicrahb
Sandwich lady;Signora dei panini
Sandy;Sabbioso
Sandy Boulder;Masso sabbioso
Sandy rocks;Rocce sabbiose
Sanfew;Sanfew
Sani Piliu;Sani Piliu
Saniboch;Saniboch
Santiri;Santiri
Sapphire glacialis;Zaffiro glaciale
Sarachnis;Sarachnis
Saradomin priest;Sacerdote Saradomin
Saradomin wizard;Mago Saradomin
Saradominist recruiter;Reclutatore saradominista
Sarah;Sara
Sarble;Sarble
Sarius Guile;Sario Guile
Saro;Saro
Sassilik;Sassilik
Savant;Sapiente
Sawmill Operator;Operatore di segheria
Sawmill operator;Operatore di segheria
Sbott;Sbott
Scabaras;Scabara
Scarab mage;Mago scarabeo
Scarab swarm;Sciame di scarabei
Scarabs;Scarabei
Scared skavid;Skavid spaventato
Scarg;Scarg
Scavenger beast;Bestia spazzina
Scavvo;Scavvo
Schoolboy;Scolaro
Schoolgirl;Studentessa
Scion;Scione
Scorpia;Scorpione
Scorpia's guardian;Il guardiano dello Scorpione
Scorpia's offspring;La progenie dello Scorpione
Scorpion;Scorpione
Scout;Esploratore
Screaming banshee;Banshee urlante
Screaming twisted banshee;Banshee contorta e urlante
Scrubfoot;Piede fregato
Sea Snake Hatchling;Cucciolo di serpente marino
Sea Snake Young;Serpente di mare giovane
Sea Troll General;Generale dei Troll del Mare
Sea Troll Queen;Regina dei troll marini
Sea slug;Lumaca di mare
Sea slugs display;Esposizione di lumache di mare
Sea troll;Troll di mare
Seagull;Gabbiano
Seaman Lorris;Il marinaio Lorris
Seaman Morris;Il marinaio Morris
Seaman Thresnor;Il marinaio Thresnor
Secretary;Segretario
Security Guard;Guardia di sicurezza
Seddu;Seddu
Sedridor;Sedridor
Seer;Veggente
Selena;Selena
Selene;Selene
Seravel;Seravel
Seren;Sereno
Sergeant;Sergente
Sergeant Damien;Sergente Damiano
Sergeant Grimspike;Sergente Grimspike
Sergeant Mossfists;Sergente Pugnimuschio
Sergeant Ricardo;Sergente Ricardo
Sergeant Sambur;Sergente Sambur
Sergeant Slimetoes;Sergente Slimetoes
Sergeant Steelwill;Sergente Steelwill
Sergeant Strongstack;Sergente Strongstack
Sergiu;Sergio
Servant;Servo
Servery assistant;Assistente di servizio
Seth;Set
Seth Groats;Seth Groat
Shade;Ombra
Shade Spirit;Spirito dell'Ombra
Shadow;Ombra
Shadow Hound;Segugio dell'Ombra
Shadow Wyrm;Drago d'Ombra
Shadow spider;Ragno ombra
Shadow warrior;Guerriero dell'ombra
Shadowy figure;Figura oscura
Shady figure;Figura losca
Shaeded Beast;Bestia ombreggiata
Shamus;Shamus
Shanomi;Shanomi
Shantay;Shantay
Shantay Guard;Guardia Shantay
Sharimika;Sharimika
Shark;Squalo
Shayda;Shayda
Shayzien Infiltrator;Infiltrato Shayzien
Sheep;Pecora
Sheepdog;Cane da pastore
Sherlock;Sherlock
Sheryl;Sheryl
Shield master;Maestro dello scudo
Shifter;Cambio
Shilop;Shilop
Shipyard worker;Operaio del cantiere navale
Shiratti the Custodian;Shiratti il ​​Custode
Shop assistant;Assistente di negozio
Shop keeper;Negoziante
Shura;Shura
Siamun;Siamun
Sian;Sian
Sid;Sid
Siegfried Erkle;Sigfrido Erkle
Sigbert the Adventurer;Sigbert l'avventuriero
Sigismund;Sigismondo
Sigli the Huntsman;Sigli il Cacciatore
Sigmund;Sigmund
Sigmund The Merchant;Sigmund il mercante
Sigmund and Zanik;Sigmund e Zanik
Signy;Signy
Sigurd;Sigurd
Sil'as Dahcsnu;Sil'as Dahcsnu
Silk merchant;Mercante di seta
Silk trader;Commerciante di seta
Silver Cog Director;Direttore dell'Ingranaggio d'Argento
Silver Cog Secretary;Segretario dell'Ingranaggio d'Argento
Silver merchant;Mercante d'argento
Silver ore;Minerale d'argento
Simon;Simone
Simon Templeton;Simone Templeton
Simona;Simona
Sin Seer;Veggente del peccato
Sinclair;Sinclair
Sinclair Guard dog;Cane da guardia Sinclair
Sinco Doar;Sinco Porta
Sinister Stranger;Straniero sinistro
Sir Amik Varze;Sir Amik Varze
Sir Bedivere;Sir Bedivere
Sir Carl;Signore Carlo
Sir Gawain;Sir Gawain
Sir Harry;Signore Harry
Sir Jerro;Signor Jerro
Sir Kay;Signore Kay
Sir Kuam Ferentse;Sir Kuam Ferentse
Sir Lancelot;Signor Lancillotto
Sir Leye;Signore Leye
Sir Lucan;Signor Lucano
Sir Mordred;Signore Mordred
Sir Palomedes;Signor Palomede
Sir Pelleas;Signor Pelleas
Sir Percival;Signore Percival
Sir Prysin;Signore Prysin
Sir Rebral;Signor Rebral
Sir Ren Itchood;Sir Ren Itchood
Sir Renitee;Signore Renitée
Sir Spishyus;Sir Spishyus
Sir Tiffy Cashien;Sir Tiffy Cashien
Sir Tinley;Sir Tinley
Sir Tristram;Sir Tristram
Sir Vyvin;Signore Vyvin
Sirsal Banker;Sirsal banchiere
Sister Aseret;Sorella Aseret
Sister Naoj;Sorella Naoj
Sister Salohcin;Sorella Salohcin
Sister Scarophia;Sorella Scarofia
Sister Senga;Sorella Senga
Sister Sevi;Sorella Sevi
Sister Soul Jar;Vaso dell'Anima Sorella
Sister Toen;Sorella Toen
Sister Yram;Sorella Yram
Sithik Ints;Sithik Int
Skavid;Skavid
Skeletal Mystic;Mistico scheletrico
Skeletal Wyvern;Viverna scheletrica
Skeletal miner;Minatore scheletrico
Skeleton;Scheletro
Skeleton Champion;Campione di scheletro
Skeleton Hellhound;Scheletro del segugio infernale
Skeleton Hellhound (hard);Scheletro Hellhound (difficile)
Skeleton Mage;Mago Scheletro
Skeleton brute;Bruto scheletro
Skeleton fremennik;Fremennik scheletro
Skeleton heavy;Scheletro pesante
Skeleton hero;Eroe scheletrico
Skeleton mage;Mago scheletro
Skeleton thug;Delinquente scheletrico
Skeleton warlord;Signore della guerra scheletro
Skippy;Skippy
Skogre;Skogre
Skotizo;Scotizo
Skotos;Skotos
Skrach Uglogwee;Skrach Uglogwee
Skraeling;Skraeling
Skulgrimen;Skulgrimen
Skuli Myrka;Skuli Myrka
Skullball;Palla di teschio
Skullball Boss;Boss della palla di teschio
Skullball Trainer;Allenatore di palle di teschio
Slagilith;Slagilit
Slagilith (hard);Slagilith (difficile)
Slash Bash;Slash Bash
Slave;Schiavo
Sleeping Monkey;Scimmia addormentata
Sleeping guard;Guardia addormentata
Sleepwalker;Sonnambulo
Slieve;Slieve
Slim Louie;Il magro Louie
Slippers;Pantofole
Sloane;Sloane
Slug Hemligssen;Lumaca Hemligssen
Slug Prince;Il principe delle lumache
Small Lizard;Piccola lucertola
Small ninja monkey;Piccola scimmia ninja
Small zombie monkey;Piccola scimmia zombie
Smellytoes;Puzzolenti
Smiddi Ryak (hard);Smiddi Ryak (difficile)
Smith;Fabbro
Smithing apprentice;Apprendista fabbro
Smoggy;Smog
Smoke Devil;Diavolo del fumo
Smoke devil;Diavolo di fumo
Smokin' Joe;Joe che fuma
Smolcano;Smolcano
Snail display;Esposizione di lumache
Snake;Serpente
Snakeling;Serpente
Snow;Nevicare
Snowflake;Fiocco di neve
Snowy knight;Cavaliere delle nevi
Sofiya;Sofia
Soldier;Soldato
Soldier (tier 1);Soldato (livello 1)
Soldier (tier 2);Soldato (livello 2)
Soldier (tier 3);Soldato (livello 3)
Soldier (tier 4);Soldato (livello 4)
Soldier (tier 5);Soldato (livello 5)
Solihib;Solihib
Solus Dellagar;Solus Dellagar
Solztun;Solztun
Sophanem guard;Guardia Sophanem
Sophia Hughes;Sofia Hughes
Sorceress;Maga
Sorebones;Dolori
Sorin;Sorin
Sorrn;Mi dispiace
Sotetseg;Sotetseg
Soulless;Senza anima
Sourhog;Sourhog
Spang;Spang
Spawn;Generare
Spawn of Sarachnis;Progenie di Sarachnis
Spectator;Spettatore
Speedy Keith;Keith veloce
Sphinx;Sfinge
Spice seller;Venditore di spezie
Spider;Ragno
Spidine;Spidina
Spiked Turoth;Turoth chiodato
Spin Blades;Lame rotanti
Spined larupia;Larupia spinata
Spinner;Filatore
Spinolyp;Spinolipo
Spirit Angler;Pescatore di spiriti
Spirit of Scorpius;Spirito dello Scorpione
Spirit of Zadimus;Spirito di Zadimus
Spirit tree;Albero dello spirito
Spiritual mage;Mago spirituale
Spiritual ranger;Ranger spirituale
Spiritual warrior;Guerriero spirituale
Spit goblin;Folletto dello sputo
Spitting Wyvern;Viverna Sputante
Splatter;Schizzi
Spotted kebbit;Kebbit maculato
Spria;Spria
Spring Elemental;Elementale della Primavera
Squire;Scudiero
Squire (Intermediate);Scudiero (Intermedio)
Squire (Novice);Scudiero (Novizio)
Squire (Veteran);Scudiero (veterano)
Squirrel;Scoiattolo
Sraracha;Sraracha
Stag;Cervo
Stanford;Stanford
Stankers;Stanker
Star Sprite;Folletto della stella
Starflower;Fiore di stella
Starlight;Luce stellare
Steel dragon;Drago d'acciaio
Steve;Steve
Stick;Bastone
Stone Guardian;Guardiano di pietra
Stone mason;Muratore di pietra
Stonemason;Scalpellino
Storm Cloud;Nube temporalesca
Storm cloud;Nube di tempesta
Strange Old Man;Strano vecchio
Strange plant;Pianta strana
Strange watcher;Strano osservatore
Stranger;Sconosciuto
Straven;Straven
Stray dog;Cane randagio
Street urchin;Scugnizzo
Strong Ronny;Forte Ronny
Student;Studente
Stuliette;Stulietta
Stumpy;Tozzo
Stunned Hoop Snake;Serpente cerchio stordito
Stunted demonic gorilla;Gorilla demoniaco rachitico
Styrmir;Styrmir
Suit of armour;Armatura
Sulphur Lizard;Lucertola di zolfo
Summer Elemental;Elementale dell'Estate
Summoned Soul;Anima Evocata
Summoned Zombie;Zombie evocato
Sune;Sole
Superior ghostly thrall;Schiavo spettrale superiore
Superior skeletal thrall;Schiavo scheletrico superiore
Superior zombified thrall;Schiavo zombificato superiore
Supreme Commander;Comandante Supremo
Suqah;Suqah
Surgeon General Tafani;Chirurgo Generale Tafani
Surma;Surma
Surok Magis;Surok Magis
Survival Expert;Esperto di sopravvivenza
Suspect;Sospettare
Suspicious water;Acqua sospetta
Svetlana;Svetlana
Svidi;Svidi
Swamp Crab;Granchio di palude
Swamp Priest;Sacerdote della palude
Swamp frog;Rana di palude
Swamp lizard;Lucertola di palude
Swamp snake;Serpente di palude
Swamp toad;Rospo di palude
Swampy log;Registro paludoso
Swan;Cigno
Swarm;Sciame
Sweeper;Spazzatrice
Swensen the Navigator;Swensen il navigatore
Swordchick;Spadaccino
Sylas;Sylas
Taiman;Taiman
Talia;Talia
Taloned Wyvern;Viverna artigliata
Tamayu;Tamayu
Tamble;Tamble
Tanglefoot;Tanglefoot
Tanglefoot (hard);Tanglefoot (difficile)
Tangleroot;Tangleroot
Tanner;Conciatore
Tanya;Tanja
Tar Bubbles;Bolle di catrame
Tar Monster;Mostro di catrame
Tarfol quo Maten;Tarfol quo Maten
Target;Bersaglio
Taria;Taria
Tarik;Tarik
Tarn;Tarn
Tarquin;Tarquinio
Tassie Slipcast;Tassie Slipcast
Tati;Tati
Tatie;Tatie
Tau;Tau
Taxidermist;Tassidermista
Taylor;Taylor
Tayten;Tayten
Tea seller;Venditore di tè
Teacher;Insegnante
Teacher and pupil;Insegnante e allievo
Ted Rehnison;Ted Rehnison
Tegdak;Tegdak
Tegid;Tegido
Tektiny;Tecnologia
Tekton;Tekton
Tekton (enraged);Tekton (infuriato)
Telekinetic Guardian;Guardiano telecinetico
Temple Spider;Ragno del tempio
Temple guardian;Guardiano del tempio
Tempoross;Tempoross
Tentacle;Tentacolo
Tenzing;Tenzing
Teodor;Teodoro
Terror dog;Cane del terrore
Terror dog statue;Statua del cane del terrore
Terrorbird;Terroreuccello
Terrorbird display;Esposizione dell'uccello del terrore
Terrorchick gnome;Gnomo del terrore
Thakkrad Sigmundson;Thakkrad Sigmundson
The 'Wedge';Il 'Cuneo'
The Beast;La Bestia
The Collector;Il Collezionista
The Draugen;Il Draugen
The Everlasting;L'Eterno
The Everlasting (hard);L'Eterno (difficile)
The Face;Il Volto
The Fisher King;Il Re Pescatore
The Illusive;L'illusorio
The Inadequacy;L'inadeguatezza
The Inadequacy (hard);L'inadeguatezza (difficile)
The Jormungand;Il Jormungand
The Kendal;Il Kendal
The Kendal (hard);Il Kendal (difficile)
The Lady of the Lake;La Signora del Lago
The Maiden of Sugadinti;La fanciulla di Sugadinti
The Mimic;Il Mimico
The Monkey's Aunt;La zia della scimmia
The Monkey's Uncle;Lo zio della scimmia
The Nightmare;L'incubo
The Queen of Thieves;La regina dei ladri
The Shaikahan;Lo Shaikahan
The Untouchable;L'intoccabile
The Untouchable (hard);L'intoccabile (difficile)
Thermonuclear smoke devil;Diavolo di fumo termonucleare
Thessalia;Tessaglia
Thias Leacke;Thias Leacke
Thief;Ladro
Thing under the bed;Una cosa sotto il letto
Thingol;Thingol
Third Age Mage;Mago della Terza Era
Third Age Ranger;Ranger della terza età
Third Age Warrior;Guerriero della Terza Era
Thirus;Tiro
Thistle;Cardo
Thomdril;Thomdril
Thora;Thora
Thora the Barkeep;Thora il barista
Thordur;Thordur
Thorgel;Thorgel
Thorhild;Thorhild
Thorkel Silkbeard;Thorkel Barbadiseta
Thormac;Thormac
Thorodin;Thorodin
Thorvald the Warrior;Thorvald il Guerriero
Thrantax the Mighty;Thrantax il Potente
Thrower Troll;Troll lanciatore
Thrower troll;Troll lanciatore
Thug;Delinquente
Thumpy;Tonfoso
Thurgo;Turgo
Thyria;Tiria
Tiadeche;Tiadeche
Ticket Merchant;Commerciante di biglietti
Ticket dwarf;Nano dei biglietti
Ticket goblin;Folletto dei biglietti
Tide;Marea
Tiles;Piastrelle
Tilt;Inclinare
Tim;Tim
Timallus;Timallo
Timble;Timble
Timfraku;Timfraku
Tin ore;Minerale di stagno
Tina;Tina
Tindar;Tindaro
Tindel Marchant;Tindel Marchant
Tinsay;Tinsay
Tinse Torpe;Torpe di stagno
Tiny Tempor;Piccolo Tempo
Tirrie;Tirrie
Tjorvi;Tjorvi
Toban;Toban
Toby;Toby
Tok-Xil;Tok-Xil
Tolna;Tolna
Tomas Lawry;Tommaso Lawry
Tombar;Tombar
Tommy 2-times;Tommy 2 volte
Tool Leprechaun;Strumento Leprecauno
Toothy;A trentadue denti
Topsy;Sottosopra
Torag the Corrupted;Torag il Corrotto
Torbrund;Torbrund
Torcher;Torciatore
Torfinn;Torfinn
Tormented Soul;Anima Tormentata
Torrcs;Torrcs
Torrell;Torrell
Tortoise;Tartaruga
Tortured gorilla;Gorilla torturato
Tortured soul;Anima torturata
Tostig;Tostig
Tough Guy;Ragazzo duro
Tower Advisor;Consigliere della torre
Tower Archer;Arciere della torre
Tower Mage;Mago della Torre
Tower guard;Guardia della torre
Town Crier;Banditore cittadino
Town Guard;Guardia cittadina
Toy Doll;Bambola giocattolo
Toy Mouse;Topo giocattolo
Toy Soldier;Soldato giocattolo
Tracker gnome 1;Gnomo inseguitore 1
Tracker gnome 2;Gnomo inseguitore 2
Tracker gnome 3;Gnomo inseguitore 3
Trade Referee;Arbitro commerciale
Trader;Commerciante
Trader Crewmember;Membro dell'equipaggio del commerciante
Trader Stan;Il commerciante Stan
Trader Sven;Il commerciante Sven
Traiborn;Traiborn
Trainee Guard;Guardia tirocinante
Trainer Nacklepen;Allenatore Nacklepen
Tramp;Vagabondo
Trapped Soul;Anima intrappolata
Trapped Soul (hard);Anima intrappolata (difficile)
Traxi;Traxi
Treacle;Melassa
Treasure fairy;Fata del tesoro
Tree;Albero
Tree spirit;Spirito dell'albero
Tree spirit (hard);Spirito dell'albero (difficile)
Trees;Alberi
Trefaji;Trefaji
Treus Dayth;Treus Dayth
Treus Dayth (hard);Treus Dayth (difficile)
Treznor;Treznor
Tribal Weapon Salesman;Venditore di armi tribali
Tribesman;Uomo della tribù
Tristan;Tristano
Trobert;Troberto
Trogen Konungarde;Trogen Konungarde
Troll;Troll
Troll child;Troll bambino
Troll father;Padre troll
Troll general;Generale dei troll
Troll mother;Madre troll
Troll spectator;Spettatore di troll
Trolley;Carrello
Tropical wagtail;Ballerina tropicale
Trossa;Trossa
Trufitus;Trufito
Tstanon Karlak;Tstanon Karlak
Turael;Turael
Turbogroomer;Turbogroomer
Turgall;Turgal
Turgok;Turgok
Turgon;Turgone
Turoth;Turot
Tutab;Tutab
Twig;Ramoscello
Twiggy O'Korn;Twiggy O'Korn
Twisted Banshee;Banshee contorta
Two-pints;Due pinte
Tyke;Tyke
Tynan;Tynan
Typhor;Tiforo
Tyras Guard;Guardia di Tyra
Tyras guard;Guardia di Tyra
Tyss;Tyss
Tz-Kek;Tz-Kek
Tz-Kih;Tz-Kih
TzHaar-Hur;TzHaar-Hur
TzHaar-Hur-Lek;TzHaar-Hur-Lek
TzHaar-Hur-Rin;TzHaar-Hur-Rin
TzHaar-Hur-Tel;TzHaar-Hur-Tel
TzHaar-Hur-Zal;TzHaar-Hur-Zal
TzHaar-Ket;TzHaar-Ket
TzHaar-Ket-Keh;TzHaar-Ket-Keh
TzHaar-Ket-Rak;TzHaar-Ket-Rak
TzHaar-Ket-Yil;TzHaar-Ket-Yil
TzHaar-Ket-Zuh;TzHaar-Ket-Zuh
TzHaar-Mej;TzHaar-Mej
TzHaar-Mej-Bal;TzHaar-Mej-Bal
TzHaar-Mej-Dir;TzHaar-Mej-Dir
TzHaar-Mej-Jal;TzHaar-Mej-Jal
TzHaar-Mej-Kah;TzHaar-Mej-Kah
TzHaar-Mej-Roh;TzHaar-Mej-Roh
TzHaar-Xil;TzHaar-Xil
TzKal-Zuk;TzKal-Zuk
TzRek-Jad;TzRek-Jad
TzRek-Zuk;TzRek-Zuk
TzTok-Jad;TzTok-Jad
Ug;Ug
Uglug Nar;Uglug Nar
Ugthanki;Ugthanki
Ulfric;Ulfric
Ulifed;Ulifed
Ulizius;Ulizius
Ulsquire Shauncy;Ulsquire Shauncy
Undead Druid;Druido non morto
Undead Lumberjack;Taglialegna non morto
Undead Zealot;Zelota non morto
Undead chicken;Pollo non morto
Undead cow;Mucca non morta
Undead one;Quello non morto
Undead tree;Albero non morto
Undor;Undor
Unferth;Unferth
Ungadulu;Ungadulu
Unicorn;Unicorno
Unicorn Foal;Puledro di unicorno
Unicow;Unicow
Unnamed troll child;Bambino troll senza nome
Uodai;Uodai
Ur-lun;Ur-lun
Ur-meg;Ur-meg
Ur-pel;Ur-pel
Ur-taal;Ur-taal
Ur-tag;Ur-tag
Ur-vass;Ur-vass
Ur-zek;Ur-zek
Urbi;Urbi
Uri;Uri
Urium Shade;Ombra di Urio
Urium Shadow;Ombra di Urio
Usi;Usi
Utrec;Utrec
Uurrak quo Narga;Uurrak quo Narga
Uwogo;Uwogo
Uyoro;Uyoro
Vaeringk;Vaeringk
Vaire;Vaire
Valaine;Valaine
Valantay Eppel (medium);Valantay Eppel (medio)
Valentin Rasputin;Valentino Rasputin
Valentina Diaemus;Valentina Diaemus
Valeria;Valeria
Valgerd;Valgerd
Vallessia Dracyula;Vallessia Dracyula
Vallessia von Pitt;Vallessia von Pitt
Vampyre Juvenile;Vampiro giovanile
Vampyre Juvinate;Juvinato del vampiro
Vampyressa van Von;Vampiressa van Von
Vampyric hound;Segugio vampirico
Vampyrus Diaemus;Vampiro Diaemus
Vanescula Drakan;Vanescula Drakan
Vanessa;Vanessa
Vanguard;Avanguardia
Vanligga Gastfrihet;Vanligga Gastfrihet
Vannah;Vanna
Vannaka;Vannaka
Vanstrom Klause;Vanstrom Klause
Varrian Sobak;Varriano Sobak
Vasa Minirio;Vasa Minirio
Vasa Nistirio;Vasa Nistirio
Vasile;Vasile
Vasquen;Vasquen
Veliaf Hurtz;Veliaf Hurtz
Velorina;Velorina
Velrak the explorer;Velrak l'esploratore
Venenatis;Venenati
Venenatis spiderling;Ragno Venenatis
Veos;Veos
Vera;Vera
Verac the Defiled;Verac il Profanato
Verak;Verak
Vermundi;Vermundi
Veronica;Veronica
Vertida Sefalatis;Vertida Sefalatis
Verzik Vitur;Verzik Vitur
Vespina;Vespina
Vespine soldier;Soldato Vespino
Vespula;Vespula
Vestri;Vestri
Vet'ion;Vet'ion
Vet'ion Jr.;Vet'ion Jr.
Vet'ion Reborn;Vet'ion rinasce
Victor;Vincitore
Vigr;Vigr
Vigroy;Vigroy
Villager;Abitante del villaggio
Villia;Villa
Violetta Sanguine;Violetta Sanguine
Vitreous Jelly;Gelatina vitrea
Vitreous warped Jelly;Gelatina vitrea deformata
Viyeldi;Viyeldi
Vlad Bechstein;Vlad Bechstein
Vlad Diaemus;Vlad Diaemus
Vladimir;Vladimir
Voice of Yama;Voce di Yama
Void Knight;Cavaliere del Vuoto
Volf Olafson;Volf Olafson
Von van Von;Von van Von
Vonnetta Varnis;Vonnetta Varnis
Vorkath;Vorkath
Vorki;Vorki
Vormar Vakan;Vormar Vakan
Vornas quo Maten;Vornas quo Maten
Vortas quo Keran;Vortas quo Keran
Vritra;Vritra
Vulcan Orvoros;Vulcano Orvoros
Vulture;Avvoltoio
Vyre Orator;Oratore di Vyre
Vyrelady;Vyrelady
Vyrelord;Vyrelord
Vyrewatch;Vyrewatch
Vyrewatch Sentinel;Sentinella di Vyrewatch
Wagchin;Wagchin
Wall beast;Bestia da muro
Wallasalki;Wallasalki
Wally;Wally
Wanderer;Vagabondo
Wandering impling;Implicazione errante
Warped Jelly;Gelatina deformata
Warrior;Guerriero
Warrior of Murahs;Guerriero di Murah
Warrior woman;Donna guerriera
Watchman;Guardiano
Watchtower Wizard;Mago della Torre di Guardia
Water elemental;Elementale dell'acqua
Water wizard;Mago dell'acqua
Waterfiend;Demone dell'acqua
Watson;Watson
Waydar;Waydar
Waymottin;Waymottin
Wayne;Wayne
Weakened Delrith;Delrith indebolito
Weaponsmaster;Maestro d'armi
Weird Old Man;Strano vecchio
Well-armed Foe;Nemico ben armato
Wemund;Wemund
Wengra quo Sihar;Wengra quo Sihar
Werewolf;Lupo mannaro
Wesley;Wesley
Weve;Noi
Whirlpool;Idromassaggio
White Chisel Director;Direttore dello Scalpello Bianco
White Chisel Secretary;Segretario dello Scalpello Bianco
White Knight;Cavaliere Bianco
White golem;Golem bianco
White wolf;Lupo bianco
Wild dog;Cane selvatico
Wild kebbit;Kebbit selvatico
Will o' the wisp;Fuoco fatuo
William;Guglielmo
Willow;Salice
Wilough;Wilough
Wilson;Wilson
Wily cat;Gatto astuto
Wily hellcat;Astuto gatto infernale
Winelda;Winelda
Wingman Skree;Il gregario Skree
Wingstone;Pietra alare
Winkin;Occhiolino
Winter Elemental;Elementale invernale
Winter Soldier;Soldato d'inverno
Wintertoad;Rospo invernale
Wise Old Man;Vecchio saggio
Wise Young Man;Giovane saggio
Wiskit;Wiskit
Wistan;Wistan
Witch;Strega
Witch's cat;Il gatto della strega
Witch's experiment;L'esperimento della strega
Witch's experiment (fourth form);L'esperimento della strega (quarta forma)
Witch's experiment (fourth form) (hard);L'esperimento della strega (quarta forma) (difficile)
Witch's experiment (hard);L'esperimento della strega (difficile)
Witch's experiment (second form);L'esperimento della strega (seconda forma)
Witch's experiment (second form) (hard);L'esperimento della strega (seconda forma) (difficile)
Witch's experiment (third form);L'esperimento della strega (terza forma)
Witch's experiment (third form) (hard);L'esperimento della strega (terza forma) (difficile)
Witchaven villager;Abitante del villaggio di Witchaven
Wizard;Procedura guidata
Wizard Akutha;Mago Akutha
Wizard Cromperty;Mago Cromperty
Wizard Distentor;Mago Distentore
Wizard Frumscone;Mago Frumscone
Wizard Grayzag;Mago Grayzag
Wizard Mizgog;Mago Mizgog
Wizard Sinina;Mago Sinina
Wolf;Lupo
Wolfbone;Osso di lupo
Woman;Donna
Woman-at-arms (hard);Donna d'arme (difficile)
Wood Dryad;Driade del legno
Woodsman tutor;Tutor del boscaiolo
Workman;Operaio
Wormbrain;Verme
Wounded soldier;Soldato ferito
Wurbel;Würbel
Wydin;Wydin
Wyrm;Wyrm
Wyson the gardener;Wyson il giardiniere
Wyvern display;Visualizzazione della viverna
Xamphur;Xamphur
Xarpus;Xarpus
Xorrah quo Sihar;Xorrah quo Sihar
Yadviga;Yadviga
Yak;Yak
Yanni Salika;Yanni Salika
Yarsul;Yarsul
Yellow Fortune Director;Direttore della fortuna gialla
Yellow Fortune Secretary;Segretario della Fortuna Gialla
Yellow Sheep;Pecora Gialla
Yellow Snow;Neve gialla
Yenrab;Yenrab
Yeti;Yeti
Ymladd;Ymladd
Yohnus;Yohnus
Young 'un;Giovane 'un
Young impling;Giovane innesto
Youngllef;Youngllef
Yrsa;Yrsa
Ysbeid;Ysbeid
Ysgawyn;Ysgawyn
Ystwyth;Ystwyth
Yt-HurKot;Yt-HurKot
Yt-MejKot;Yt-MejKot
Yulf Squecks;Yulf Squeck
Yuri;Yuri
Zakl'n Gritch;Zakl'n Gritch
Zalcano;Zalcano
Zamorak crafter;Artigiano di Zamorak
Zamorak mage;Mago Zamorak
Zamorak ranger;Ranger di Zamorak
Zamorak warrior;Guerriero Zamorak
Zamorak wizard;Mago Zamorak
Zogre;Zogre
Zoja;Zoja
Zombie;Zombie
Zombie pirate;Pirata zombi
Zombie rat;Ratto zombi
Zombie swab;Tampone zombie
Zombies Champion;Campione degli zombi
Zombified Spawn;Progenie zombificata
Zulrah;Zulrah
Zygomite;Zigomite
