 Sneaky undead fowl;Ovela epäkuolleet linnut
'Beedy-eye' Jones;"Beedy-eye" Jones
'Beefy' Burns;"Beefy" Burns
'Betty' B.Boppin;"Betty" B.Boppin
'Bird's-Eye' Jack;"Bird's Eye" Jack
'Birds-Eye' Jack;"Birds-Eye" Jack
'Black-eye';'mustasilmä'
'Currency' The Alchemist;"Valuutta" Alkemisti
'Eagle-eye' Shultz;"Kotkansilmä" Shultz
'Gummy';'kumimainen'
'Lecherous' Lee;"Ihme" Lee
'No fingers';"Ei sormia"
'Picarron' Pete;"Picarron" Pete
'Sticky' Sanders;"Tahmea" Sanders
'The Guns';"Aseet"
'Transmute' The Alchemist;"Transmute" The Alchemist
1337sp34kr;1337sp34kr 
50% Luke;50% Luke
? ? ? ?;? ? ? ?
A Doubt;Epäilys
A pile of broken glass;Kasa rikkoutunutta lasia
A'abla;A'abla
Abbot Langley;Apotti Langley
Aberab;Aberab
Aberrant spectre;Aberrantti haamu
Abhorrent spectre;Kammottava haamu
Abidor Crank;Abidor Crank
Abigaila;Abigaila
Abigale;Abigale
Abomination;Kauhistus
Abyssal Sire;Abyssal isä
Abyssal demon;Abyssal demoni
Abyssal guardian;Abyssalin vartija
Abyssal leech;Abyssal iilimato
Abyssal orphan;Abyssal orpo
Abyssal walker;Abyssal kävelijä
Account Guide;Tiliopas
Account security tutor;Tilin turvallisuuden opettaja
Achietties;Achietties
Acidic Bloodveld;Hapan Bloodveld
Acorn;Acorn
Adamant dragon;Adamant lohikäärme
Adamantite ore;Adamantiittimalmi
Adventurer;Seikkailija
Adventurer (easy);Seikkailija (helppo)
Adventurer Jon;Seikkailija Jon
Advisor Ghrim;Neuvonantaja Ghrim
Aemad;Aemad
Aeonisig Raispher;Aeonisig Raispher
Afflicted;Vaurioitunut
Afflicted(Razmire);Vaurioitunut (Razmire)
Afflicted(Ulsquire);Vaikea (Ulsquire)
Afrah;Afrah
Aga;Aga
Aggie;Aggie
Agility Boss;Agility Boss
Agility Instructor;Agilityn ohjaaja
Agility Trainer;Agility Trainer
Agmundi;Agmundi
Agnar;Agnar
Agrith Naar;Agrith Naar
Agrith Naar (hard);Agrith Naar (kova)
Agrith-Na-Na;Agrith-Na-Na
Agrith-Na-Na (hard);Agrith-Na-Na (kova)
Ahab;Ahab
Ahrim the Blighted;Ahrim Blighted
Air elemental;Ilmaelementti
Air wizard;Ilman velho
Aisles;Käytävät
Aivas;Aivas
Ajjat;Ajjat
Ak-Haranu;Ak-Haranu
Akthanakos;Akthanakos
Al Shabim;Al Shabim
Al the Camel;Al kameli
Al-Kharid warrior;Al-Kharidin soturi
Alain;Alain
Alan;Alan
Albino bat;Albino lepakko
Alchemical Hydra;Alkemiallinen Hydra
Alchemy Guardian;Alchemy Guardian
Alec Kincade;Alec Kincade
Aleck;Aleck
Alek Constantine;Aleksi Konstantin
Alexander;Aleksanteri
Alexandra;Alexandra
Alexis;Alexis
Alfonse the waiter;Alfonse tarjoilija
Ali Morrisane;Ali Morrisane
Ali The barman;Ali Baarimikko
Ali the Camel;Ali kameli
Ali the Camel Man;Ali kamelimies
Ali the Carter;Ali Carter
Ali the Farmer;Ali maanviljelijä
Ali the Guard;Ali vartija
Ali the Hag;Ali Hag
Ali the Kebab seller;Ali Kebab-myyjä
Ali the Leaflet Dropper;Ali Lehtitiputtaja
Ali the Mayor;Ali pormestari
Ali the Operator;Ali operaattori
Ali the Smith;Ali Smith
Ali the Snake Charmer;Ali käärmeen hurmaaja
Ali the Tailor;Ali räätäli
Ali the dyer;Ali värjääjä
Alice;Alice
Alice the Camel;Liisa kameli
Alice's husband;Alicen aviomies
Allanna;Allanna
Almera;Almera
Alomone;Alomone
Alrena;Alrena
Alrik;Alrik
Alry the Angler;Alry the Angler
Altar;Alttari
Altarkiz;Altarkiz
Aluft Gianne snr.;Aluft Gianne snr.
Alviss;Alviss
Alwyn;Alwyn
Alyssa;Alyssa
Ambassador Alvijar;Suurlähettiläs Alvijar
Ambassador Ferrnook;Suurlähettiläs Ferrnook
Ambassador Gimblewap;Suurlähettiläs Gimblewap
Ambassador Spanfipple;Suurlähettiläs Spanfipple
Amelia;Amelia
Ammonite Crab;Ammoniittirapu
Amrod;Amrod
Amy;Amy
An old Dwarf;Vanha kääpiö
Ana;Ana
Anaire;Anaire
Ancient Fungi;Muinaiset sienet
Ancient Ghost;Muinainen Ghost
Ancient Guardian;Muinainen vartija
Ancient Wizard;Muinainen velho
Ancient Wyvern;Muinainen Wyvern
Ancient Zygomite;Muinainen tsygomiitti
Ancient monkey;Muinainen apina
Andiess Juip;Andiess Juip
Andras;Andras
Andrea;Andrea
Andros Mai;Andros Mai
Aneirin;Aneirin
Angel;Enkeli
Angelo;Angelo
Angry barbarian spirit;Vihainen barbaarihenki
Angry bear;Vihainen karhu
Angry giant rat;Vihainen jättirotta
Angry goblin;Vihainen peikko
Angry unicorn;Vihainen yksisarvinen
Animated Adamant Armour;Animoitu Adamant Armor
Animated Black Armour;Animoitu Black Armour
Animated Bronze Armour;Animoitu pronssipanssari
Animated Iron Armour;Animoitu Iron Armor
Animated Mithril Armour;Animoitu Mithril Armor
Animated Rune Armour;Animoitu Rune Armor
Animated Steel Armour;Animoitu teräspanssari
Animated spade;Animoitu lapio
Animated steel armour;Animoitu teräspanssari
Anita;Anita
Anja;Anja
Ankou;Ankou
Anleif;Anleif
Anna;Anna
Anna Jones;Anna Jones
Anne Isaakson;Anne Isaakson
Annette;Annette
Annoyed guardian mummy;Ärsyttää huoltajamuumio
Anton;Anton
Anwen;Anwen
Apmeken;Apmeken
Apothecary;Apteekkari
Apprentice;Oppipoika
Apprentice (medium);Oppipoika (keskikokoinen)
Apprentice workman;Työntekijän oppipoika
Aranwe;Aranwe
Archaeological expert;Arkeologinen asiantuntija
Archaeologist;Arkeologi
Archeio;Archeio
Archer;Jousimies
Archpriest of the Unicorn;Yksisarvisen arkkipappi
Arcis;Arcis
Aredhel;Aredhel
Aretha;Aretha
Arhein;Arhein
Arianwyn;Arianwyn
Arianwyn (hard);Arianwyn (kova)
Aristarchus;Aristarkus
Armadylean guard;Armadylean vartija
Armod;Armod
Armour salesman;Panssarikauppias
Armoured Foe;Panssarivihollinen
Armourer (tier 1);Panssari (taso 1)
Armourer (tier 2);Panssari (taso 2)
Armourer (tier 3);Panssari (taso 3)
Armourer (tier 4);Panssari (taso 4)
Armourer (tier 5);Panssari (taso 5)
Army Commander;Armeijan komentaja
Arno;Arno
Arnold Lydspor;Arnold Lydspor
Arnor;Arnor
Arrg;Arrg
Arrg (hard);Arrg (kova)
Arsen the Thief;Varas Arsen
Art;Taide
Art Critic Jacques;Taidekriitikko Jacques
Arthur;Arthur
Arthur the Clue Hunter;Arthur vihjeenmetsästäjä
Artimeus;Artimeus
Artur Hosidius;Artur Hosidius
Arvel;Arvel
Arzinian Avatar of Magic;Arzinian Magic Avatar
Arzinian Avatar of Ranging;Arzinian Avatar of Ranging
Arzinian Avatar of Strength;Arzinian Voiman Avatar
Arzinian Being of Bordanzan;Arzinian Bordanzanin olento
Ash;Tuhka
Ashild;Ashild
Askeladden;Askeladden
Assassin;Salamurhaaja
Assistant;Assistant
Assistant Brock;Assistentti Brock
Assistant Le Smith;Assistentti Le Smith
Assistant Lori;Assistentti Lori
Assistant Marrow;Assistentti Marrow
Assistant Serf;Assistant Serf
Assistant Stan;Assistentti Stan
Asteros Arceuus;Asteros Arceuus
Asyff;Asyff
Asyn Shade;Asyn Shade
Asyn Shadow;Asyn Shadow
Asyn shadow;Asyn varjo
Atlas;Atlas
Aubury;Aubury
Auctioneer;Huutokaupanpitäjä
Audmann;Audmann
Auguste;Auguste
Aurel;Aurel
Austri;Austri
Autumn Elemental;Syksyn elementaali
Ava;Ava
Avan;Avan
Avatar of Creation;Luomisen avatar
Avatar of Destruction;Tuhon avatar
Aviansie;Aviansie
Awakened Altar;Herätty alttari
Awowogei;Awowogei
Awusah the Mayor;Awusah pormestari
Ayesha;Ayesha
Azzanadra;Azzanadra
Baba Yaga;Baba Yaga
Baby Chinchompa;Chinchompa vauva
Baby Mole;Vauva Myyrä
Baby Mole-rat;Vauva Myyrä-rotta
Baby Roc;Vauva Roc
Baby black dragon;Vauva musta lohikäärme
Baby blue dragon;Vauvan sininen lohikäärme
Baby green dragon;Vauvan vihreä lohikäärme
Baby impling;Vauva vihjailee
Baby red dragon;Vauva punainen lohikäärme
Baby tanglefoot;Vauvan tanglefoot
Badger;Mäyrä
Bailey;Bailey
Baker;Leipuri
Bakuna;Bakuna
Bald Headed Eagle;Bald Headed Eagle
Balfrug Kreeyath;Balfrug Kreeyath
Balloon Animal;Ilmapallo eläin
Balloon Toad;Ilmapallo rupikonna
Bandit;Bandit
Bandit Leader;Bandiitin johtaja
Bandit champion;Bandiitin mestari
Bandit shopkeeper;Bandit kauppias
Bandosian guard;Bandosian vartija
Banisoch;Banisoch
Bank guard;Pankin vartija
Banker;Pankkiiri
Banker tutor;Pankkiirin opettaja
Banknote Exchange Merchant;Setelien vaihtokauppias
Banshee;Banshee
Baraek;Baraek
Barb-tailed kebbit;Piikkihäntäkebbit
Barbara;Barbara
Barbarian;Barbaari
Barbarian Warlord;Barbaari sotapäällikkö
Barbarian guard;Barbaari vartija
Bardur;Bardur
Barfy Bill;Barfy Bill
Barge foreman;Proomun työnjohtaja
Barge guard;Proomun vartija
Barge workman;Proomun työmies
Bark Blamish Snail;Bark Blamish Snail
Barker;Barker
Barlak;Barlak
Barmaid;Tarjoilijatar
Barman;Baarimikko
Barnabus Hurma;Barnabus Hurma
Barrelchest;Barrelchest
Barrelchest (hard);tynnyri (kova)
Barricade;Barrikadi
Bartak;Bartak
Bartender;Baarimikko
Basilisk;Basiliski
Basilisk Knight;Basiliskin ritari
Basilisk Sentinel;Basilisk Sentinel
Basilisk Youngling;Basilisk Youngling
Bast;Bast
Bat;Bat
Batt Mellamy;Batt Mellamy
Battle mage;Taistelumaagi
Battle tortoise display;Taistelukilpikonnan näyttö
Baxtorian;Baxtorian
Bear Cub;Karhunpentu
Bearded gorilla;Parrakas gorilla
Beaver;Majava
Bed;Vuode
Bedabin Nomad;Bedabin Nomad
Bedabin Nomad Fighter;Bedabin Nomad Fighter
Bedabin Nomad Guard;Bedabin Nomad Guard
Bedread the bold;Lihavoitu vuodeliina
Bee keeper;Mehiläishoitaja
Bees!;Mehiläiset!
Beggar;Kerjäläinen
Beigarth;Beigarth
Beite;Beite
Bellemorde;Bellemorde
Belona;Belona
Bench;Penkki
Benjamin;Benjamin
Benny;Benny
Bentamir;Bentamir
Bernald;Bernald
Berry;Marja
Berserk barbarian spirit;Berserk barbaarihenki
Bert;Bert
Betty;Betty
Biblia;Biblia
Big Dave;Iso Dave
Big Snake;Iso käärme
Big Wolf;Iso susi
Big frog;Iso sammakko
BigRedJapan;BigRedJapan
Bill Teach;Bill Teach
Billy;Billy
Billy Goat;Billy Goat
Billy Rehnison;Billy Rehnison
Billy, a guard of Falador;Billy, Faladorin vartija
Bird;Lintu
Bjorn;Björn
Black Cat;Musta Kissa
Black Guard;Musta vartija
Black Guard Berserker;Mustakaarti Berserker
Black Heather;Musta kanerva
Black Knight;Musta ritari
Black Knight Captain;Black Knight kapteeni
Black Knight Titan;Black Knight Titan
Black Knight Titan (hard);Black Knight Titan (kova)
Black bear;Musta karhu
Black chinchompa;Musta chinchompa
Black demon;Musta demoni
Black demon (hard);Musta demoni (kova)
Black dragon;Musta lohikäärme
Black golem;Musta golem
Black knight;Musta ritari
Black salamander;Musta salamanteri
Black swan;Musta joutsen
Black unicorn;Musta yksisarvinen
Black unicorn Foal;Musta yksisarvinen varsa
Black warlock;Musta velho
Blackjack seller;Blackjack myyjä
Blaec;Blaec
Blair;Blair
Blandebir;Blandebir
Blanin;Blanin
Blasidar the sculptor;kuvanveistäjä Blasidar
Blast Furnace Foreman;Masuunin työnjohtaja
Blessed giant rat;Siunattu jättirotta
Blessed spider;Siunattu hämähäkki
Bloated Toad;Turvonnut rupikonna
Blood Blamish Snail;Blood Blamish Snail
Blood spawn;Veren kuteminen
Bloodhound;Verikoira
Bloodveld;Bloodveld
Bloodworm;Verimato
Blue Monkey;Sininen apina
Blue Opal Director;Blue Opal johtaja
Blue Opal Secretary;Blue Opal sihteeri
Blue Sheep;Sininen lammas
Blue dragon;Sininen lohikäärme
Blurberry;Blurberry
Boar;Karju
Boat;Vene
Bob;Bob
Bob Barter (herbs);Bob Barter (yrtit)
Bob, another guard of Falador;Bob, toinen Faladorin vartija
Bobawu;Bobawu
Bobbing fossil;Keinuva fossiili
Body Golem;Golemin ruumis
Bolkoy;Bolkoy
Bologa;Bologa
Bolongo;Bolongo
Bonafido;Bonafido
Boneguard;Boneguard
Bones;Luut
Bonzara;Bonzara
Bonzo;Bonzo
Boot;Boot
Border Guard;Rajavartiolaitos
Boris;Boris
Bork Sigmundson;Bork Sigmundson
Borrokar;Borrokar
Boulder;Siirtolohkare
Bouncer;Bouncer
Bouncer (hard);Bouncer (kova)
Bouquet Mac Hyacinth;Kukkakimppu Mac Hyasintti
Bow and Arrow salesman;Jousi ja nuoli myyjä
Boy;Poika
Brambickle;Brambickle
Brana;Brana
Branwen;Branwen
Brassican Mage;Brassican Mage
Bravek;Rohkea
Brawler;Tappelupukari
Bree;Bree
Breive;Breive
Brendt;Brendt
Breoca;Breoca
Brewer;Panimo
Brian;Brian
Brian O'Richard;Brian O'Richard
Briget;Briget
Brimstail;Brimstail
Brine rat;Suolavesi rotta
Broddi;Broddi
Broken Handz;Rikkoutunut Handz
Broken clay golem;Murtunut savigolem
Bronze dragon;Pronssinen lohikäärme
Broodoo victim;Broodoo uhri
Brother Aimeri;Veli Aimeri
Brother Althric;Veli Althric
Brother Brace;Veli Brace
Brother Cedric;Veli Cedric
Brother Jered;Veli Jered
Brother Kojo;Veli Kojo
Brother Maledict;Veli Maledict
Brother Omad;Veli Omad
Brother Tranquility;Veli Rauhallisuus
Brown Engine Director;Brown moottorin johtaja
Brown Engine Secretary;Brown moottorin sihteeri
Brugsen Bursen;Brugsen Bursen
Bruise Blamish Snail;Mustelma Blamish Snail
Brundt the Chieftain;Brundt päällikkö
Brutal black dragon;Brutaali musta lohikäärme
Brutal blue dragon;Brutaali sininen lohikäärme
Brutal green dragon;Brutaali vihreä lohikäärme
Brutal red dragon;Brutaali punainen lohikäärme
Bryn;Bryn
Bryophyta;Bryophyta
Bugs;Bugeja
Builder;Rakentaja
Buinn;Buinn
Bullrush;Bullrush
Bunkdo;Bunkdo
Bunkwicket;Bunkwicket
Bunny;Pupu
Burkor;Burkor
Burntmeat;Poltettu liha
Burntof;Burntof
Bush snake;Bushin käärme
Butler;Butler
Butler Jarvis;Butler Jarvis
Butler Jones;Butler Jones
Butterfly;Perhonen
Cabin Boy Colin;Mökkipoika Colin
Cabin Boy Herbert;Mökkipoika Herbert
Cabin boy;Mökkipoika
Cabin boy Jenkins;Mökkipoika Jenkins
Caden Azro;Caden Azro
Caerwyn;Caerwyn
Cage;Häkki
Caleb;Caleb
Calin;Calin
Callisto;Callisto
Callisto cub;Kalliston poikanen
Cam the Camel;Camelin kamera
Camarst;Camarst
Camel;Kameli
Camel display;Kamelin näyttö
Camorra;Camorra
Camp dweller;Leirin asukas
Candle maker;Kynttilänvalmistaja
Candle seller;Kynttilän myyjä
Caninelle Draynar;Caninelle Draynar
Cannoneer;Kanuoneer
Cap'n Hand;Cap'n Käsi
Cap'n Izzy No-Beard;Cap'n Izzy No-Beard
Capt' Arnav;Kapteeni Arnav
Captain;Kapteeni
Captain Barnaby;Kapteeni Barnaby
Captain Bentley;Kapteeni Bentley
Captain Bleemadge;Kapteeni Bleemage
Captain Braindeath;Kapteeni Braindeath
Captain Bruce;Kapteeni Bruce
Captain Cain;Kapteeni Cain
Captain Cleive;Kapteeni Cleive
Captain Daerkin;Kapteeni Daerkin
Captain Dalbur;Kapteeni Dalbur
Captain Donnie;Kapteeni Donnie
Captain Dudi;Kapteeni Dudi
Captain Errdo;Kapteeni Errdo
Captain Ginea;Kapteeni Ginea
Captain Janaway;Kapteeni Janaway
Captain Kalt;Kapteeni Kalt
Captain Khaled;Kapteeni Khaled
Captain Klemfoodle;Kapteeni Klemfoodle
Captain Lamdoo;Kapteeni Lamdoo
Captain Lawgof;Kapteeni Lawgof
Captain Magoro;Kapteeni Magoro
Captain Ned;Kapteeni Ned
Captain Ninto;Kapteeni Ninto
Captain Pudi;Kapteeni Pudi
Captain Rachelle;Kapteeni Rachelle
Captain Rimor;Kapteeni Rimor
Captain Rovin;Kapteeni Rovin
Captain Sdiar;Kapteeni Sdiar
Captain Shanks;Kapteeni Shanks
Captain Shoracks;Kapteeni Shoracks
Captain Siad;Kapteeni Siad
Captain Tobias;Kapteeni Tobias
Captain Tock;Kapteeni Tock
Captain Tom;Kapteeni Tom
Carado;Carado
Caranthir;Caranthir
Carl;Carl
Carla;Carla
Carnivorous chinchompa;Lihansyöjä chinchompa
Carnivus Belamorta;Carnivus Belamorta
Carol;Carol
Caroline;Caroline
Carpenter;Puuseppä
Carpenter Kjallak;Puuseppä Kjallak
Cart Camel;Kärry Kameli
Cart conductor;Kärryjen johdin
Cassie;Cassie
Cat;Kissa
Catablepon;Catablepon
Catalina;Catalina
Cave Scenery;Luolamaisema
Cave abomination;Luolan kauhistus
Cave bug;Luolavukka
Cave bug larva;Luolavukan toukka
Cave crawler;Luola-indeksoija
Cave goblin;Luolapeikko
Cave goblin child;Luolapeikkolapsi
Cave goblin guard;Luolan peikkovartija
Cave goblin miner;Luolapeikko kaivosmies
Cave horror;Luolan kauhu
Cave kraken;Luola kraken
Cave lizard;Luolalisko
Cave monk;Luolamunkki
Cave slime;Luolalimaa
Cave snake;Luolakäärme
Cavemouth;Cavemouth
Cavey Davey;Cavey Davey
Cecilia;Cecilia
Celebrian;julkkis
Celegorm;Celegorm
Celyn;Celyn
Centaur;Kentauri
Ceolburg;Ceolburg
Cerberus;Cerberus
Ceril Carnillean;Ceril Carnillean
Cerulean twitch;Cerulean nykiminen
Ceto;Ceto
Chadwell;Chadwell
Chaeldar;Chaeldar
Chamber guardian;Kamarin huoltaja
Chancy;Chancy
Chaos Elemental;Chaos Elemental
Chaos Elemental Jr.;Chaos Elemental Jr.
Chaos Fanatic;Chaos Fanatic
Chaos Golem;Kaaos Golem
Chaos druid;Kaaosdruidi
Chaos druid warrior;Kaaosdruidisoturi
Chaos dwarf;Kaaoksen kääpiö
Chaotic death spawn;Kaoottinen kuoleman kuteminen
Charles;Charles
Charles Charlington;Charles Charlington
Charley;Charley
Charlie;Charlie
Charlie Brown;Charlie Brown
Charlie the Tramp;Charlie Kulkuri
Charlie the cook;Charlie kokki
Charmed Warrior;Charmed Warrior
Chasm Crawler;Chasm Crawler
Checkal;Checkal
Cheerleader;Cheerleader
Chef Olivia;kokki Olivia
Chemist;Kemisti
Cheryl;Cheryl
Chicken;Kana
Chief Farmer;Pääviljelijä
Chief Tess;Päällikkö Tess
Chief servant;Pääpalvelija
Child;Lapsi
Chinchompa;Chinchompa
Choke devil;Kurkkupaholainen
Chompy bird;Nuhjuinen lintu
Chompy chick;Pulloinen poikanen
Chronozon;Chronozon
Chronozon (hard);Chronozon (kova)
Chuck;Heittää
Cirdan;Cirdan
City guard;Kaupungin vartija
Civilian;Siviili
Clan Guard;Klaanin vartija
Claude;Claude
Claus the chef;Claus kokki
Clay golem;Savigolem
Cleaner;Siivooja
Cleddyf;Cleddyf
Clerk;Virkailija
Clerris;Clerris
Clivet;Clivet
Clockwork cat;Kellomainen kissa
Clothears;Vaatteet
Co-ordinator;Koordinaattori
Coal;Hiili
Cob;Cob
Cockathrice;Cockathrice
Cockatrice;Cockatrice
Coenus;Coenus
Col. O'Niall;Eversti O'Niall
Colonel Grimsson;Eversti Grimsson
Colonel Radick;Eversti Radick
Colossal Hydra;Colossal Hydra
Combat Instructor;Taisteluohjaaja
Combat Test;Taistelutesti
Combat Test (maxhit);Taistelutesti (maxhit)
Combat stone;Taistelukivi
Commander Connad;Komentaja Connad
Commander Fullore;Komentaja Fullore
Commander Montai;Komentaja Montai
Commander Veldaban;Komentaja Veldaban
Commander Zilyana;komentaja Zilyana
Commissioner Anwar;Komissaari Anwar
Competition Judge;Kilpailun tuomari
Confused barbarian;Hämmentynyt barbaari
Confusion beast;Hämmennys peto
Conrad King;Conrad King
Conwenna;Conwenna
Cook;Kokki
Cooking tutor;Ruoanlaiton opettaja
Cool Mom227;Siisti äiti227
Copper longtail;Kupari pitkähäntä
Copper ore;Kuparimalmi
Corkat quo Sihar;Corkat quo Sihar
Cormorant;Merimetso
Cornelius;Cornelius
Corporeal Beast;Ruumiillinen peto
Corporeal Critter;Ruumiillinen otus
Corpse;Ruumis
Corrupt Lizardman;Korruptoitunut Lizardman
Corrupt Lizardman (hard);Korruptoitunut Lizardman (kova)
Corrupted Bat;Vioittunut Bat
Corrupted Bear;Korruptoitunut karhu
Corrupted Dark Beast;Korruptoitunut Dark Beast
Corrupted Dragon;Korruptoitunut lohikäärme
Corrupted Hunllef;Korruptoitunut Hunllef
Corrupted Rat;Vioittunut rotta
Corrupted Scorpion;Korruptoitunut Scorpion
Corrupted Spider;Korruptoitunut hämähäkki
Corrupted Unicorn;Korruptoitunut yksisarvinen
Corrupted Wolf;Korruptoitunut susi
Corrupted Youngllef;Korruptoitunut Youngllef
Corrupted scavenger;Korruptoitunut raiskaaja
Corsair Traitor;Corsair petturi
Corsair Traitor (hard);Corsair Traitor (kova)
Cosmic Being;Kosminen Olento
Council workman;Neuvoston työntekijä
Councillor Andrews;Neuvoston jäsen Andrews
Councillor Halgrive;Valtuutettu Halgrive
Councillor Orson;Valtuutettu Orson
Councillor Unkar;Valtuutettu Unkar
Count Check;Count Tarkista
Count Draynor;Kreivi Draynor
Count Draynor (hard);Kreivi Draynor (kova)
Court judge;Tuomioistuimen tuomari
Cow;Lehmä
Cow (hard);Lehmä (kova)
Cow calf;Lehmän vasikka
Cow31337Killer;Lehmä31337Tappaja
Cowardly Bandit;Pelkuri Bandit
Crab;Rapu
Crafting tutor;Käsityön ohjaaja
Crate;Häkki
Crate goblin;Häkkipeikko
Crawling Hand;Indeksoiva käsi
Crawling hand;Ryömivä käsi
Crazy archaeologist;Hullu arkeologi
Creakyknees;Creakyknees
Crefydd;Crefydd
Crimson swift;Crimson Swift
Crimsonette van Marr;Crimsonette van Marr
Crocodile;Krokotiili
Crondis;Crondis
Crone;Crone
Crow;Varis
Crunchy;Rapeaa
Crusher;Murskain
Crushing hand;Murskaava käsi
Crust of ice;Jään kuori
Crypt rat;Krypta rotta
Crypt spider;Krypta hämähäkki
Crystal impling;Crystal Impling
Crystalline Bat;Crystalline Bat
Crystalline Bear;Kristallinen karhu
Crystalline Dark Beast;Crystalline Dark Beast
Crystalline Dragon;Kristallinen lohikäärme
Crystalline Hunllef;Crystalline Hunllef
Crystalline Rat;Kiteinen rotta
Crystalline Scorpion;Kristallinen Skorpioni
Crystalline Spider;Crystalline Spider
Crystalline Unicorn;Kristallinen yksisarvinen
Crystalline Wolf;Kristallinen susi
Cuffs;Hihansuut
Culinaromancer;Kulinaaromi
Culinaromancer (hard);Kulinaromanssi (kova)
Curator Haig Halen;Kuraattori Haig Halen
Curly;Kihara
Curpile Fyod;Curpile Fyod
Curufin;Curufin
Customer;Asiakas
Customs officer;Tullivirkailija
Cyclops;kyklooppi
Cyreg Paddlehorn;Cyreg Paddlehorn
Cyrisus;Cyrisus
Da Vinci;Da Vinci
Dad;Isä
Dad (hard);Isä (kova)
Daer Krand;Daer Krand
Daero;Daero
Daga;Daga
Dagannoth;Dagannoth
Dagannoth Prime;Dagannoth Prime
Dagannoth Prime Jr.;Dagannoth Prime Jr.
Dagannoth Rex;Dagannoth Rex
Dagannoth Rex Jr.;Dagannoth Rex Jr.
Dagannoth Supreme;Dagannoth Supreme
Dagannoth Supreme Jr.;Dagannoth Supreme Jr.
Dagannoth fledgeling;Dagannoth syntyessään
Dagannoth mother;Dagannothin äiti
Dagannoth mother (hard);Dagannothin äiti (kova)
Dagannoth spawn;Dagannothin kuteminen
Dakh'thoulan Aegis;Dakh'thoulan Aegis
Dalal;Dalal
Dalcian Fang (easy);Dalcian Fang (helppo)
Dalila;Dalila
Dallas Jones;Dallas Jones
Dalldav;Dalldav
Damaged clay golem;Vaurioitunut savigolem
Damien Leucurte;Damien Leucurte
Damis;Damis
Damis (hard);Damis (kova)
Dampe;Kostea
Damwin;Damwin
Dantaera;Dantaera
Darcor quo Narga;Darcor quo Narga
Dark Ankou;Tumma Ankou
Dark Core;Tumma ydin
Dark Mage;Dark Mage
Dark Squirrel;Tumma orava
Dark beast;Tumma peto
Dark core;Tumma ydin
Dark energy core;Pimeän energian ydin
Dark kebbit;Tumma kebbit
Dark mage;Tumma maagi
Dark warrior;Pimeä soturi
Dark wizard;Tumma velho
Darkmeyer Slave;Darkmeyer Slave
Darren;Darren
Dartog;Dartog
Darve;Darve
Daryl;Daryl
Dashing kebbit;Reipas kebbit
Dave;Dave
Davey;Davey
David;David
David Andrews;David Andrews
Davon;Davon
Dawn;Aamunkoitto
Dead Monk;Kuollut munkki
Dead swamp snake;Kuollut suon käärme
Deadly red spider;Tappava punainen hämähäkki
Death;Kuolema
Death spawn;Kuoleman kuteminen
Death wing;Kuoleman siipi
Deathly mage;Kuoleman taikuri
Deathly ranger;Kuolettava metsänvartija
Debra;Debra
Defiler;Defiler
Del-Monty;Del-Monty
Delrith;Delrith
Demon;Demoni
Demon butler;Demoni-hovimestari
Demonic gorilla;Demoninen gorilla
Denadu;Denadu
Denath;Denath
Denulth;Denulth
Deranged archaeologist;Hämmentynyt arkeologi
Derni;Derni
Dernu;Dernu
Derrik;Derrik
Derse Venator;Derse Venator
Derwen;Derwen
Desert Lizard;Aavikkolisko
Desert Phoenix;Aavikko Phoenix
Desert Spirit;Aavikon henki
Desert Wolf;Aavikon susi
Desert eagle;Aavikkokotka
Desert snake;Aavikon käärme
Desmodus Lasiurus;Desmodus Lasiurus
Despoina Callidra;Despoina Callidra
Dessourt;Jälkiruoka
Dessourt (hard);Jälkiruoka (kova)
Dessous;Dessous
Dessous (hard);Dessous (kova)
Devan Rutter;Devan Rutter
Deviant spectre;Poikkeava haamu
Devin Mendelberg;Devin Mendelberg
Dharok the Wretched;Dharok kurja
Diana;Diana
Diango;Diango
Dig Site workman;Kaivaustyöntekijä
Digsite workman;Digityömies
Dimintheis;Dimintheis
Diol;Diol
Diphylla Bechstein;Diphylla Bechstein
Dire Wolf;Hirveä susi
Disciple of Iban;Ibanin opetuslapsi
Disciple of Yama;Yaman opetuslapsi
Dobwinkle;Dobwinkle
Dock worker;Telakkatyöntekijä
Dockmaster;Dockmaster
Doctor Orbon;Tohtori Orbon
Dodgy Squire;Dodgy Squire
Dog;Koira
Doll;Nukke
Dominic Onion;Dominic Sipuli
Dommik;Dommik
Don;Don
Don't Know What;En tiedä mitä
Donal;Donal
Dondakan the Dwarf;Dondakan kääpiö
Donie;Donie
Donny the lad;Donny poika
Donovan the Family Handyman;Donovan perheen yleismies
Doomion;Doomion
Doomsayer;Doomsayer
Door;Ovi
Door man;Oven mies
Door-support;Ovituki
Doric;doorilainen
Doris;Doris
Double agent;Kaksoisagentti
Doug Deeping;Doug Deeping
Doyen;Vanhin
Dr Fenkenstrain;Tohtori Fenkenstrain
Dr Ford;Tohtori Ford
Dr Harlow;Tohtori Harlow
Dr Jekyll;Tohtori Jekyll
Draconis Sanguine;Draconis Sanguine
Dragon display;Dragon näyttö
Dragon impling;Lohikäärme vihjailee
Dragonkin;Dragonkin
Drain pipe;Viemäriputki
Drake;Drake
Drasdan Ranor;Drasdan Ranor
Draul Leptoc;Draul Leptoc
Dreven;Dreven
Drew;Drew
Drezel;Drezel
Driftwood;Ajopuu
Drill Sergeant;Poran kersantti
Droalak;Droalak
Drogo dwarf;Drogo-kääpiö
Dromund;Dromund
Dromund's cat;Dromundin kissa
Dron;Dron
Druid;druidi
Drunken Ali;Humalassa Ali
Drunken Dwarf;humalainen kääpiö
Drunken Dwarf's Leg;Humalaisen kääpiön jalka
Drunken man;Humalassa mies
Drunken soldier;Humalassa sotilas
Dryad;Dryad
Duck;Ankka
Duckling;Ankanpoikanen
Ducklings;Ankanpojat
Dugopul;Dugopul
Duke;Duke
Duke Horacio;Herttua Horacio
Dummy;Nukke
Dumpy;Pönäkkä
Dunce;Puupää
Dung;Lantaa
Dungeon rat;Dungeon rotta
Dunstan;Dunstan
Duradel;Duradel
Durgok;Durgok
Dusk;Hämärä
Dust devil;Pöly paholainen
Dusty Aliv;Pölyinen Aliv
Dusuri;Dusuri
Dwarf;Kääpiö
Dwarf gang member;Kääpiöjengi jäsen
Dwarven Boatman;Kääpiö Boatman
Dwarven Engineer;Kääpiöinsinööri
Dwarven Ferryman;Dwarven Ferryman
Dwarven Miner;Dwarven Miner
Eadburg;Eadburg
Eadgar;Eadgar
Eagle;Kotka
Earth Warrior Champion;Earth Warrior -mestari
Earth elemental;Maan alkuaine
Earth impling;Maa vaikuttaa
Earth warrior;Maan soturi
Earth wizard;Maan velho
Earwen;Earwen
Eblis;Eblis
Echned Zekin;Echned Zekin
Eclectic impling;Eklektinen impling
Ed;Ed
Ed Wood;Ed Wood
Edmond;Edmond
Edrahil;Edrahil
Eduard;Eduard
Edward;Edward
Eebel;Eebel
Eek;Eek
Efa;Efa
Effigy;Effigy
Egg;Muna
Egg launcher;Munanheitin
Einar;Einar
Eira;Eira
Ek'ans Chan;Ek'ans Chan
Ektheme;Ektheme
Eldalote;Eldalote
Elder Chaos druid;Vanhin Chaos-druidi
Elder Gnome child;Vanhin Gnome-lapsi
Elder Guard;Vanhin vartija
Elderly Elf;Vanha tonttu
Eldgrim;Eldgrim
Elemental balance;Elementaarinen tasapaino
Elemental rock;Elementaarinen rock
Elena;Elena
Elena Hosidius;Elena Hosidius
Elenwe;Elenwe
Elf Archer;Elf Archer
Elf Hermit;Tonttu Erakko
Elf Tracker;Elf Tracker
Elf Warrior;Tonttu soturi
Elfinlocks;Elfinlocks
Elgan;Elgan
Elijah;Elijah
Elisabeta;Elisabeta
Elise;Elise
Elissa;Elissa
Elite Void Knight;Elite Void Knight
Elizabeth;Elizabeth
Elkoy;Elkoy
Elladan;Elladan
Ellen;Ellen
Ellena;Ellena
Ellie;Ellie
Ellis;Ellis
Elly the Camel;Elly kameli
Elnock Inquisitor;Elnock inkvisiittori
Elsie;Elsie
Elstan;Elstan
Eluned;Eluned
Elvarg;Elvarg
Elvarg (hard);Elvarg (kova)
Elven Scout;Haltioiden Scout
Embalmer;Palsamointilaite
Emblem Trader;Tunnuskauppias
Emerald Benedict;Smaragdi Benedict
Emilia;Emilia
Emily;Emily
Enakhra;Enakhra
Enchanted Broom;Lumottu luuta
Enchanted Bucket;Enchanted Bucket
Enchantment Guardian;Enchantment Guardian
Enclave guard;Enklaavin vartija
Enel;Enel
Enelye;Enelye
Enerdhil;Enerdhil
Energy focus (blue);Energiafokus (sininen)
Energy focus (green);Energiafokus (vihreä)
Energy focus (red);Energiafokus (punainen)
Energy focus (white);Energiafokus (valkoinen)
Energy sprite;Energia sprite
Engineer;Insinööri
Engineering assistant;Insinööriavustaja
Enilly;Enilly
Eniola;Eniola
Enoch;Enoch
Enormous Tentacle;Valtava lonkero
Enraged Tektiny;Raivostunut Tektiny
Enraged barbarian spirit;Raivostunut barbaarihenki
Ent;Ent
Entomologist;Entomologi
Entrana firebird;Entrana tulilintu
Entrance Guardian;Sisäänkäynnin valvoja
Eodan;Eodan
Eohric;Eohric
Eoin;Eoin
Episcula Helsing;Episcula Helsing
Erdan;Erdan
Erestor;Erestor
Eric;Eric
Ermin;Ermin
Ernest;Ernest
Erodoeht;Erodoeht
Escaping slave;Pakene orja
Essence impling;Essence Impling
Essyllt;Essyllt
Essyllt (hard);Essyllt (kova)
Estate agent;Kiinteistönvälittäjä
Esther;Esther
Ethereal Expert;Eetterinen asiantuntija
Ethereal Fluke;Eteerinen Fluke
Ethereal Guide;Eetterinen opas
Ethereal Lady;Eetterinen Lady
Ethereal Man;Eetterinen Mies
Ethereal Mimic;Eteerinen jäljitelmä
Ethereal Numerator;Eteerinen osoittaja
Ethereal Perceptive;Eteerinen Perceptive
Eudav;Eudav
Eve;Eeva
Evil Bob;Paha Bob
Evil Chicken;Paha kana
Evil Chicken (hard);Evil Chicken (kova)
Evil Dave;Paha Dave
Evil creature;Paha olento
Evil spirit;Paha henki
Ewesey;Ewesey
Examiner;Tarkastaja
Executioner;Pyöveli
Experiment;Kokeilu
Experiment No.2;Koe nro 2
Ezekial Lovecraft;Ezekial Lovecraft
Factory Manager;Tehdaspäällikkö
Factory Worker;Tehdastyöläinen
Fadli;Fadli
Fairy;Keiju
Fairy Aeryka;Keiju Aeryka
Fairy Fixit;Fairy Fixit
Fairy Godfather;Keiju Kummisetä
Fairy Nuff;Fairy Nuff
Fairy Queen;Keiju kuningatar
Fairy Very Wise;Keiju Erittäin Viisas
Fairy chef;Keiju kokki
Fairy shop assistant;Keiju myyjä
Fairy shop keeper;Keijukaupan pitäjä
Fake Man;Fake Mies
Fallen Man;Langennut Mies
Falo the Bard;Falo Bard
Fancy Dan;Ihana Dan
Fanellaman;Fanellaman
Fareed;Fareed
Fareed (hard);Kävi (kova)
Farid Morrisane (ores and bars);Farid Morrisane (malmit ja patukat)
Farmer;Maanviljelijä
Farmer Brumty;Maanviljelijä Brumty
Farmer Fromund;Maanviljelijä Fromund
Farmer Gricoller;Maanviljelijä Gricoller
Farmer Hayfield;Maanviljelijä Hayfield
Farmer's wife;Maanviljelijän vaimo
Farolt;Farolt
Fat Rocco;Lihava Rocco
Fat Tony;Lihava Tony
Father Aereck;Isä Aereck
Father Badden;Isä Badden
Father Eysseric;Isä Eysseric
Father Jean;Isä Jean
Father Lawrence;Isä Lawrence
Father Reen;Isä Reen
Father Urhney;Isä Urhney
Fayeth;Fayeth
Feanor;Feanor
Fear reaper;Pelkää viikatemies
Felfiz Yaryus;Felfiz Yaryus
Felkrash;Felkrash
Female slave;Naisorja
Femi;Femi
Fenkenstrain's Monster;Fenkenstrainin hirviö
Feral Vampyre;Villi vampyyri
Ferd;Ferd
Fernahei;Fernahei
Ferocious barbarian spirit;Raivoisa barbaarihenki
Ferox;Ferox
Ferret;Fretti
Ferryman Nathwood;Lauttamies Nathwood
Ferryman Sathwood;Lauttamies Sathwood
Fever spider;Kuume hämähäkki
Ffoni;Ffoni
Fidelio;Fidelio
Fightslave;Fightslave
Filamina;Filamiini
Filliman Tarlock;Filliman Tarlock
Financial Seer;Talousnäkijä
Financial Wizard;Finanssinero
Finarfin;Finarfin
Findis;Findis
Finduilas;Finduilas
Fingolfin;Fingolfiini
Fingon;Fingon
Finn;suomalainen
Fionella;Fionella
Fior;Fior
Fire Warrior of Lesarkus;Lesarkuksen tulisoturi
Fire elemental;Tuli elementaali
Fire giant;Tuli jättiläinen
Fire wizard;Palovelho
First Mate Deri;Ensimmäinen perämies Deri
First Mate Peri;Ensimmäinen perämies Peri
First mate 'Davey-boy';Esikaveri "Davey-boy"
Fish;Kalastaa
Fish monger;Kalakauppias
Fish shoal;Kalaparvi
Fishbowl;Fishbowl
Fisherman;Kalastaja
Fisherman Frodi;Kalastaja Frodi
Fishing spot;Kalastuspaikka
Fishing tutor;Kalastuksen ohjaaja
Fishmonger;Kalakauppias
Fiyr Shade;Fiyr Shade
Fiyr Shadow;Fiyr Shadow
Flambeed;Flambeed
Flambeed (hard);Flambeed (kova)
Flaming pyrelord;Lievä pyrelordi
Flawed Golem;Virheellinen Golem
Flax keeper;Pellavanvartija
Flaygian Screwte;Flaygian Screwte
Flesh Crawler;Flesh Crawler
Flies;Kärpäsiä
Flight Kilisa;Lento Kilisa
Flippa;Flippa
Flockleader Geerin;Parvenjohtaja Geerin
Floki;Floki
Florin;Florin
Flosi Dalksson;Flosi Dalksson
Flower;Kukka
Flower Girl;Kukkatyttö
Fly trap;Kärpäsloukku
Flying Book;Lentävä kirja
Flying Vespina;Lentävä Vespina
Flying female vampire;Lentävä naisvampyyri
Flynn;Flynn
Foreman;Työnjohtaja
Forester;Metsänhoitaja
Forester (hard);Metsänhoitaja (kova)
Forgotten Soul;Unohtunut sielu
Former Vampyre;Entinen vampyyri
Fornek quo Maten;Fornek quo Maten
Fortress Guard;Linnoituksen vartija
Fortunato;Fortunato
Fossegrimen;Fossegrimen
Fossil Collector;Fossiilien keräilijä
Fossil Rock;Fossiilinen kivi
Fox;Kettu
Fragment of Seren;Fragmentti Serenistä
Francis;Francis
Francois;Francois
Frank;Frank
Frankie;Frankie
Franklin Caranos;Franklin Caranos
Freaky Forester;Hullu metsänhoitaja
Freald;Freald
Fred the Farmer;Fred maanviljelijä
Freidir;Freidir
Freja;Freja
Fremennik Warrior;Fremennik Warrior
Frenita;Frenita
Freygerd;Freygerd
Fridgeir;Jääkaappi
Fridleif Shieldson;Fridleif Shieldson
Frincos;Frincos
Fritz the Glassblower;Fritz lasinpuhallin
Frizzy Skernip;Pörröinen Skernip
Frog;Sammakko
Frog prince;Sammakkoprinssi
Frog princess;Sammakkoprinsessa
Frogeel;Frogeel
Froono;Froono
Fuggy;Tunkkainen
Fullangr;Fullangr
Fungi;Sienet
Fur trader;Turkiskauppias
Furnace grate;Uunin arina
Fycie;Fycie
Fyiona Fray (easy);Fiiona Fray (helppo)
G.L.O. Caranock;G.L.O. Caranock
GPDT employee;GPDT työntekijä
Gabooty;Gabooty
Gabriela;Gabriela
Gadderanks;Gadderankit
Gadrin;Gadrin
Gaius;Gaius
Galahad;Galahad
Galana;Galana
Galathil;Galathil
Galina;Galina
Gallow;Gallow
Galvek;Galvek
Gamer;Pelaaja
Gamfred;Gamfred
Gang boss;Ryhmän pomo
Gangster;Gangsteri
Garai;Garai
Garbek quo Maten;Garbek quo Maten
Garden supplier;Puutarhan toimittaja
Gardener;Puutarhuri
Gardener Ghost;Puutarhuri Ghost
Gardener Gunnhild;Puutarhuri Gunnhild
Gardener Jay Jr.;Puutarhuri Jay Jr.
Gargh;Gargh
Gargoyle;Irvikuva
Garkor;Garkor
Garl;Garl
Garth;Garth
Garv;Garv
Gate of War;Sodan portti
Gatekeeper;Portinvartija
Gauss;Gauss
Gee;Jep
Gelatinnoth Mother;Gelatinnoth äiti
Gelatinnoth Mother (hard);Gelatinnoth Mother (kova)
Gelin;Gelin
Gelmir;Gelmir
Gem;Helmi
Gem merchant;Jalokivikauppias
Gem trader;Jalokivikauppias
Gene;Gene
General Babacus;Kenraali Babacus
General Bentnoze;Kenraali Bentnoze
General Graardor;Kenraali Graardor
General Graardor Jr.;Kenraali Graardor Jr.
General Hining;Kenraali Hining
General Khazard;Kenraali Khazard
General Kilian;Kenraali Kilian
General Salara;Kenraali Salara
General Vir;Kenraali Vir
General Wartface;Yleinen Wartface
Generic Diplomat;Yleinen diplomaatti
Genie;Genie
George Laxmeister;George Laxmeister
Georgy;Georgiy
Gerald;Gerald
Gerrant;Gerrant
Gertrude;Gertrude
Gertrude's cat;Gertruden kissa
Gethin;Gethin
Ghaslor the Elder;Ghaslor vanhin
Ghast;Ghast
Ghommal;Ghommal
Ghost;Aave
Ghost (?);Aave (?)
Ghost banker;Kummituspankkiiri
Ghost captain;Kummituskapteeni
Ghost disciple;Aave opetuslapsi
Ghost farmer;Haamuviljelijä
Ghost guard;Kummitusvartija
Ghost innkeeper;Ghost majatalon pitäjä
Ghost sailor;Ghost merimies
Ghost shopkeeper;Haamukauppias
Ghost villager;Kummituskyläläinen
Ghoul;Ghoul
Ghoul Champion;Ghoul-mestari
Gianne jnr.;Gianne jnr.
Giant;Jättiläinen
Giant Champion;Jättiläinen mestari
Giant Lobster;Jättiläinen hummeri
Giant Mole;Jättiläinen myyrä
Giant Roc;Jättiläinen Roc
Giant Roc (hard);Giant Roc (kova)
Giant Rock Crab;Jättiläinen kalliorapu
Giant Sea Snake;Jättiläinen merikäärme
Giant Squirrel;Jättiläinen orava
Giant bat;Jättiläinen lepakko
Giant crypt rat;Jättiläinen kryptorta
Giant crypt spider;Jättiläinen kryptahämähäkki
Giant frog;Jättiläinen sammakko
Giant lobster;Jättiläinen hummeri
Giant mosquito;Jättiläinen hyttynen
Giant rat;Jättiläinen rotta
Giant rockslug;Jättiläinen kivietana
Giant scarab;Jättiläinen skarabeus
Giant scarab (hard);Jättiläinen skarabe (kova)
Giant skeleton;Jättiläinen luuranko
Giant snail;Jättiläinen etana
Giant spider;Jättiläinen hämähäkki
Gielinor Guide;Gielinor opas
Giles;Giles
Gileth;Gileth
Gillie Groats;Gillie Groats
Giral bat;Tyttö lepakko
Gita Prymes;Gita Prymes
Gladiator;Gladiaattori
Glenda;Glenda
Glod;Glod
Glod (hard);Glod (kova)
Glorfindel;Glorfindel
Glough;Glough
Glouphrie the Untrusted;Glouphrie epäluotettava
Gnocci the Cook;Gnocci kokki
Gnome;Gnome
Gnome Archer;Gnome Archer
Gnome Coach;Gnome valmentaja
Gnome Driver;Gnome ohjain
Gnome Mage;Gnome Mage
Gnome Waiter;Gnome tarjoilija
Gnome ball referee;Gnome-pallotuomari
Gnome baller;Gnome baller
Gnome banker;Gnome pankkiiri
Gnome child;Gnome lapsi
Gnome companion;Gnome kumppani
Gnome emissary;Gnome lähettiläs
Gnome guard;Gnome vartija
Gnome shop keeper;Gnome-kauppias
Gnome soldier;Gnome sotilas
Gnome trainer;Gnome kouluttaja
Gnome traveller;Gnome matkustaja
Gnome troop;Gnome-joukko
Gnome winger;Gnome-laitahyökkääjä
Gnome woman;Gnome nainen
Gnormadium Avlafrim;Gnormadium Avlafrim
Gnosi;Gnosi
Goat;Vuohi
Goat Poo;Vuohen kakka
Goblin;Goblin
Goblin Champion;Goblin-mestari
Goblin Cook;Goblin Cook
Goblin fish;Goblin kala
Goblin guard;Goblin vartija
Goblin scribe;Goblin kirjuri
Godric;Godric
Gold ore;Kultamalmi
Golden sheep;Kultainen lammas
Golden warbler;Kultainen koura
Golem;Golem
Golova;Golova
Golrie;Golrie
Gorad;Gorad
Gorak;Gorak
Gordon;Gordon
Goreu;Goreu
Gorhak quo Narga;Gorhak quo Narga
Gorilla;Gorilla
Gossip;Juoruja
Gourmet;Gourmet
Gourmet impling;Gourmet impling
Grace;Armo
Grail Maiden;Graal Maiden
Grand Exchange Clerk;Suuri vaihtovirkailija
Grandpa Jack;Isoisä Jack
Grave;Hauta
Grave digger;Haudankaivaja
Grave scorpion;Hauta skorpioni
Graveyard Guardian;Hautausmaan vartija
Gravingas;Gravingas
Greasycheeks;Rasvaiset posket
Great Olm;Suuri Olm
Great Olm (Left claw);Great Olm (vasen kynsi)
Great Olm (Right claw);Great Olm (oikea kynsi)
Great blue heron;Suuri sininen haikara
Greater Nechryael;Suur-Nechryael
Greater Skeleton Hellhound;Suurluuranko Hellhound
Greater abyssal demon;Suurempi kuiludemoni
Greater demon;Suurempi demoni
Greater ghostly thrall;Suurempi aavemainen jännitys
Greater skeletal thrall;Suurempi luuranko
Greater zombified thrall;Suurempi zombisoitunut jännitys
Green Gemstone Director;Green Gemstone johtaja
Green Gemstone Secretary;Vihreän jalokiven sihteeri
Green Sheep;Vihreä lammas
Green dragon;Vihreä lohikäärme
Green fireflies;Vihreät tulikärpäset
Greengrocer;Vihanneskauppias
Greldo;Greldo
Grew;Kasvoi
Grey golem;Harmaa golem
Grigor Rasputin;Grigor Rasputin
Grigore;Grigore
Grimesquit;Grimesquit
Grimgnash;Grimgnash
Grinka Krast;Grinka Krast
Grip;Pito
Grish;Grish
Grizzly bear;Harmaakarhu
Grizzly bear cub;Grizzly-karhunpentu
Growler;Growler
Growthling;Kasvava
Grubfoot;Grubfoot
Grubor;Grubor
Gruff McScruff;Gruff McScruff
Grug;Grug
Gruh;Gruh
Grum;Grum
Grundt;Grundt
Gruva Patrull;Gruva Patrull
Guanic bat;Guaanilepakko
Guard;Vartija
Guard Bandit;Vartija Bandit
Guard Captain;Vartijan kapteeni
Guard Recruiter;Vartijan rekrytoija
Guard Vemmeldo;Vartija Vemmeldo
Guard dog;Vartiokoira
Guardian Drake;Guardian Drake
Guardian mummy;Suojelijamuumio
Guardian of Armadyl;Armadylin vartija
Guidor;Guidor
Guildmaster;Kiltamestari
Guildmaster Jane;Kiltamestari Jane
Guildmaster Lars;Kiltamestari Lars
Guilin;Guilin
Guinevere;Guinevere
Gujuo;Gujuo
Gull;Lokki
Gulldamar;Gulldamar
Gulluck;Gulluck
Gundai;Gundai
Gundik;Gundik
Gunnar Holdstrom;Gunnar Holdström
Gunnjorn;Gunnjorn
Gunslik;Gunslik
Gunthor the brave;Gunthor rohkea
Guthan the Infested;Guthanin saastuttamat
Gwallter;Gwallter
Gwerin Hapus;Gwerin Hapus
Gwindor;Gwindor
Gwyl;Gwyl
Gwyn;Gwyn
Gypsy;Mustalainen
Gypsy Aris;Gypsy Aris
Gyr Falcon;Gyr Falcon
H.A.M. Archer;KINKKU. Jousimies
H.A.M. Deacon;KINKKU. Diakoni
H.A.M. Guard;KINKKU. Vartija
H.A.M. Mage;KINKKU. Mage
H.A.M. Member;KINKKU. Jäsen
HAM member;HAM:n jäsen
HRH Hrafn;HRH Hrafn
Habibah;Habibah
Hadley;Hadley
Haemas Lamescus;Haemas Lamescus
Haera;Haera
Hafuba;Hafuba
Hairdresser;Kampaaja
Hajedy;Hajedy
Haldor quo Keran;Haldor quo Keran
Half-Zombie;Puoli-zombi
Half-soulless;Puolisieluton
Halla;Halla
Hallak;Hallak
Hamab;Hamab
Hamal the Chieftain;Hamal päällikkö
Hameln the Jester;Hameln narri
Hamid;Hamid
Haming;Haming
Hammerspike Stoutbeard;Hammerspike Stoutbeard
Hanchen the Hound;Hanchen koira
Hangman game;Hangman peli
Hans;Hans
Hari;Hari
Haris;Haris
Harold;Harold
Harold Evans;Harold Evans
Harpert;Harpert
Harpie Bug Swarm;Harpie Bug Swarm
Harrallak Menarous;Harrallak Menarous
Harry;Harry
Haskell;Haskell
Hassan;Hassan
Hatius Cosaintus;Hatius Cosaintus
Haze;Haze
Hazeel;Hazeel
Hazeel Cultist;Hazeel-kultisti
Hazelmere;Hazelmere
Head;Pää
Head Guard;Pääsuoja
Head Mourner;Pääsuri
Head Thief;Päävaras
Head chef;Pääkokki
Headless Beast;Päätön peto
Headless Beast (hard);Päätön peto (kova)
Healthorg and tortoise;Terveysorg ja kilpikonna
Heckel Funch;Heckel Funch
Hegir;Hegir
Helemos;Helemos
Helena;Helena
Helga;Helga
Hell-Rat;Helvetin rotta
Hell-kitten;Helvetin kissanpentu
Hellcat;Hellcat
Hellhound;Helvettikoira
Hellpuppy;Helppuppy
Hendor;Hendor
Hengel;Hengel
Hengrad;Hengrad
Henja;Henja
Henryeta Carnillean;Henryeta Carnillean
Herbi;Herbi
Herbiboar;Herbiboar
Herman Caranos;Herman Caranos
Hero;Sankari
Heron;Harmaahaikara
Herquin;Herquin
Hervi;Hervi
Heskel;Heskel
Hespori;Hespori
Het;Het
Hetty;Hetty
Hewey;Hei hei
Hickton;Hickton
Hieve;Hieve
High Priest;Ylimmäinen pappi
High Priestess Zul-Harcinqa;Ylipappitar Zul-Harcinqa
Highwayman;Moottoritiemies
Hild;Hild
Hill Giant;Hill Giant
Hirko;Hirko
Historian Duffy;Historioitsija Duffy
Historian Minas;Historioitsija Minas
Hiylik Myna;Hei Myna
Hobbes;Hobbes
Hobgoblin;Peikko
Hobgoblin Champion;Hobgoblin-mestari
Hofuthand (weapons and armour);Hofuthand (aseet ja panssari)
Hole in the wall;Reikä seinässä
Holgart;Holgart
Holoy;Holoy
Holthion;Holthion
Homunculus;Homunculus
Honest Jimmy;Rehellinen Jimmy
Honour guard;Kunniavartija
Hooded Figure;Hupullinen figuuri
Hooknosed Jack;Koukkukärkinen Jack
Hoop Snake;Hoop Snake
Hopeless beast;Toivoton peto
Hopeless creature;Toivoton olento
Hopleez;Hopleez
Hops;Humala
Horace;Horace
Horacio;Horacio
Horned graahk;Sarvimainen graahk
Horphis;Horphis
Horvik;Horvik
Hosa;Hosa
House;Talo
Hring Hring;Hring Hring
Hudo;Hudo
Hudon;Hudon
Huge spider;Valtava hämähäkki
Hugor;Hugor
Hunding;Hunding
Hunting expert;Metsästyksen asiantuntija
Hura;Hura
Husk;Kuori
Hydra;Hydra
Hygd;Hygd
Ian;Ian
Iban;Iban
Ice Queen;Jääkuningatar
Ice Troll;Jääpeikko
Ice Troll King;Jääpeikkokuningas
Ice Troll King (hard);Jääpeikkokuningas (kova)
Ice block;Jääpala
Ice demon;Jäädemoni
Ice giant;Jääjättiläinen
Ice spider;Jäähämähäkki
Ice troll;Jäätrolli
Ice troll female;Naaras jääpeikko
Ice troll grunt;Jääpeikko murisee
Ice troll male;Jääpeikko mies
Ice troll runt;Jääpeikkojuoksu
Ice warrior;Jääsoturi
Ice wolf;Jääsusi
Iceberg;Jäävuori
Icefiend;Icefiend
Icelord;Icelord
Icicle;Jääpuikko
Icthlarin;Icthlarin
Idril;Idril
Idris;Idris
Iestin;Iestin
Ifaba;Ifaba
Iffie;Iffie
Ignatius Vulcan;Ignatius Vulcan
Ignisia;Ignisia
Ikkle Hydra;Ikkle Hydra
Ileana;Ileana
Ilfeen;Ilfeen
Ima;Ima
Imerominia;Imerominia
Imiago;Imiago
Imin;Imin
Iminye;Iminye
Immenizz;Immenizz
Imp;Imp
Imp Champion;Imp-mestari
Imp defender;Imp-puolustaja
Imre;Imre
Incapacitated Pyromancer;Toimintakyvytön Pyromancer
Indis;Indis
Infernal Mage;Infernal Mage
Infernal pyrelord;Helvetin pyrelordi
Information clerk;Tietovirkailija
Inga;Inga
Ingrid;Ingrid
Ingrid Hradson;Ingrid Hradson
Ingwe;Ingwe
Ingwion;Ingwion
Inn Keeper;Inn Keeper
Innocent-looking key;Viattoman näköinen avain
Insatiable Bloodveld;Kyltymätön Bloodveld
Insatiable mutated Bloodveld;Kyltymätön mutatoitunut Bloodveld
Invrigar the Necromancer;Invrigar the Necromancer
Iona;Iona
Iorwerth Archer;Iorwerth Archer
Iorwerth Warrior;Iorwerth Warrior
Irena;Irena
Irene;Irene
Irina;Irina
Irksol;Irksol
Iron Man tutor;Iron Man tutor
Iron dragon;Rautainen lohikäärme
Iron ore;Rautamalmi
Iron pickaxe;Rautahakku
Irvig Senay;Irvig Senay
Irwin Feaselbaum;Irwin Feaselbaum
Ish the Navigator;Ish the Navigator
Ishmael;Ismael
Islwyn;Islwyn
Istoria;Istoria
Ithoi the Navigator;Ithoi Navigaattori
Ivan;Ivan
Ivan Strom;Ivan Strom
Iwan;Iwan
Iwazaru;Iwazaru
Jack;Jack
Jack Sails;Jack Sails
Jack Seagull;Jack Lokki
Jackal;Sakaali
Jacky Jester;Jacky Jester
Jade;Jade
Jadid;Jadid
Jagbakoba;Jagbakoba
Jail guard;Vankilan vartija
Jailer;Vanginvartija
Jake;Jake
Jal-Ak;Jal-Ak
Jal-AkRek-Ket;Jal-AkRek-Ket
Jal-AkRek-Mej;Jal-AkRek-Mej
Jal-AkRek-Xil;Jal-AkRek-Xil
Jal-ImKot;Jal-ImKot
Jal-MejJak;Jal-MejJak
Jal-MejRah;Jal-MejRah
Jal-Nib;Jal-Nib
Jal-Nib-Rek;Jal-Nib-Rek
Jal-Xil;Jal-Xil
Jal-Zek;Jal-Zek
JalRek-Jad;JalRek-Jad
JalTok-Jad;JalTok-Jad
James;James
Jamila;Jamila
Jaraah;Jaraah
Jardric;Jardric
Jari;Jari
Jarr;Jarr
Jarvald;Jarvald
Jatix;Jatix
Jayene Kliyn (medium);Jayene Kliyn (keskikokoinen)
Jeb;Jeb
Jeed;Jeed
Jeff;Jeff
Jelly;Hyytelö
Jennella;Jennella
Jennifer;Jennifer
Jenny Blade;Jenny Blade
Jeremy Clerksin;Jeremy Clerksin
Jerico;Jerico
Jess;Jess
Jessie;Jessie
Jethick;Jethick
Jewelled Crab;Jalokivirapu
Jewelled Crab (blue);Jalokivirapu (sininen)
Jewelled Crab (green);Jalokivirapu (vihreä)
Jewelled Crab (red);Jalokivirapu (punainen)
Jex;Jex
Jig cart;Jig-kärry
Jill;Jill
Jiminua;Jiminua
Jimmy;Jimmy
Jimmy Dazzler;Jimmy Dazzler
Jimmy the Chisel;Jimmy taltta
Joe;Joe
Jofridr Mordstatter;Jofridr Mordstatter
Jogre;Jogre
Jogre Champion;Jogren mestari
Johanhus Ulsbrecht;Johanhus Ulsbrecht
John;John
Johnathon;Johnathon
Jokul;Jokul
Jon;Jon
Jonathan;Jonathan
Jonny the beard;Jonny parta
Jorra;Jorra
Jorral;Jorral
Jorzik;Jorzik
Joseph;Joseph
Joshua;Joshua
Jossik;Jossik
Jubbly bird;Pirteä lintu
Jubster;Jubster
Judge of Yama;Yaman tuomari
Jukat;Jukat
Julie;Julie
Juliet;Julia
Jumaane;Jumaane
Juna;Juna
Jungle Demon;Viidakon demoni
Jungle Demon (hard);Viidakkodemoni (kova)
Jungle Wolf;Viidakon susi
Jungle eagle;Viidakon kotka
Jungle forester;Viidakon metsänhoitaja
Jungle horror;Viidakon kauhu
Jungle savage;Viidakon villi
Jungle spider;Viidakon hämähäkki
Junior Navigator;Junior Navigaattori
Jury;Tuomaristo
Justiciar Zachariah;Tuomari Zachariah
Justin Servil;Justin Servil
Justine;Justine
Jyn;Jyn
K'klik;K'klik
K'ril Tsutsaroth;K'ril Tsutsaroth
K'ril Tsutsaroth Jr.;K'ril Tsutsaroth Jr.
KGP Agent;KGP-agentti
KGP Guard;KGP vartija
Kaal-Ket-Jor;Kaal-Ket-Jor
Kaal-Mej-San;Kaal-Mej-San
Kaal-Xil-Dar;Kaal-Xil-Dar
Kael Forshaw;Kael Forshaw
Kaht B'alam;Kaht B'alam
Kai;Kai
Kaleb Paramaya;Kaleb Paramaya
Kalphite Guardian;Kalphite Guardian
Kalphite Larva;Kalfiitin toukka
Kalphite Princess;Kalphiten prinsessa
Kalphite Queen;Kalphiten kuningatar
Kalphite Soldier;Kalphite sotilas
Kalphite Worker;Kalphiten työntekijä
Kalrag;Kalrag
Kalron;Kalron
Kamen;Kamen
Kamfreena;Kamfreena
Kamil;Kamil
Kamil (hard);Kamil (kova)
Kanel;Kanel
Kaqemeex;Kaqemeex
Karaday;Karaday
Karam;Karam
Karamel;Karamel
Karamel (hard);Karamel (kova)
Karamthulhu;Karamthulhu
Kardia;Kardia
Karil the Tainted;Karil Tainted
Karim;Karim
Karl;Karl
Kaston;Kaston
Kathy Corkat;Kathy Corkat
Katrine;Katrine
Kaylee;Kaylee
Kazemde;Kazemde
Kazgar;Kazgar
Kebbit;Kebbit
Keef;Keef
Keepa Kettilon;Keepa Kettilon
Keith;Keith
Kelvin;Kelvin
Kelyn;Kelyn
Kendall;Kendall
Kenelme;Kenelme
Kennith;Kennith
Kent;Kent
Ket'sal K'uk;Ket'sal K'uk
Ket-Zek;Ket-Zek
Key Master;Avaimen mestari
Kharid Scorpion;Kharid Scorpion
Khazard Guard;Khazardin vartija
Khazard Ogre;Khazard Ogre
Khazard Scorpion;Khazard Scorpion
Khazard barman;Khazard baarimikko
Khazard commander;Khazardin komentaja
Khazard trooper;Khazard sotilas
Khazard warlord;Khazard sotapäällikkö
Khazard warlord (hard);Khazard sotapäällikkö (kova)
Khorvak, a dwarven engineer;Khorvak, kääpiöinsinööri
Kikazaru;Kikazaru
Killer;Tappaja
Killerwatt;Killerwatt
Kilron;Kilron
Kineer;Kineer
King Arthur;Kuningas Arthur
King Artur Hosidius;Kuningas Artur Hosidius
King Awowogei;Kuningas Awowogei
King Black Dragon;King Black Dragon
King Bolren;Kuningas Bolren
King Gjuki Sorvott IV;Kuningas Gjuki Sorvott IV
King Healthorg;Kuningas Healthorg
King Kandur Hosidius;Kuningas Kandur Hosidius
King Lathas;Kuningas Lathas
King Narnode Shareen;Kuningas Narnode Shareen
King Percival;Kuningas Percival
King Roald;Kuningas Roald
King Roald (hard);King Roald (kova)
King Sand Crab;Kuningas hiekkarapu
King Scorpion;Kuningas Skorpioni
King Thoros;Kuningas Thoros
King Vargas;Kuningas Vargas
King kurask;King kurask
King rat;Kuningas rotta
King's Messenger;Kuninkaan lähettiläs
Kitten;Kissanpentu
Kjedelig Uppsen;Kjedelig Uppsen
Kjut;Kjut
Klank;Klank
Klarense;Klarense
Klenter;Klenter
Knight;Ritari
Knight of Ardougne;Ardougnen ritari
Knight of Saradomin;Saradomin ritari
Knight of Varlamore;Varlamoren ritari
Knight of the Lion;Leijonan ritari
Knight of the Owl;Pöllön ritari
Knight of the Unicorn;Yksisarvisen ritari
Knight of the Wolf;Suden ritari
Koanee;Koanee
Kob;Kob
Koftik;Koftik
Kolodion;Kolodion
Konar quo Maten;Konar quo Maten
Konoo;Konoo
Kormar quo Maten;Kormar quo Maten
Kortan;Kortan
Koschei the Deathless;Koschei Kuolematon
Koschei the deathless;Koschei kuolematon
Kragen;Kragen
Kraka;Kraka
Kraken;Kraken
Krato;Krato
Kree'arra;Kree'arra
Kree'arra Jr.;Kree'arra Jr.
Kroy;Kroy
Kruk;Kruk
Kryket bat;Kryket-lepakko
Krystilia;Krystilia
Ksenia;Ksenia
Kualti;Kualti
Kubec Unkar;Kubec Unkar
Kurask;Kurask
Kurt;Kurt
Kylie Minnow;Kylie Minnow
Lacey;Lacey
Lady Carys Hefin;Lady Carys Hefin
Lady Crombwick;Lady Crombwick
Lady Ffion Meilyr;Lady Ffion Meilyr
Lady Keli;Lady Keli
Lady Kelyn Ithell;Lady Kelyn Ithell
Lady Nadezhda Shadum;Lady Nadezhda Shadum
Lady Servil;Lady Servil
Lady Shauna Piscarilius;Lady Shauna Piscarilius
Lady Table;Lady Table
Lady Tangwen Trahaearn;Lady Tangwen Trahaearn
Lady Vulcana Lovakengj;Lady Vulcana Lovakengj
Lahsram;Lahsram
Lalli;Lalli
Lamb;Lammas
Lammy Langle;Lammy Langle
Lan the Butcher;Teurastaja Lan
Lanthus;Lanthus
Lanzig;Lanzig
Large mosquito;Suuri hyttynen
Large zombie monkey;Suuri zombie-apina
Larran;Larran
Larrissa;Larrissa
Larry;Larry
Larxus;Larxus
Lasenna Rasputin;Lasenna Rasputin
Lathas;Lathas
Latlink Fastbell;Latlink Fastbell
Launa;Launa
Lauretta;Lauretta
Lava beast;Laava peto
Lava dragon;Laava lohikäärme
Layleen;Layleen
Lazim;Lazim
Lazy cat;Laiska kissa
Lazy hellcat;Laiska helvetinkissa
Le-sabrè;Le-sabrè
Lead Navigator;Päänavigaattori
Leagues Assistant;Liigan assistentti
Leagues Tutor;Liigan ohjaaja
Leatherworker;Nahkatyöläinen
Lector Gura;Lektori Gura
Leech;Iilimato
Leech display;Leech näyttö
Leela;Leela
Leenz;Leenz
Left head;Vasen pää
Legends guard;Legendojen vartija
Leke quo Keran;Leke quo Keran
Lenny;Lenny
Lensa;Lensa
Lenwe;Lenwe
Lenyig Karna;Lenyig Karna
Leo;Leo
Leon;Leon
Leon d'Cour;Leon d'Cour
Lesser Demon Champion;Pienen demonin mestari
Lesser Fanatic;Pieni fanaattinen
Lesser demon;Pieni demoni
Lesser ghostly thrall;Pienempi aavemainen jännitys
Lesser skeletal thrall;Pienempi luuranko
Lesser zombified thrall;Vähemmän zombisoitunutta jännitystä
Lev;Lev
Li'l lamb;Li' lammas
Liam;Liam
Librarian;Kirjastonhoitaja
Lidio;Lidio
Lieutenant Schepbur;Luutnantti Schepbur
Lieve McCracken;Lieve McCracken
Light creature;Kevyt olento
Lil' Bloat;Lil' Bloat
Lil' Creator;Lil' Luoja
Lil' Destructor;Lil' Destructor
Lil' Maiden;Lil' Maiden
Lil' Nylo;Lil' Nylo
Lil' Sot;Lil' Sot
Lil' Xarp;Lil' Xarp
Lil' Zik;Lil' Zik
Lilifang;Lilifang
Liliwen;Liliwen
Liliya;Lilija
Lillia;Lillia
Lilly;Lilly
Lindir;Lindir
Linen worker;Pellavatyöläinen
Lisa;Lisa
Lisse Isaakson;Lisse Isaakson
Litara;Litara
Lithil;Lithil
Little Nightmare;Pikku painajainen
Little Parasite;Pieni loinen
Lizard;Lisko
Lizard display;Liskon näyttö
Lizardman;Lizardman
Lizardman brute;Lizardman brute
Lizardman shaman;Lizardman shamaani
Lleidr Golau;Lleidr Golau
Lliann;Lliann
Llio;Llio
Loading crane;Lastausnosturi
Loar Shade;Loar Shade
Loar Shadow;Loar Shadow
Lobstrosity;Hummeri
Local;Paikallinen
Local Gnome;Paikallinen Gnome
Locust;Heinäsirkka
Locust rider;Heinäsirkan ratsastaja
Lofu;Lofu
Logava;Logava
Logios;Logis
Logosia;Logosia
Loinur;Loinur
Lokar Searunner;Lokar Searunner
Loki;Loki
Lokraa quo Sihar;Lokraa quo Sihar
Lollk;Lollk
Long-tailed Wyvern;Pitkähäntäinen Wyvern
Longbow Ben;Pitkäjousi Ben
Longhall Bouncer;Longhall Bouncer
Look-out;Varo
Looming shadow;Näyttävä varjo
Lord Alexei Jovkai;Lordi Aleksei Jovkai
Lord Baxtorian Cadarn;Lordi Baxtorian Cadarn
Lord Crombwick;Lordi Crombwick
Lord Daquarius;Lordi Daquarius
Lord Iestin Iorwerth;Lordi Iestin Iorwerth
Lord Ieuan Amlodd;Lordi Ieuan Amlodd
Lord Iorwerth;Lordi Iorwerth
Lord Kandur Hosidius;Lordi Kandur Hosidius
Lord Marshal Brogan;Lordi marsalkka Brogan
Lord Mischa Myrmel;Lordi Mischa Myrmel
Lord Pandur Hosidius;Lordi Pandur Hosidius
Lord Piquan Crwys;Lordi Piquan Crwys
Lord Rologarth;Lordi Rologarth
Lord Shiro Shayzien;Lordi Shiro Shayzien
Lord Trobin Arceuus;Lordi Trobin Arceuus
Lorelai;Lorelai
Lornor quo Narga;Lornor quo Narga
Lorraine;Lorraine
Lost barbarian;Kadonnut barbaari
Louie Legs;Louie Jalat
Louisa;Louisa
Lovada;Lovada
Lovakengj Engineer;Lovakengj insinööri
Love Cats;Rakasta Kissoja
Lowe;Lowe
Lowerniel Drakan;Lowerniel Drakan
Lubufu;Lubufu
Lucien;Lucien
Lucky impling;Onnekas impling
Lucy;Lucy
Lumberjack Leif;Metsämies Leif
Lumbridge Guide;Lumbridgen opas
Lumdo;Lumdo
Lumiere;Lumiere
Luminata;Luminata
Lumo;Lumo
Luna;Luna
Lundail;Lundail
Lunderwin;Lunderwin
Lurgon;Lurgon
Luscion;Luscion
Luthas;Luthas
Lutwidge;Lutwidge
Lux grub;Lux grub
Lynx;Ilves
Lynx Tamer;Lynx Tamer
Lyra;Lyra
Mac;Mac
Macaroni Penguin;Makaroni pingviini
Mad skavid;Hullu skavid
Madame Caldarium;Madame Caldarium
Maedhros;Maedhros
Maeglin;Maeglin
Mage (easy);Mage (helppo)
Mage of Zamorak;Zamorakin maagi
Magic Instructor;Taikuuden opettaja
Magic axe;Maaginen kirves
Magic combat tutor;Taikataisteluopettaja
Magnus Gram;Magnus mummi
Magpie impling;Harakka impling
Mahtan;Mahtan
Maid;Maid
Mairin;Mairin
Maisa;Maisa
Major Attack;Suuri hyökkäys
Major Collect;Major kerätä
Major Defend;Major Defend
Major Heal;Major Heal
Make-over mage;Make-over taikuri
Malak;Malak
Male slave;Miesorja
Malevolent Mage;Pahanlaatuinen Mage
Malignius Mortifer;Malignius Mortifer
Mallak quo Keran;Mallak quo Keran
Mama;Mama
Mamma Bufetta;Mamma Bufetta
Mammoth;Mammutti
Man;Mies
Mandrith;Mandrith
Mandy;Mandy
Maniacal Monkey Archer;Maniacal Monkey Archer
Maniacal monkey;Maniakaalinen apina
Manni the Reveller;Juhlailija Manni
Marble gargoyle;Marmorinen gargoyle
Marfet;Marfet
Maria Gadderanks;Maria Gadderanks
Maria Gunnars;Maria Gunnars
Mariah;Mariah
Marisi;Marisi
Marius;Marius
Marius Giste;Marius Giste
Mark;Mark
Market Guard;Markkinavartija
Market seller;Markkinoiden myyjä
Markog;Markog
Marley;Marley
Marlo;Marlo
Marmor quo Narga;Marmor quo Narga
Marten;Näätä
Martha Rehnison;Martha Rehnison
Martin Holt;Martin Holt
Martin Thwait;Martin Thwait
Martin the Master Gardener;Martin mestaripuutarhuri
Martina Scorsby;Martina Scorsby
Marwolaeth Dawnsio;Marwolaeth Dawnsio
Mary;Mary
Master Chef;Mestarikokki
Master Crafter;Mestari Crafter
Master Farmer;Mestari maanviljelijä
Master Navigator;Päänavigaattori
Master fisher;Mestari kalastaja
Master smithing tutor;Sepän mestariopettaja
Matilda;Matilda
Matthew;Matthew
Matthias;Matthias
Mattimeo;Mattimeo
Mawnis Burowgar;Mawnis Burowgar
Mawrth;Mawrth
Mayor Hobb;Pormestari Hobb
Maz;Maz
Mazchna;Mazchna
Maze Guardian;Maze Guardian
Mazion;Mazion
Me;Minulle
Me (hard);minä (kova)
Meddwl Ymlaen Llaw;Meddwl Ymlaen Llaw
Medium ninja monkey;Keskikokoinen ninja-apina
Meegle;Meegle
Megan;Megan
Meiyerditch citizen;Meiyerditchin kansalainen
Meiyerditch miner;Meiyerditch kaivosmies
Mekritus A'hara;Mekritus A'hara
Melana Moonlander;Melana Moonlander
Melee combat tutor;Lähitaistelun opettaja
Meleti;Meleti
Melina;Melina
Melvin;Melvin
Melzar the Mad;Melzar hullu
Memory of Seren;Serenin muisto
Menaphite Leader;Menafiittien johtaja
Menaphite Thug;Menaphite Thug
Menaphite guard;Menafiittinen vartija
Mercenary;Palkkasoturi
Mercenary Captain;Palkkasoturikapteeni
Mercy;Armo
Meredith;Meredith
Merlin;Merlin
Mernia;Mernia
Mernik;Mernik
Meskhenet;Meskhenet
Metarialus;Metarialus
Meteora;Meteora
Mi-Gor;Mi-Gor
Mia;Mia
Miala;Miala
Miazrqa;Miazrqa
Middle head;Keskipää
Midnight;Keskiyö
Mihail;Mihail
Mike;Mike
Miles;Mailia
Milla;Milla
Milli Rehnison;Milli Rehnison
Millie Miller;Millie Miller
Miltog;Miltog
Mime;Miimi
Mimm;Mimm
Mind Golem;Mieli Golem
Mine Cart;Minun kori
Mine cart;Minun kärry
Mine cart driver;Minun kärryn kuljettaja
Mine supervisor;Kaivoksen valvoja
Miner;Kaivosmies
Miner Magnus;Kaivosmies Magnus
Miniature chaotic clouds;Miniatyyri kaoottiset pilvet
Mining Instructor;Kaivoskouluttaja
Mining tutor;Kaivostoiminnan ohjaaja
Minotaur;Minotaurus
Miodvetnir;Miodvetnir
Miriam;Miriam
Miriel;Miriel
Mischievous ghost;Kurja haamu
Misdrievus Shadum;Misdrievus Shadum
Mishkal'un Dorn;Mishkal'un Dorn
Miss Cheevers;Neiti Cheevers
Miss Schism;Neiti Skisma
Mist;Sumu
Mistag;Mistag
Mithrellas;Mithrellas
Mithril dragon;Mithril lohikäärme
Mithril ore;Mitrilin malmi
Mittens;Rukkaset
Mizaru;Mizaru
Moe;Moe
Mofina;Mofina
Moggy;Katti
Mogre;Mogre
Mogre Guard;Mogren vartija
Mogrim;Mogrim
Molanisk;Molanisk
Moldof;Moldof
Mole display;Myyränäyttö
Molly;Molly
Monk;Munkki
Monk of Entrana;Entranan munkki
Monk of Zamorak;Zamorakin munkki
Monkey;Apina
Monkey Archer;Apina Archer
Monkey Child;Apinan lapsi
Monkey Guard;Apinavartija
Monkey Zombie;Apina Zombie
Monkey display;Apinan näyttö
Monkey guard;Apinan vartija
Monkey minder;Apinanhoitaja
Monkey on unicorn;Apina yksisarvisen päällä
Monstrous Basilisk;Hirviömäinen basiliski
Monstrous basilisk;Hirviömäinen basiliski
Mord Gunnars;Mord Gunnars
Mordan Nikazsi;Mordan Nikazsi
Morgan;Morgan
Morgan Le Faye;Morgan Le Faye
Mori;Mori
Morris;Morris
Mort Nightshade;Mort Nightshade
Mort'ton Local;Mort'tonin paikallinen
Mort'ton local;Mort'tonin paikallinen
Morten Holdstrom;Morten Holdstrom
Mortina Daubenton;Mortina Daubenton
Morvran;Morvran
Mosquito swarm;Hyttysparvi
Moss Giant;Moss jättiläinen
Moss Guardian;Moss Guardian
Moss Guardian (hard);Moss Guardian (kova)
Moss giant;Sammaleen jättiläinen
Most of a Zombie;Suurin osa zombista
Mother;Äiti
Mother Mallum;Äiti Mallum
Moths;Koit
Mountain Dwarf;Vuoristokääpiö
Mountain Goat;Vuorivuohi
Mountain Guide;Vuoristoopas
Mountain goat;Vuorivuohi
Mountain troll;Vuoripeikko
Mounted terrorbird gnome;Asennettu terrorbird gnome
Mounted terrorchick gnome;Asennettu terrorchick gnome
Mourner;Sureva
Mouse;Hiiri
Movario;Movario
Mr. Mordaut;Herra Mordaut
Ms. Hynn Terprett;Rouva Hynn Terprett
Mubariz;Mubariz
Mudskipper;Mudskipper
Mugger;Ryöstäjä
Mummy;Muumio
Mummy ashes;Äiti tuhkaa
Munty;Munty
Murcaily;Murcaily
Murfet;Murfet
Murky Matt (runes);Murky Matt (riimuja)
Murky Pat;Hämärä Pat
Murng bat;Murng lepakko
Murphy;Murphy
Muruwoi;Muruwoi
Museum guard;Museon vartija
Mushroom;Sieni
Mutant tarn;Mutantti tarn
Mutated Bloodveld;Mutoitunut Bloodveld
Muttadile;Muttadile
My Arm;Minun Käsi
Myndill;Myndill
Myre Blamish Snail;Myre Blamish Snail
Mysterious Adventurer;Salaperäinen seikkailija
Mysterious Figure;Salaperäinen hahmo
Mysterious Old Man;Salaperäinen vanha mies
Mysterious Stranger;Salaperäinen muukalainen
Mysterious Voice;Salaperäinen Ääni
Mysterious ghost;Salaperäinen haamu
Mystery figure;Mysteeri hahmo
Naghead;Naghead
Nail beast;Nail peto
Nakasa Jovkai;Nakasa Jovkai
Nardah Banker;Nardah pankkiiri
Nardok;Nardok
Narf;Narf
Natalidae Shadum;Natalidae Shadum
Nathifa;Nathifa
Natural Historian;Luonnonhistorioitsija
Natural historian;Luonnonhistorioitsija
Nature Spirit;Luonnon henki
Nature impling;Luonto vaikuttaa
Nazastarool (hard);Nazastarool (kova)
Nechryael;Nechryael
Nechryarch;Nechryarch
Necromancer;Necromancer
Necrovarus;Necrovarus
Ned;Ned
Neferti the Camel;Kameli Neferti
Neil;Neil
Neite;Ei
Nellas;Nellas
Nemishka;Nemishka
Nerdanel;Nerdanel
Nesty;Nesty
New Recruit Tony;Uusi värvätty Tony
Newtroost;Newtroost
Nezikchened;Nezikchened
Nezikchened (hard);Nezikchened (kova)
Nia;Nia
Nicholas;Nicholas
Nick;Nick
Nickolaus;Nickolaus
Nicoleta;Nicoleta
Nieve;Nieve
Nigel;Nigel
Night beast;Yön peto
Nikita;Nikita
Nikkie;Nikkie
Nikolai;Nikolai
Niles;Niles
Niloof;Niloof
Nimloth;Nimloth
Nimrodel;Nimrodel
Ninja impling;Ninja vihjailee
Nipper;Nipper
Nirrie;Nirrie
Nisha;Nisha
Nkuku;Nkuku
Noctillion Lugosi;Noctillion Lugosi
Noella;Noella
Nolar;Nolar
Nomad;Nomad
Noodle;Nuudeli
Noon;Keskipäivä
Nora T. Hagg;Nora T. Hagg
Noranna Tytanin;Noranna Tytanin
Norman;Norman
Not Bob;Ei Bob
Noterazzo;Noterazzo
Novice;Noviisi
Nuclear smoke devil;Ydinsavupaholainen
Nulodion;Nulodion
Numpty;Nuhjuinen
Nung;Nung
Nurmof;Nurmof
Nurse Boubou;Sairaanhoitaja Boubou
Nurse Emma Gentsy;Sairaanhoitaja Emma Gentsy
Nurse Inn'Juree;Sairaanhoitaja Inn'Juree
Nurse Sarah;Sairaanhoitaja Saara
Nurse Wooned;Sairaanhoitaja Wooned
Nylocas;Nylocas
Nylocas Athanatos;Nylocas Athanatos
Nylocas Hagios;Nylocas Hagios
Nylocas Ischyros;Nylocas Ischyros
Nylocas Matomenos;Nylocas Matomenos
Nylocas Prinkipas;Nylocas Prinkipas
Nylocas Queen;Nylocas Queen
Nylocas Toxobolos;Nylocas Toxobolos
Nylocas Vasilias;Nylocas Vasilias
Oaknock the Engineer;Oaknock the Engineer
Oath Lord D'rows;Oath Lord D'rows
Oathbreaker B'ats;Oathbreaker B'ats
Oathbreaker E'piws;Oathbreaker E'piws
Oathbreaker M'als;Valanmurtaja M'als
Obli;Obli
Obor;Obor
Observatory assistant;Observatorion assistentti
Observatory professor;Observatorion professori
Ocga;Ocga
Ochre Blamish Snail;Ocher Blamish Snail
Odd Mushroom;Outo Sieni
Odd Old Man;Outo Vanhus
Odd Stone;Outo Kivi
Odmar;Odmar
Odovacar;Odovacar
Odysseus;Odysseus
Og;Og
Ogre;Ogre
Ogre boat;Ogre vene
Ogre chieftain;Ogren päällikkö
Ogre guard;Ogren vartija
Ogre merchant;Ogren kauppias
Ogre shaman;Ogren shamaani
Ogre trader;Ogre kauppias
Ogress Shaman;Ogressin shamaani
Ogress Warrior;Ogress Warrior
Oipuis;Oipuis
Olaf Hradson;Olaf Hradson
Olaf the Bard;Olaf Bard
Olbertus;Olbertus
Old Man Ral;Vanha mies Ral
Old Man Yarlo;Vanha mies Yarlo
Old crone;Vanha kruunu
Old dwarf;Vanha kääpiö
Old man;Vanha mies
Oldak;Oldak
Olivia;Olivia
Ollie the Camel;Kameli Ollie
Olmlet;Olmlet
Omart;Omart
Oneiromancer;Oneiromancer
Oobapohk;Oobapohk
Oomlie bird;Oomlie lintu
Oozing barrier;Tihkuva este
Operator;Operaattori
Oracle;Oraakkeli
Orange salamander;Oranssi salamanteri
Ordan;Ordan
Ork;Ork
Orlando Smith;Orlando Smith
Oronwen;Oronwen
Oropher;Oropher
Orophin;Orophin
Orrvor quo Maten;Orrvor quo Maten
Osian;Osian
Osman;Osman
Ospak;Ospak
Osten;Osten
Osvald;Osvald
Oswald;Oswald
Oswallt;Oswallt
Othainian;Othainialainen
Other Half-Zombie;Muu Half-Zombie
Otherworldly being;Toisen maailman oleminen
Otto Godblessed;Otto Jumalan siunattu
Ouditor;Tarkastaja
Ouhai;Ouhai
Outlaw;Lainsuojaton
Overgrown cat;Liian kasvanut kissa
Overgrown hellcat;Ylikasvanut helvetinkissa
Owl;Pöllö
Oxi;Oxi
Oziach;Oziach
PKMaster0036;PKMaster0036
Padulah;Padulah
Pagida;Pagida
Painted One;Maalattu yksi
Paladin;Paladin
Palmer;Palmer
Pandur Hosidius;Pandur Hosidius
Panning guide;Panorointiopas
Parasite;Loinen
Parrot;Papukaija
Parrots;Papukaijat
Parroty Pete;Papukaija Pete
Party Pete;Juhla Pete
Passive Tar Monster;Passiivinen tervahirviö
Patchy;Hajanainen
Patrick;Patrick
Patrolman;partiomies
Patrolwoman;Partionainen
Pauline Polaris;Pauline Polaris
Peaceful barbarian spirit;Rauhallinen barbaarihenki
Peasant;Talonpoika
Pebble;Kivi
Pee Hat;Pissahattu
Peer the Seer;Katso näkijää
Peksa;Peksa
Pelican;Pelikaani
Penance Fighter;Penance Fighter
Penance Healer;Katumuksen parantaja
Penance Pet;Penance Pet
Penance Queen;Katumuksen kuningatar
Penance Ranger;Penance Ranger
Penance Runner;Penance Runner
Penda;Penda
Penguin;Pingviini
Penguin display;Pingviinien näyttö
Penguin suit;Pingviinien puku
Pennant;Viiri
Pentyn;Pentyn
Penwie;Penwie
Perdu;Perdu
Perfect gold ore;Täydellinen kultamalmi
Perrdur;Perrdur
Perry;Perry
Pescaling Pax;Pescaling Pax
Pestilent Bloat;Pestilent Bloat
Pet rock;Lemmikkikivi
Peter;Peter
Petra Fiyed;Petra Fiyed
Petrified Pete;Kivettynyt Pete
Phabelle Bile;Phabelle Bile
Phantom Hand;Phantom käsi
Phantuwti Fanstuwi Farsight;Phantuwti Fanstuwi Farsight
Pheasant;Fasaani
Phials;Pullot
Phileas Rimor;Phileas Rimor
Philipe Carnillean;Philipe Carnillean
Phillipa;Phillipa
Philop;Philop
Phingspet;Phingspet
Phluxia bat;Phluxia lepakko
Phoenix;Phoenix
Phosani's Nightmare;Phosanin painajainen
Phrin Shade;Phrin Shade
Phrin Shadow;Phrin varjo
Pierre;Pierre
Pieve;Pieve
Pig;Sika
Pig Thing;Possujuttu
Piglet;Porsas
Pile of bones;Kasa luita
Piles;Paalut
Pilg;Pilg
Piliar;Piliar
Pillory Guard;Pillerivartija
Ping;Ping
Pipistrelle Draynar;Pipistrelle Draynar
Pirate;Merirosvo
Pirate Guard;Merirosvovartija
Pirate Jackie the Fruit;Merirosvo Jackie the Fruit
Pirate Pete;Piraatti Pete
Pit Scorpion;Pit Scorpion
Pizazz Hat;Pizazz-hattu
Plague cow;Rutto lehmä
Plague frog;Rutto sammakko
Poison Salesman;Myrkkyjen myyjä
Poison Scorpion;Poison Scorpion
Poison spider;Myrkkyhämähäkki
Polar eagle;Jääkotka
Polmafi Ferdygris;Polmafi Ferdygris
Poltenip;Poltenip
Pong;Pong
Pontak;Pontak
Ponts the Bridgemaster;Ponts the Bridgemaster
Poor looking man;Huono näköinen mies
Poor looking woman;Huono näköinen nainen
Porazdir;Porazdir
Port Official;Sataman virkamies
Port worker;Sataman työntekijä
Portal;Portaali
Portal of Death;Kuoleman portaali
Portobello;Portobello
Possessed Priest;Valtuutettu pappi
Possessed pickaxe;Omistanut hakku
Postie Pete;Posti Pete
Pox;Pox
Prael bat;Prael lepakko
Praistan Ebola;Praistan Ebola
Prayer tutor;Rukousopettaja
Preswylwyr Dall;Preswylwyr Dall
Prickly kebbit;Piikikäs kebbit
Priest;Pappi
Priestess Zul-Gwenwynig;Pappitar Zul-Gwenwynig
Prifddinas guard;Prifddinas vartija
Primula;Primula
Prince Ali;Prinssi Ali
Prince Black Dragon;Prinssi musta lohikäärme
Prince Brand;Prinssi Brand
Princess Astrid;Prinsessa Astrid
Prison Pete;Vankila Pete
Prisoner;Vanki
Prissy Scilla;Prissy Scilla
Private Paldo;Yksityinen Paldo
Private Paldon;Yksityinen Paldon
Private Pendron;Yksityinen Pendron
Private Pierreb;Yksityinen Pierreb
Probita;Probita
Professor Gracklebone;Professori Gracklebone
Professor Imblewyn;Professori Imblewyn
Professor Manglethorp;Professori Manglethorp
Professor Oddenstein;Professori Oddenstein
Professor Onglewip;Professori Onglewip
Prosecutor;Syyttäjä
Prospector Percy;Etsijä Percy
Protest Leader;Protestin johtaja
Protester;Mielenosoittaja
Psykk bat;Psykk bat
Puffer Fish;Puffer Fish
Puffin;Lunni
Pumpy;Pumpuinen
Puppadile;Puppadile
Purepker895;Purepker895
Purple Pewter Director;Purple Pewterin johtaja
Purple Pewter Secretary;Purple Pewter sihteeri
Pusskins;Pusskins
Pyramid block;Pyramidi lohko
Pyrefiend;Pyrefiend
Pyrelord;Pyrelord
Pyromancer;Pyromancer
Quartermaster;Varsinainen mestari
Queen Ellamaria;Kuningatar Ellamaria
Queen Sigrid;Kuningatar Sigrid
Queen Zyanyi Arkan;Kuningatar Zyanyi Arkan
Queen spawn;Queen spawn
Quest Guide;Seikkailuopas
Quiz Master;Tietokilpailun mestari
Qutiedoll;Quitiedoll
R4ng3rNo0b889;R4ng3rNo0b889
Rabbit;Kani
Raccoon;Pesukarhu
Rachael;Rachael
Radat;Radat
Radigad Ponfit;Radigad Ponfit
Radimus Erkle;Radimus Erkle
Radu;Radu
Raeli;Raeli
Raetul;Raetul
Ragnar;Ragnar
Ragnvald;Ragnvald
Rakkar;Rakkar
Ram;Ram
Ramara du Croissant;Ramara du Croissant
Ramarno;Ramarno
Ramocean;Ramosealainen
Ranael;Ranael
Ranalph Devere;Ranalph Devere
Randivor;Randivor
Ranged combat tutor;Kantaman taisteluohjaaja
Ranger;Ranger
Ranger (medium);Ranger (keskikokoinen)
Ranging Guild Doorman;Range Guild Doorman
Ranis Drakan;Ranis Drakan
Rannveig;Rannveig
Rantz;Rantz
Raqueel;Raqueel
Rashiliyia;Rashiliyia
Rasolo;Rasolo
Rassain;Rassain
Rat;Rotta
Rat Burgiss;Rotta Burgiss
Rauborn;Rauborn
Raulyn;Raulyn
Raum Urda-Stein;Raum Urda-Stein
Ravager;Ravager
Raven;Korppi
Razmire Keelgan;Razmire Keelgan
Razvan;Razvan
Reach;Tavoita
Reacher;Reacher
Reanimated TzHaar;Reanimoitu TzHaar
Reanimated abyssal;Reanimoitu kuilu
Reanimated aviansie;Reanimoitu lintu
Reanimated bear;Reanimoitu karhu
Reanimated bloodveld;Reanimoitu verisuoni
Reanimated chaos druid;Elvytetty kaaosdruidi
Reanimated dagannoth;Reanimoitu dagannoth
Reanimated demon;Reanimoitu demoni
Reanimated demon spawn;Elvytetty demonien kuteminen
Reanimated dog;Reanimoitu koira
Reanimated dragon;Elvytetty lohikäärme
Reanimated elf;Reanimoitu tonttu
Reanimated giant;Reanimoitu jättiläinen
Reanimated goblin;Reanimoitu peikko
Reanimated horror;Reanimoitu kauhu
Reanimated imp;Reanimoitu imp
Reanimated kalphite;Reanimoitu kalfiitti
Reanimated minotaur;Reanimoitu minotaurus
Reanimated monkey;Reanimoitu apina
Reanimated ogre;Elvytetty ogre
Reanimated scorpion;Elvytetty skorpioni
Reanimated troll;Reanimoitu trolli
Reanimated unicorn;Reanimoitu yksisarvinen
Rebel Archer;Kapinallinen Archer
Rebel Scout;Kapinallinen Scout
Rebel Warrior;Kapinallissoturi
Recruiter;Rekrytoija
Red;Punainen
Red Axe Cat;Punainen kirves kissa
Red Axe Director;Red Axe johtaja
Red Axe Henchman;Punainen kirves kätyrimies
Red Axe Secretary;Punaisen kirvesen sihteeri
Red Monkey;Punainen apina
Red Panda;Punainen Panda
Red Sheep;Punainen lammas
Red dragon;Punainen lohikäärme
Red fireflies;Punaiset tulikärpäset
Red salamander;Punainen salamanteri
Redbeard Frank;Punaparta Frank
Reese;Reese
Reeso;Reeso
Ref;Viite
Refugee;pakolainen
Regath;Regath
Reginald;Reginald
Reinald;Reinald
Reinn;Reinn
Reldak;Reldak
Reldo;Reldo
Relobo Blinyo (logs);Relobo Blinyo (tukit)
Remsai;Remsai
Remus Kaninus;Remus Kaninus
Renegade Knight;Renegade ritari
Renegade knight;Renegade ritari
Repugnant spectre;vastenmielinen haamu
Researcher;Tutkija
Reshi;Reshi
Resistance Fighter;Vastarintataistelija
Respiratory system;Hengitysjärjestelmä
Restless ghost;Levoton aave
Retired sailor;Eläkkeellä oleva merimies
Revenant cyclops;Revenant kykloopit
Revenant dark beast;Revenant tumma peto
Revenant demon;Revenant demoni
Revenant dragon;Revenant lohikäärme
Revenant goblin;Revenant goblin
Revenant hellhound;Revenant helvetinkoira
Revenant hobgoblin;Revenant Hobgoblin
Revenant imp;Revenant imp
Revenant knight;Revenant ritari
Revenant ork;Revenant ork
Revenant pyrefiend;Revenant Pyrefiend
Rewards Guardian;Palkkiot Guardian
Rhazien;Rhazien
Rhiannon;Rhiannon
Rhoddwr Tan;Rhoddwr Tan
Rhonen;Rhonen
Rhyfel;Rhyfel
Richard;Richard
Richard Flintmaul;Richard Flintmaul
Rick;Rick
Rick Turpentine;Rick Terpentine
Ricketty door;Ricketty ovi
Rift guardian;Rift vartija
Right head;Oikea pää
Riki the sculptor's model;Kuvanveistäjä Riki -malli
Rimae Sirsalis;Rimae Sirsalis
Rind the gardener;Kuori puutarhuri
Rionasta;Rionasta
River troll;Jokipeikko
Riyl Shade;Riyl Shade
Riyl Shadow;Riyl Shadow
Riyl shadow;Riyl varjo
Roachey;Roachey
Roavar;Roavar
Robert Boss;Robert Boss
Robert O'Reilly;Robert O'Reilly
Robert the Strong;Robert Vahva
Robin;Robin
Robyn;Robyn
Rock;Rock
Rock Crab;Kivirapu
Rock Golem;Rock Golem
Rock lobster;Kivihummeri
Rock pile;Kivikasa
Rocks;Kivet
Rockslug;Rockslug
Rocky;Rocky
Rocnar;Rocnar
Rod Fishing spot;Vapakalastuspaikka
Rogue;Rogue
Rogue Guard;Rogue Vartija
Rohak;Rohak
Rokuh;Rokuh
Rolad;Rolad
Rolayne Twickit (hard);Rolayne Twickit (kova)
Romeo;Romeo
Rometti;Rometti
Romily Weaklax;Romily Weaklax
Rommik;Rommik
Ron Gadderanks;Ron Gadderanks
Rooster;Kukko
Root;Juuri
Rory;Rory
Rosie;Rosie
Ross;Ross
Ross and Ben;Ross ja Ben
Rowdy Guard;Rohkea vartija
Rowdy dwarf;Röyhkeä kääpiö
Rowdy slave;Röyhkeä orja
Roy;Roy
Roy jr.;Roy jr.
Royal Guard;Kuninkaallinen vartija
Ruantun;Ruantun
Ruby harvest;Rubiinin sato
Rufus;Rufus
Rug Merchant;Mattojen kauppias
Runa;Runa
Rune dragon;Rune lohikäärme
Runite Golem;Runite Golem
Runite Minor;Runite Minor
Runite ore;Runiittimalmi
Runolf;Runolf
Runvastr;Runvastr
Rupert the Beard;Rupert parta
Rusty;Ruosteinen
Saba;Saba
Sabeil;Sabeil
Saboteur;Sabotoija
Sabre-toothed kebbit;Sarehampainen kebbit
Sabre-toothed kyatt;Sarehampainen kyatt
Sabreen;Sabreen
Sacrifice;Uhrata
Sadwrn;Sadwrn
Saeros;Saeros
Saeth;Saeth
Safalaan Hallow;Safalaan Pyhä
Safta Doc;Safta Doc
Sagira;Sagira
Sailor;Merimies
Salarin the twisted;Salarin kierretty
Salenab;Salenab
Salgant;Salgant
Sam;Sam
Sammy Servil;Sammy Servil
San Fan;San Fan
San Tojalon;San Tojalon
Sand Crab;Hiekkarapu
Sand Snake;Hiekka käärme
Sand Snake (hard);Sand Snake (kova)
Sand storm;Hiekkamyrsky
Sandicrahb;Sandicrahb
Sandwich lady;Voileipänainen
Sandy;Sandy
Sandy Boulder;Sandy Boulder
Sandy rocks;Hiekkaisia ​​kiviä
Sanfew;Sanfew
Sani Piliu;Sani Piliu
Saniboch;Saniboch
Santiri;Santiri
Sapphire glacialis;Sapphire glacialis
Sarachnis;Sarachnis
Saradomin priest;Saradomin pappi
Saradomin wizard;Saradomin velho
Saradominist recruiter;Saradoministinen rekrytoija
Sarah;Sarah
Sarble;Sarble
Sarius Guile;Sarius Guile
Saro;Saro
Sassilik;Sassilik
Savant;Savant
Sawmill Operator;Sahan operaattori
Sawmill operator;Sahan operaattori
Sbott;Sbott
Scabaras;Scabaras
Scarab mage;Scarab maagi
Scarab swarm;Scarab parvi
Scarabs;Scarabs
Scared skavid;Peloissaan skavid
Scarg;Scarg
Scavenger beast;Raiskaaja peto
Scavvo;Scavvo
Schoolboy;Koulupoika
Schoolgirl;Koulutyttö
Scion;Scion
Scorpia;Skorpia
Scorpia's guardian;Scorpian vartija
Scorpia's offspring;Scorpian jälkeläisiä
Scorpion;Skorpioni
Scout;Partiolainen
Screaming banshee;Huutava banshee
Screaming twisted banshee;Huutava kierretty banshee
Scrubfoot;Scrubfoot
Sea Snake Hatchling;Merikäärme Hatchling
Sea Snake Young;Merikäärme nuori
Sea Troll General;Meripeikkokenraali
Sea Troll Queen;Meripeikkokuningatar
Sea slug;Merietana
Sea slugs display;Merietanoiden näyttö
Sea troll;Meripeikko
Seagull;Lokki
Seaman Lorris;Merimies Lorris
Seaman Morris;Merimies Morris
Seaman Thresnor;Merimies Thresnor
Secretary;Sihteeri
Security Guard;Vartija
Seddu;Seddu
Sedridor;Sedridor
Seer;Näkijä
Selena;Selena
Selene;Selene
Seravel;Seravel
Seren;Seren
Sergeant;Kersantti
Sergeant Damien;Kersantti Damien
Sergeant Grimspike;Kersantti Grimspike
Sergeant Mossfists;Kersantti Mossfistit
Sergeant Ricardo;Kersantti Ricardo
Sergeant Sambur;Kersantti Sambur
Sergeant Slimetoes;Kersantti Slimetoes
Sergeant Steelwill;Kersantti Steelwill
Sergeant Strongstack;Kersantti Strongstack
Sergiu;Sergiu
Servant;Palvelija
Servery assistant;Palveleva avustaja
Seth;Seth
Seth Groats;Seth Groats
Shade;Varjostin
Shade Spirit;Shade Spirit
Shadow;Varjo
Shadow Hound;Varjokoira
Shadow Wyrm;Shadow Wyrm
Shadow spider;Varjo hämähäkki
Shadow warrior;Varjosoturi
Shadowy figure;Varjoinen hahmo
Shady figure;Varjoisa hahmo
Shaeded Beast;Shaeded Beast
Shamus;Shamus
Shanomi;Shanomi
Shantay;Shantay
Shantay Guard;Shantayn vartija
Sharimika;Sharimika
Shark;Hai
Shayda;Shayda
Shayzien Infiltrator;Shayzien Infiltrator
Sheep;lampaat
Sheepdog;Lammaskoira
Sherlock;Sherlock
Sheryl;Sheryl
Shield master;Kilven mestari
Shifter;Vaihde
Shilop;Shilop
Shipyard worker;Telakan työntekijä
Shiratti the Custodian;Shiratti säilyttäjä
Shop assistant;Kauppa-apulainen
Shop keeper;Kaupan pitäjä
Shura;Shura
Siamun;Siamun
Sian;Sian
Sid;Sid
Siegfried Erkle;Siegfried Erkle
Sigbert the Adventurer;Sigbert seikkailija
Sigismund;Sigismund
Sigli the Huntsman;Sigli metsästäjä
Sigmund;Sigmund
Sigmund The Merchant;Sigmund Kauppias
Sigmund and Zanik;Sigmund ja Zanik
Signy;Signy
Sigurd;Sigurd
Sil'as Dahcsnu;Sil'as Dahcsnu
Silk merchant;Silkkikauppias
Silk trader;Silkkikauppias
Silver Cog Director;Silver Cog johtaja
Silver Cog Secretary;Hopeahammassihteeri
Silver merchant;Hopeakauppias
Silver ore;Hopeamalmi
Simon;Simon
Simon Templeton;Simon Templeton
Simona;Simona
Sin Seer;Syntinäkijä
Sinclair;Sinclair
Sinclair Guard dog;Sinclairin vartiokoira
Sinco Doar;Sinco Doar
Sinister Stranger;Synkkä muukalainen
Sir Amik Varze;Sir Amik Varze
Sir Bedivere;Sir Bedivere
Sir Carl;Sir Carl
Sir Gawain;Sir Gawain
Sir Harry;Sir Harry
Sir Jerro;Sir Jerro
Sir Kay;Sir Kay
Sir Kuam Ferentse;Sir Kuam Ferentse
Sir Lancelot;Sir Lancelot
Sir Leye;Sir Leye
Sir Lucan;Sir Lucan
Sir Mordred;Sir Mordred
Sir Palomedes;Sir Palomedes
Sir Pelleas;Sir Pelleas
Sir Percival;Sir Percival
Sir Prysin;Sir Prisin
Sir Rebral;Sir Rebral
Sir Ren Itchood;Sir Ren Itchood
Sir Renitee;Sir Renite
Sir Spishyus;Sir Spishyus
Sir Tiffy Cashien;Sir Tiffy Cashien
Sir Tinley;Sir Tinley
Sir Tristram;Sir Tristram
Sir Vyvin;Sir Vyvin
Sirsal Banker;Sirsal pankkiiri
Sister Aseret;Sisar Aseret
Sister Naoj;Sisar Naoj
Sister Salohcin;Sisar Salohcin
Sister Scarophia;Sisar Scarophia
Sister Senga;Sisar Senga
Sister Sevi;Sisar Sevi
Sister Soul Jar;Sisar Soul Jar
Sister Toen;Sisar Toen
Sister Yram;Sisar Yram
Sithik Ints;Sithik Ints
Skavid;Skavid
Skeletal Mystic;Skeletal Mystic
Skeletal Wyvern;Skeletal Wyvern
Skeletal miner;Luuston kaivosmies
Skeleton;Luuranko
Skeleton Champion;Skeleton mestari
Skeleton Hellhound;Luuranko Hellhound
Skeleton Hellhound (hard);Luuranko Hellhound (kova)
Skeleton Mage;Skeleton Mage
Skeleton brute;Luuranko raaka
Skeleton fremennik;Fremennik luuranko
Skeleton heavy;Luuranko raskas
Skeleton hero;Skeleton sankari
Skeleton mage;Luurankomaagi
Skeleton thug;Luuranko roisto
Skeleton warlord;Luurankojen sotapäällikkö
Skippy;Skippy
Skogre;Skogre
Skotizo;Skotizo
Skotos;Skotos
Skrach Uglogwee;Skrach Uglogwee
Skraeling;Skraeling
Skulgrimen;Skulgrimen
Skuli Myrka;Skuli Myrka
Skullball;Skullball
Skullball Boss;Skullball Boss
Skullball Trainer;Skullball Trainer
Slagilith;Slagilith
Slagilith (hard);Slagilith (kova)
Slash Bash;Slash Bash
Slave;Orja
Sleeping Monkey;Nukkuva Apina
Sleeping guard;Nukkuva vartija
Sleepwalker;Unissakävelijä
Slieve;Slieve
Slim Louie;Ohut Louie
Slippers;Tossut
Sloane;Sloane
Slug Hemligssen;Slug Hemligssen
Slug Prince;Slug Prince
Small Lizard;Pieni lisko
Small ninja monkey;Pieni ninja-apina
Small zombie monkey;Pieni zombi-apina
Smellytoes;Hajuvarpaat
Smiddi Ryak (hard);Smiddi Ryak (kova)
Smith;Smith
Smithing apprentice;Smithingin oppipoika
Smoggy;Sumuinen
Smoke Devil;Smoke Devil
Smoke devil;Savu paholainen
Smokin' Joe;Tupakoiva Joe
Smolcano;Smolcano
Snail display;Etanan näyttö
Snake;Käärme
Snakeling;Snakeling
Snow;Lumi
Snowflake;Lumihiutale
Snowy knight;Luminen ritari
Sofiya;Sofiya
Soldier;Sotilas
Soldier (tier 1);Sotilas (taso 1)
Soldier (tier 2);Sotilas (taso 2)
Soldier (tier 3);Sotilas (taso 3)
Soldier (tier 4);Sotilas (taso 4)
Soldier (tier 5);Sotilas (taso 5)
Solihib;Solihib
Solus Dellagar;Solus Dellagar
Solztun;Solztun
Sophanem guard;Sophanem vartija
Sophia Hughes;Sophia Hughes
Sorceress;Noita
Sorebones;Kipuja
Sorin;Sorin
Sorrn;Anteeksi
Sotetseg;Sottseg
Soulless;Sieluton
Sourhog;Sourhog
Spang;Spang
Spawn;Spawn
Spawn of Sarachnis;Sarachniksen kutu
Spectator;Katsoja
Speedy Keith;Nopea Keith
Sphinx;Sfinksi
Spice seller;Mausteen myyjä
Spider;Hämähäkki
Spidine;Spidine
Spiked Turoth;Piikkinen Turoth
Spin Blades;Pyöritä terät
Spined larupia;Spined larupia
Spinner;Spinner
Spinolyp;Spinolyp
Spirit Angler;Spirit Angler
Spirit of Scorpius;Skorpionin henki
Spirit of Zadimus;Zadimuksen henki
Spirit tree;Henki puu
Spiritual mage;Henkinen taikuri
Spiritual ranger;Henkinen metsänvartija
Spiritual warrior;Henkinen soturi
Spit goblin;Split goblin
Spitting Wyvern;Wyvern sylkeminen
Splatter;Roiskia
Spotted kebbit;Täplikäs kebbit
Spria;Spria
Spring Elemental;Kevät elementaali
Squire;Squire
Squire (Intermediate);Squire (keskitaso)
Squire (Novice);Squire (noviisi)
Squire (Veteran);Squire (veteraani)
Squirrel;Orava
Sraracha;Sraracha
Stag;Stag
Stanford;Stanford
Stankers;Stankers
Star Sprite;Star Sprite
Starflower;Tähtikukka
Starlight;Tähtien valo
Steel dragon;Teräs lohikäärme
Steve;Steve
Stick;Tikku
Stone Guardian;Stone Guardian
Stone mason;Kiven muuraaja
Stonemason;Kivenmuuraja
Storm Cloud;Myrskypilvi
Storm cloud;Myrskypilvi
Strange Old Man;Outo Vanhus
Strange plant;Outo kasvi
Strange watcher;Outo katsoja
Stranger;Muukalainen
Straven;Straven
Stray dog;Kulkukoira
Street urchin;Katusiili
Strong Ronny;Vahva Ronny
Student;Opiskelija
Stuliette;Stuletti
Stumpy;Pullea
Stunned Hoop Snake;Järkyttynyt Hoop Snake
Stunted demonic gorilla;Kitukasvuinen demoninen gorilla
Styrmir;Styrmir
Suit of armour;Panssaripuku
Sulphur Lizard;Rikkilisko
Summer Elemental;Summer Elemental
Summoned Soul;Kutsuttu sielu
Summoned Zombie;Kutsuttu zombie
Sune;Sune
Superior ghostly thrall;Ylivertainen aavemainen jännitys
Superior skeletal thrall;Ylivoimainen luuranko
Superior zombified thrall;Ylivertainen zombitettu jännitys
Supreme Commander;Ylipäällikkö
Suqah;Suqah
Surgeon General Tafani;Yleiskirurgi Tafani
Surma;Surma
Surok Magis;Surok Magis
Survival Expert;Selviytymisen asiantuntija
Suspect;Epäilty
Suspicious water;Epäilyttävä vesi
Svetlana;Svetlana
Svidi;Svidi
Swamp Crab;Suon rapu
Swamp Priest;Suon pappi
Swamp frog;Suon sammakko
Swamp lizard;Suon lisko
Swamp snake;Suon käärme
Swamp toad;Suo rupikonna
Swampy log;Soinen tukki
Swan;Joutsen
Swarm;Parvi
Sweeper;Lakaisukone
Swensen the Navigator;Swensen Navigaattori
Swordchick;Swordchick
Sylas;Sylas
Taiman;Taiman
Talia;Talia
Taloned Wyvern;Taloned Wyvern
Tamayu;Tamayu
Tamble;Taulukko
Tanglefoot;Tanglefoot
Tanglefoot (hard);Tanglefoot (kova)
Tangleroot;Tanglroot
Tanner;Nahkuri
Tanya;Tanya
Tar Bubbles;Tervakuplat
Tar Monster;Tervahirviö
Tarfol quo Maten;Tarfol quo Maten
Target;Kohde
Taria;Taria
Tarik;Tarik
Tarn;Tarn
Tarquin;Tarkvin
Tassie Slipcast;Tassie Slipcast
Tati;Tati
Tatie;Tatie
Tau;Tau
Taxidermist;Taksidermisti
Taylor;Taylor
Tayten;Tayten
Tea seller;Teen myyjä
Teacher;Opettaja
Teacher and pupil;Opettaja ja oppilas
Ted Rehnison;Ted Rehnison
Tegdak;Tegdak
Tegid;Tegid
Tektiny;Tektiny
Tekton;Tekton
Tekton (enraged);Tekton (raivoissaan)
Telekinetic Guardian;Telekinetic Guardian
Temple Spider;Temppelihämähäkki
Temple guardian;Temppelin vartija
Tempoross;Tempoross
Tentacle;Lonkero
Tenzing;Tenzing
Teodor;Teodor
Terror dog;Terrori koira
Terror dog statue;Terror-koiran patsas
Terrorbird;Terrorbird
Terrorbird display;Terrorbird näyttö
Terrorchick gnome;Terrorchick gnome
Thakkrad Sigmundson;Thakkrad Sigmundson
The 'Wedge';"Kiila"
The Beast;Peto
The Collector;Keräilijä
The Draugen;Draugen
The Everlasting;Ikuinen
The Everlasting (hard);Ikuinen (kova)
The Face;Kasvot
The Fisher King;Kalastajakuningas
The Illusive;Illusive
The Inadequacy;Riittämättömyys
The Inadequacy (hard);Riittämättömyys (kova)
The Jormungand;Jormungand
The Kendal;Kendal
The Kendal (hard);Kendal (kova)
The Lady of the Lake;Lady of the Lake
The Maiden of Sugadinti;Sugadintin neito
The Mimic;Mimic
The Monkey's Aunt;Apinan täti
The Monkey's Uncle;Apinan setä
The Nightmare;Painajainen
The Queen of Thieves;Varkaiden kuningatar
The Shaikahan;Shaikahan
The Untouchable;Koskematon
The Untouchable (hard);Koskematon (kova)
Thermonuclear smoke devil;Termoydinsavun paholainen
Thessalia;Thessalia
Thias Leacke;Thias Leacke
Thief;Varas
Thing under the bed;Asia sängyn alla
Thingol;Thingol
Third Age Mage;Kolmannen iän maagi
Third Age Ranger;Kolmas ikärahti
Third Age Warrior;Kolmannen iän soturi
Thirus;Thirus
Thistle;Ohdake
Thomdril;Thomdril
Thora the Barkeep;Thora Barkeep
Thordur;Thordur
Thorgel;Thorgel
Thorhild;Thorhild
Thorkel Silkbeard;Thorkelin silkkiparta
Thormac;Thormac
Thorodin;Thorodin
Thorvald the Warrior;Thorvald soturi
Thrantax the Mighty;Thrantax the Mighty
Thrower Troll;Heittäjä Trolli
Thrower troll;Heittäjä trolli
Thug;Roisto
Thumpy;Tyhmäinen
Thurgo;Thurgo
Thyria;Thyria
Tiadeche;Tiadeche
Ticket Merchant;Lippukauppias
Ticket dwarf;Lippukääpiö
Ticket goblin;Lippupeikko
Tide;Vuorovesi
Tiles;Laatat
Tilt;Kallistaa
Tim;Tim
Timallus;Timallus
Timble;Timble
Timfraku;Timfraku
Tin ore;Tina malmi
Tina;Tina
Tindar;Tindar
Tindel Marchant;Tindel Marchant
Tinsay;Tinsay
Tinse Torpe;Tinse Torpe
Tiny Tempor;Pieni Tempor
Tirrie;Tirrie
Tjorvi;Tjorvi
Toban;Toban
Toby;Toby
Tok-Xil;Tok-Xil
Tolna;Tolna
Tomas Lawry;Tomas Lawry
Tombar;Tombar
Tommy 2-times;Tommy 2 kertaa
Tool Leprechaun;Työkalu Leprechaun
Toothy;Hampainen
Topsy;Topsy
Torag the Corrupted;Torag korruptoituneita
Torbrund;Torbrund
Torcher;Torcher
Torfinn;Torfinn
Tormented Soul;Kiusattu sielu
Torrcs;Torrcs
Torrell;Torrell
Tortoise;Kilpikonna
Tortured gorilla;Kidutettu gorilla
Tortured soul;Kidutettu sielu
Tostig;Tostig
Tough Guy;Kovanaama
Tower Advisor;Tower Advisor
Tower Archer;Tower Archer
Tower Mage;Tower Mage
Tower guard;Tornin vartija
Town Crier;Town Crier
Town Guard;Kaupungin vartija
Toy Doll;Lelu-nukke
Toy Mouse;Leluhiiri
Toy Soldier;Lelu sotilas
Tracker gnome 1;Tracker gnome 1
Tracker gnome 2;Tracker gnome 2
Tracker gnome 3;Tracker gnome 3
Trade Referee;Kaupan erotuomari
Trader;Kauppias
Trader Crewmember;Kauppiaan miehistön jäsen
Trader Stan;Kauppias Stan
Trader Sven;Kauppias Sven
Traiborn;Traiborn
Trainee Guard;Vartijaharjoittelija
Trainer Nacklepen;Valmentaja Nacklepen
Tramp;Kulkuri
Trapped Soul;Loukkuun jäänyt sielu
Trapped Soul (hard);Trapped Soul (kova)
Traxi;Traxi
Treacle;Siirappi
Treasure fairy;Aarrekeiju
Tree;Puu
Tree spirit;Puun henki
Tree spirit (hard);Puun henki (kova)
Trees;puut
Trefaji;Trefaji
Treus Dayth;Treusin päivä
Treus Dayth (hard);Treus Dayth (kova)
Treznor;Treznor
Tribal Weapon Salesman;Heimojen aseiden myyjä
Tribesman;Heimomies
Tristan;Tristan
Trobert;Trobert
Trogen Konungarde;Trogen Konungarde
Troll;Peikko
Troll child;Trollin lapsi
Troll father;Trollin isä
Troll general;Trolli kenraali
Troll mother;Trollin äiti
Troll spectator;Trollin katsoja
Trolley;Kärry
Tropical wagtail;Trooppinen wagtail
Trossa;Trossa
Trufitus;Trufitus
Tstanon Karlak;Tstanon Karlak
Turael;Turael
Turbogroomer;Turbogroomer
Turgall;Turgall
Turgok;Turgok
Turgon;Turgon
Turoth;Turoth
Tutab;Tutab
Twig;Oksa
Twiggy O'Korn;Twiggy O'Korn
Twisted Banshee;Twisted Banshee
Two-pints;Kaksi pinttiä
Tyke;Tyke
Tynan;Tynan
Typhor;Typhor
Tyras Guard;Tyras vartija
Tyras guard;Tyras vartija
Tyss;Tyss
Tz-Kek;Tz-Kek
Tz-Kih;Tz-Kih
TzHaar-Hur;TzHaar-Hur
TzHaar-Hur-Lek;TzHaar-Hur-Lek
TzHaar-Hur-Rin;TzHaar-Hur-Rin
TzHaar-Hur-Tel;TzHaar-Hur-Puh
TzHaar-Hur-Zal;TzHaar-Hur-Zal
TzHaar-Ket;TzHaar-Ket
TzHaar-Ket-Keh;TzHaar-Ket-Keh
TzHaar-Ket-Rak;TzHaar-Ket-Rak
TzHaar-Ket-Yil;TzHaar-Ket-Yil
TzHaar-Ket-Zuh;TzHaar-Ket-Zuh
TzHaar-Mej;TzHaar-Mej
TzHaar-Mej-Bal;TzHaar-Mej-Bal
TzHaar-Mej-Dir;TzHaar-Mej-Dir
TzHaar-Mej-Jal;TzHaar-Mej-Jal
TzHaar-Mej-Kah;TzHaar-Mej-Kah
TzHaar-Mej-Roh;TzHaar-Mej-Roh
TzHaar-Xil;TzHaar-Xil
TzKal-Zuk;TzKal-Zuk
TzRek-Jad;TzRek-Jad
TzRek-Zuk;TzRek-Zuk
TzTok-Jad;TzTok-Jad
Ug;Ug
Uglug Nar;Ugug Nar
Ugthanki;Ugthanki
Ulfric;Ulfric
Ulifed;Ulifed
Ulsquire Shauncy;Ulsquire Shauncy
Undead Druid;Undead Druid
Undead Lumberjack;Undead metsuri
Undead Zealot;Undead Zealot
Undead chicken;Epäkuollut kana
Undead cow;Epäkuollut lehmä
Undead one;Undead yksi
Undead tree;Epäkuollut puu
Undor;Undor
Unferth;Unferth
Ungadulu;Ungadulu
Unicorn;Yksisarvinen
Unicorn Foal;Yksisarvinen varsa
Unicow;Unicow
Unnamed troll child;Nimetön trollilapsi
Uodai;Uodai
Ur-lun;Ur-lun
Ur-meg;Ur-meg
Ur-pel;Ur-pel
Ur-taal;Ur-taal
Ur-tag;Ur-tunniste
Ur-vass;Ur-vass
Ur-zek;Ur-zek
Urbi;Urbi
Uri;Uri
Urium Shade;Urium-sävy
Urium Shadow;Urium varjo
Usi;Usi
Utrec;Utrec
Uurrak quo Narga;Uurrak quo Narga
Uwogo;Uwogo
Uyoro;Uyoro
Vaeringk;Vaeringk
Vaire;Vaire
Valaine;Valaine
Valantay Eppel (medium);Valantay Eppel (keskikokoinen)
Valentin Rasputin;Valentin Rasputin
Valentina Diaemus;Valentina Diaemus
Valeria;Valeria
Valgerd;Valgerd
Vallessia Dracyula;Vallessia Dracyula
Vallessia von Pitt;Vallessia von Pitt
Vampyre Juvenile;Nuori vampyyri
Vampyre Juvinate;Vampyyri Juvinate
Vampyressa van Von;Vampyressa van von
Vampyric hound;Vampyyrikoira
Vampyrus Diaemus;Vampyrus Diaemus
Vanescula Drakan;Vanescula Drakan
Vanessa;Vanessa
Vanguard;Vanguard
Vanligga Gastfrihet;Vanligga Gastfrihet
Vannah;Vannah
Vannaka;Vannaka
Vanstrom Klause;Vanström Klause
Varrian Sobak;Varrian Sobak
Vasa Minirio;Vasa Minirio
Vasa Nistirio;Vasa Nistirio
Vasile;Vasile
Vasquen;Vasquen
Veliaf Hurtz;Veliaf Hurtz
Velorina;Velorina
Velrak the explorer;Tutkija Velrak
Venenatis;Venenatis
Venenatis spiderling;Venenatis hämähäkki
Veos;Veos
Vera;Vera
Verac the Defiled;Verac the Defiled
Verak;Verak
Vermundi;Vermundi
Veronica;Veronica
Vertida Sefalatis;Vertida Sefalatis
Verzik Vitur;Verzik Vitur
Vespina;Vespina
Vespine soldier;Vespine sotilas
Vespula;Vespula
Vestri;Vestri
Vet'ion;Vet'ion
Vet'ion Jr.;Vet'ion Jr.
Vet'ion Reborn;Vet'ion Reborn
Victor;Victor
Vigr;Vigr
Vigroy;Vigroy
Villager;Kyläläinen
Villia;Villia
Violetta Sanguine;Violetta Sanguine
Vitreous Jelly;Lasimainen hyytelö
Vitreous warped Jelly;Lasimainen vääntynyt Jelly
Viyeldi;Viyeldi
Vlad Bechstein;Vlad Bechstein
Vlad Diaemus;Vlad Diaemus
Vladimir;Vladimir
Voice of Yama;Yaman ääni
Void Knight;Tyhjä ritari
Volf Olafson;Volf Olafson
Von van Von;Von van Von
Vonnetta Varnis;Vonnetta Varnis
Vorkath;Vorkath
Vorki;Vorki
Vormar Vakan;Vormar Vakan
Vornas quo Maten;Vornas quo Maten
Vortas quo Keran;Vortas quo Keran
Vritra;Vritra
Vulcan Orvoros;Vulcan Orvoros
Vulture;Korppikotka
Vyre Orator;Vyre Puhuja
Vyrelady;Vyrelady
Vyrelord;Vyrelord
Vyrewatch;Vyrewatch
Vyrewatch Sentinel;Vyrewatch Sentinel
Wagchin;Wagchin
Wall beast;Seinä peto
Wallasalki;Wallasalki
Wally;Wally
Wanderer;Vaeltaja
Wandering impling;Vaeltava impling
Warped Jelly;Vääntynyt Jelly
Warrior;Soturi
Warrior of Murahs;Murahsin soturi
Warrior woman;Soturi nainen
Watchman;Vartija
Watchtower Wizard;Vartiotornin velho
Water elemental;Vesielementti
Water wizard;Vesi velho
Waterfiend;Vesiystävä
Watson;Watson
Waydar;Waydar
Waymottin;Waymottin
Wayne;Wayne
Weakened Delrith;Heikentynyt Delrith
Weaponsmaster;Asemestari
Weird Old Man;Outo Vanhus
Well-armed Foe;Hyvin aseistettu vihollinen
Wemund;Wemund
Wengra quo Sihar;Wengra quo Sihar
Werewolf;Ihmissusi
Wesley;Wesley
Weve;Weve
Whirlpool;Whirlpool
White Chisel Director;White Chisel johtaja
White Chisel Secretary;White Chisel sihteeri
White Knight;Valkoinen ritari
White golem;Valkoinen golem
White wolf;Valkoinen susi
Wild dog;Villi koira
Wild kebbit;Villi kebbit
Will o' the wisp;Will o' the wisp
William;William
Willow;Paju
Wilough;Wilough
Wilson;Wilson
Wily cat;Viisas kissa
Wily hellcat;Viisas helvetinkissa
Winelda;Winelda
Wingman Skree;Wingman Skree
Wingstone;Wingstone
Winkin;Silmänisku
Winter Elemental;Winter Elemental
Winter Soldier;Talven sotilas
Wintertoad;Wintertoad
Wise Old Man;Viisas Vanhus
Wise Young Man;Viisas Nuori Mies
Wiskit;Wiskit
Wistan;Wistan
Witch;Noita
Witch's cat;Noidan kissa
Witch's experiment;Noidan kokeilu
Witch's experiment (fourth form);Noidan kokeilu (neljäs muoto)
Witch's experiment (fourth form) (hard);Noidan kokeilu (neljäs muoto) (kova)
Witch's experiment (hard);Noidan kokeilu (kova)
Witch's experiment (second form);Noidan kokeilu (toinen muoto)
Witch's experiment (second form) (hard);Noidan kokeilu (toinen muoto) (kova)
Witch's experiment (third form);Noitakoe (kolmas muoto)
Witch's experiment (third form) (hard);Noidan kokeilu (kolmas muoto) (kova)
Witchaven villager;Witchavenin kyläläinen
Wizard;Ohjattu toiminto
Wizard Akutha;Velho Akutha
Wizard Cromperty;Wizard Cromperty
Wizard Distentor;Wizard Distentor
Wizard Frumscone;Velho Frumscone
Wizard Grayzag;Velho Grayzag
Wizard Mizgog;Velho Mizgog
Wizard Sinina;Velho Sinina
Wolf;Susi
Wolfbone;Wolfbone
Woman;Nainen
Woman-at-arms (hard);Nainen käsivarsissa (kova)
Wood Dryad;Puinen Dryad
Woodsman tutor;Woodsman opettaja
Workman;Työmies
Wormbrain;matoaivot
Wounded soldier;Haavoittunut sotilas
Wurbel;Wurbel
Wydin;Wydin
Wyrm;Wyrm
Wyson the gardener;Wyson puutarhuri
Wyvern display;Wyvern näyttö
Xamphur;Xamphur
Xarpus;Xarpus
Xorrah quo Sihar;Xorrah quo Sihar
Yadviga;Yadviga
Yak;Jak
Yanni Salika;Yanni Salika
Yarsul;Yarsul
Yellow Fortune Director;Yellow Fortune -johtaja
Yellow Fortune Secretary;Keltainen Fortune Secretary
Yellow Sheep;Keltainen lammas
Yellow Snow;Keltainen lumi
Yenrab;Yenrab
Yeti;Lumimies
Ymladd;Ymladd
Yohnus;Yohnus
Young 'un;Nuori 'un
Young impling;Nuori impling
Youngllef;Youngllef
Yrsa;Yrsa
Ysbeid;Ysbeid
Ysgawyn;Ysgawyn
Ystwyth;Ystwyth
Yt-HurKot;Yt-HurKot
Yt-MejKot;Yt-MejKot
Yulf Squecks;Yulf Squecks
Yuri;Juri
Zakl'n Gritch;Zakl'n Gritch
Zalcano;Zalcano
Zamorak crafter;Zamorak käsityöläinen
Zamorak mage;Zamorak taikuri
Zamorak ranger;Zamorak metsänvartija
Zamorak warrior;Zamorak soturi
Zamorak wizard;Zamorak velho
Zogre;Zogre
Zoja;Zoja
Zombie;Zombie
Zombie pirate;Zombie-merirosvo
Zombie rat;Zombie rotta
Zombie swab;Zombie-puikko
Zombies Champion;Zombien mestari
Zombified Spawn;Zombified Spawn
Zulrah;Zulrah
Zygomite;Tsygomiitti
